--
-- PostgreSQL database dump
--

-- Dumped from database version 15.7
-- Dumped by pg_dump version 16.3

-- Started on 2025-05-14 14:02:54

SET statement_timeout = 0;
SET lock_timeout = 0;
SET idle_in_transaction_session_timeout = 0;
SET client_encoding = 'UTF8';
SET standard_conforming_strings = on;
SELECT pg_catalog.set_config('search_path', '', false);
SET check_function_bodies = false;
SET xmloption = content;
SET client_min_messages = warning;
SET row_security = off;

SET default_table_access_method = heap;

--
-- TOC entry 221 (class 1259 OID 18416)
-- Name: auth_group; Type: TABLE; Schema: public; Owner: -
--

CREATE TABLE public.auth_group (
    id integer NOT NULL,
    name character varying(150) NOT NULL
);


--
-- TOC entry 220 (class 1259 OID 18415)
-- Name: auth_group_id_seq; Type: SEQUENCE; Schema: public; Owner: -
--

ALTER TABLE public.auth_group ALTER COLUMN id ADD GENERATED BY DEFAULT AS IDENTITY (
    SEQUENCE NAME public.auth_group_id_seq
    START WITH 1
    INCREMENT BY 1
    NO MINVALUE
    NO MAXVALUE
    CACHE 1
);


--
-- TOC entry 223 (class 1259 OID 18424)
-- Name: auth_group_permissions; Type: TABLE; Schema: public; Owner: -
--

CREATE TABLE public.auth_group_permissions (
    id bigint NOT NULL,
    group_id integer NOT NULL,
    permission_id integer NOT NULL
);


--
-- TOC entry 222 (class 1259 OID 18423)
-- Name: auth_group_permissions_id_seq; Type: SEQUENCE; Schema: public; Owner: -
--

ALTER TABLE public.auth_group_permissions ALTER COLUMN id ADD GENERATED BY DEFAULT AS IDENTITY (
    SEQUENCE NAME public.auth_group_permissions_id_seq
    START WITH 1
    INCREMENT BY 1
    NO MINVALUE
    NO MAXVALUE
    CACHE 1
);


--
-- TOC entry 219 (class 1259 OID 18410)
-- Name: auth_permission; Type: TABLE; Schema: public; Owner: -
--

CREATE TABLE public.auth_permission (
    id integer NOT NULL,
    name character varying(255) NOT NULL,
    content_type_id integer NOT NULL,
    codename character varying(100) NOT NULL
);


--
-- TOC entry 218 (class 1259 OID 18409)
-- Name: auth_permission_id_seq; Type: SEQUENCE; Schema: public; Owner: -
--

ALTER TABLE public.auth_permission ALTER COLUMN id ADD GENERATED BY DEFAULT AS IDENTITY (
    SEQUENCE NAME public.auth_permission_id_seq
    START WITH 1
    INCREMENT BY 1
    NO MINVALUE
    NO MAXVALUE
    CACHE 1
);


--
-- TOC entry 236 (class 1259 OID 18545)
-- Name: booking_booking; Type: TABLE; Schema: public; Owner: -
--

CREATE TABLE public.booking_booking (
    id bigint NOT NULL,
    start_datetime timestamp with time zone NOT NULL,
    end_datetime timestamp with time zone NOT NULL,
    reservation_code character varying(50) NOT NULL,
    status character varying(20) NOT NULL,
    paid boolean NOT NULL,
    parkingzone_id bigint NOT NULL,
    user_id bigint NOT NULL,
    penalty numeric(10,2) NOT NULL,
    price numeric(10,2) NOT NULL
);


--
-- TOC entry 235 (class 1259 OID 18544)
-- Name: booking_booking_id_seq; Type: SEQUENCE; Schema: public; Owner: -
--

ALTER TABLE public.booking_booking ALTER COLUMN id ADD GENERATED BY DEFAULT AS IDENTITY (
    SEQUENCE NAME public.booking_booking_id_seq
    START WITH 1
    INCREMENT BY 1
    NO MINVALUE
    NO MAXVALUE
    CACHE 1
);


--
-- TOC entry 238 (class 1259 OID 26759)
-- Name: booking_fine; Type: TABLE; Schema: public; Owner: -
--

CREATE TABLE public.booking_fine (
    id bigint NOT NULL,
    amount numeric(10,2) NOT NULL,
    issued_at timestamp with time zone NOT NULL,
    reason text NOT NULL,
    is_paid boolean NOT NULL,
    booking_id bigint NOT NULL
);


--
-- TOC entry 237 (class 1259 OID 26758)
-- Name: booking_fine_id_seq; Type: SEQUENCE; Schema: public; Owner: -
--

ALTER TABLE public.booking_fine ALTER COLUMN id ADD GENERATED BY DEFAULT AS IDENTITY (
    SEQUENCE NAME public.booking_fine_id_seq
    START WITH 1
    INCREMENT BY 1
    NO MINVALUE
    NO MAXVALUE
    CACHE 1
);


--
-- TOC entry 225 (class 1259 OID 18456)
-- Name: booking_parkingzone; Type: TABLE; Schema: public; Owner: -
--

CREATE TABLE public.booking_parkingzone (
    id bigint NOT NULL,
    name character varying(100) NOT NULL,
    address text NOT NULL,
    total_places integer NOT NULL,
    tariff_per_hour numeric(10,2) NOT NULL,
    is_available boolean NOT NULL,
    photo character varying(100),
    latitude numeric(9,6),
    longitude numeric(9,6),
    barrier_ip inet,
    owner_id bigint,
    is_visible boolean NOT NULL,
    CONSTRAINT booking_parkingzone_total_places_check CHECK ((total_places >= 0))
);


--
-- TOC entry 224 (class 1259 OID 18455)
-- Name: booking_parkingzone_id_seq; Type: SEQUENCE; Schema: public; Owner: -
--

ALTER TABLE public.booking_parkingzone ALTER COLUMN id ADD GENERATED BY DEFAULT AS IDENTITY (
    SEQUENCE NAME public.booking_parkingzone_id_seq
    START WITH 1
    INCREMENT BY 1
    NO MINVALUE
    NO MAXVALUE
    CACHE 1
);


--
-- TOC entry 240 (class 1259 OID 26795)
-- Name: booking_review; Type: TABLE; Schema: public; Owner: -
--

CREATE TABLE public.booking_review (
    id bigint NOT NULL,
    rating integer NOT NULL,
    comment text NOT NULL,
    created_at timestamp with time zone NOT NULL,
    parking_id bigint NOT NULL,
    user_id bigint NOT NULL,
    CONSTRAINT booking_review_rating_check CHECK ((rating >= 0))
);


--
-- TOC entry 239 (class 1259 OID 26794)
-- Name: booking_review_id_seq; Type: SEQUENCE; Schema: public; Owner: -
--

ALTER TABLE public.booking_review ALTER COLUMN id ADD GENERATED BY DEFAULT AS IDENTITY (
    SEQUENCE NAME public.booking_review_id_seq
    START WITH 1
    INCREMENT BY 1
    NO MINVALUE
    NO MAXVALUE
    CACHE 1
);


--
-- TOC entry 227 (class 1259 OID 18465)
-- Name: booking_user; Type: TABLE; Schema: public; Owner: -
--

CREATE TABLE public.booking_user (
    id bigint NOT NULL,
    password character varying(128) NOT NULL,
    last_login timestamp with time zone,
    is_superuser boolean NOT NULL,
    email character varying(254) NOT NULL,
    car_number character varying(20),
    is_active boolean NOT NULL,
    is_staff boolean NOT NULL,
    is_blocked boolean NOT NULL,
    date_joined timestamp with time zone NOT NULL,
    account_type character varying(20),
    company_name character varying(255),
    inn character varying(20),
    is_verified boolean NOT NULL,
    passport_data character varying(255),
    phone_number character varying(20)
);


--
-- TOC entry 229 (class 1259 OID 18473)
-- Name: booking_user_groups; Type: TABLE; Schema: public; Owner: -
--

CREATE TABLE public.booking_user_groups (
    id bigint NOT NULL,
    user_id bigint NOT NULL,
    group_id integer NOT NULL
);


--
-- TOC entry 228 (class 1259 OID 18472)
-- Name: booking_user_groups_id_seq; Type: SEQUENCE; Schema: public; Owner: -
--

ALTER TABLE public.booking_user_groups ALTER COLUMN id ADD GENERATED BY DEFAULT AS IDENTITY (
    SEQUENCE NAME public.booking_user_groups_id_seq
    START WITH 1
    INCREMENT BY 1
    NO MINVALUE
    NO MAXVALUE
    CACHE 1
);


--
-- TOC entry 226 (class 1259 OID 18464)
-- Name: booking_user_id_seq; Type: SEQUENCE; Schema: public; Owner: -
--

ALTER TABLE public.booking_user ALTER COLUMN id ADD GENERATED BY DEFAULT AS IDENTITY (
    SEQUENCE NAME public.booking_user_id_seq
    START WITH 1
    INCREMENT BY 1
    NO MINVALUE
    NO MAXVALUE
    CACHE 1
);


--
-- TOC entry 231 (class 1259 OID 18479)
-- Name: booking_user_user_permissions; Type: TABLE; Schema: public; Owner: -
--

CREATE TABLE public.booking_user_user_permissions (
    id bigint NOT NULL,
    user_id bigint NOT NULL,
    permission_id integer NOT NULL
);


--
-- TOC entry 230 (class 1259 OID 18478)
-- Name: booking_user_user_permissions_id_seq; Type: SEQUENCE; Schema: public; Owner: -
--

ALTER TABLE public.booking_user_user_permissions ALTER COLUMN id ADD GENERATED BY DEFAULT AS IDENTITY (
    SEQUENCE NAME public.booking_user_user_permissions_id_seq
    START WITH 1
    INCREMENT BY 1
    NO MINVALUE
    NO MAXVALUE
    CACHE 1
);


--
-- TOC entry 233 (class 1259 OID 18514)
-- Name: django_admin_log; Type: TABLE; Schema: public; Owner: -
--

CREATE TABLE public.django_admin_log (
    id integer NOT NULL,
    action_time timestamp with time zone NOT NULL,
    object_id text,
    object_repr character varying(200) NOT NULL,
    action_flag smallint NOT NULL,
    change_message text NOT NULL,
    content_type_id integer,
    user_id bigint NOT NULL,
    CONSTRAINT django_admin_log_action_flag_check CHECK ((action_flag >= 0))
);


--
-- TOC entry 232 (class 1259 OID 18513)
-- Name: django_admin_log_id_seq; Type: SEQUENCE; Schema: public; Owner: -
--

ALTER TABLE public.django_admin_log ALTER COLUMN id ADD GENERATED BY DEFAULT AS IDENTITY (
    SEQUENCE NAME public.django_admin_log_id_seq
    START WITH 1
    INCREMENT BY 1
    NO MINVALUE
    NO MAXVALUE
    CACHE 1
);


--
-- TOC entry 217 (class 1259 OID 18402)
-- Name: django_content_type; Type: TABLE; Schema: public; Owner: -
--

CREATE TABLE public.django_content_type (
    id integer NOT NULL,
    app_label character varying(100) NOT NULL,
    model character varying(100) NOT NULL
);


--
-- TOC entry 216 (class 1259 OID 18401)
-- Name: django_content_type_id_seq; Type: SEQUENCE; Schema: public; Owner: -
--

ALTER TABLE public.django_content_type ALTER COLUMN id ADD GENERATED BY DEFAULT AS IDENTITY (
    SEQUENCE NAME public.django_content_type_id_seq
    START WITH 1
    INCREMENT BY 1
    NO MINVALUE
    NO MAXVALUE
    CACHE 1
);


--
-- TOC entry 215 (class 1259 OID 18394)
-- Name: django_migrations; Type: TABLE; Schema: public; Owner: -
--

CREATE TABLE public.django_migrations (
    id bigint NOT NULL,
    app character varying(255) NOT NULL,
    name character varying(255) NOT NULL,
    applied timestamp with time zone NOT NULL
);


--
-- TOC entry 214 (class 1259 OID 18393)
-- Name: django_migrations_id_seq; Type: SEQUENCE; Schema: public; Owner: -
--

ALTER TABLE public.django_migrations ALTER COLUMN id ADD GENERATED BY DEFAULT AS IDENTITY (
    SEQUENCE NAME public.django_migrations_id_seq
    START WITH 1
    INCREMENT BY 1
    NO MINVALUE
    NO MAXVALUE
    CACHE 1
);


--
-- TOC entry 234 (class 1259 OID 18534)
-- Name: django_session; Type: TABLE; Schema: public; Owner: -
--

CREATE TABLE public.django_session (
    session_key character varying(40) NOT NULL,
    session_data text NOT NULL,
    expire_date timestamp with time zone NOT NULL
);


--
-- TOC entry 3470 (class 0 OID 18416)
-- Dependencies: 221
-- Data for Name: auth_group; Type: TABLE DATA; Schema: public; Owner: -
--

COPY public.auth_group (id, name) FROM stdin;
\.


--
-- TOC entry 3472 (class 0 OID 18424)
-- Dependencies: 223
-- Data for Name: auth_group_permissions; Type: TABLE DATA; Schema: public; Owner: -
--

COPY public.auth_group_permissions (id, group_id, permission_id) FROM stdin;
\.


--
-- TOC entry 3468 (class 0 OID 18410)
-- Dependencies: 219
-- Data for Name: auth_permission; Type: TABLE DATA; Schema: public; Owner: -
--

COPY public.auth_permission (id, name, content_type_id, codename) FROM stdin;
1	Can add log entry	1	add_logentry
2	Can change log entry	1	change_logentry
3	Can delete log entry	1	delete_logentry
4	Can view log entry	1	view_logentry
5	Can add permission	2	add_permission
6	Can change permission	2	change_permission
7	Can delete permission	2	delete_permission
8	Can view permission	2	view_permission
9	Can add group	3	add_group
10	Can change group	3	change_group
11	Can delete group	3	delete_group
12	Can view group	3	view_group
13	Can add content type	4	add_contenttype
14	Can change content type	4	change_contenttype
15	Can delete content type	4	delete_contenttype
16	Can view content type	4	view_contenttype
17	Can add session	5	add_session
18	Can change session	5	change_session
19	Can delete session	5	delete_session
20	Can view session	5	view_session
21	Can add parking zone	6	add_parkingzone
22	Can change parking zone	6	change_parkingzone
23	Can delete parking zone	6	delete_parkingzone
24	Can view parking zone	6	view_parkingzone
25	Can add user	7	add_user
26	Can change user	7	change_user
27	Can delete user	7	delete_user
28	Can view user	7	view_user
29	Can add booking	8	add_booking
30	Can change booking	8	change_booking
31	Can delete booking	8	delete_booking
32	Can view booking	8	view_booking
33	Can add fine	9	add_fine
34	Can change fine	9	change_fine
35	Can delete fine	9	delete_fine
36	Can view fine	9	view_fine
37	Can add review	10	add_review
38	Can change review	10	change_review
39	Can delete review	10	delete_review
40	Can view review	10	view_review
\.


--
-- TOC entry 3485 (class 0 OID 18545)
-- Dependencies: 236
-- Data for Name: booking_booking; Type: TABLE DATA; Schema: public; Owner: -
--

COPY public.booking_booking (id, start_datetime, end_datetime, reservation_code, status, paid, parkingzone_id, user_id, penalty, price) FROM stdin;
22	2025-03-21 10:31:00+03	2025-03-21 10:32:00+03	cd838516	finished	t	1	10	0.00	0.00
2	2025-03-12 15:29:00+03	2025-03-12 16:30:00+03	7a193a2a	finished	t	1	10	0.00	0.00
1	2025-03-14 13:00:00+03	2025-03-14 14:00:00+03	e18d4072	finished	t	1	10	0.00	0.00
3	2025-03-14 13:34:00+03	2025-03-14 14:33:00+03	c3fb2305	finished	t	1	10	0.00	0.00
23	2025-03-21 11:30:00+03	2025-03-21 11:31:00+03	63e48687	finished	t	1	10	0.00	0.00
4	2025-03-14 16:21:00+03	2025-03-14 16:23:00+03	14094765	finished	t	1	10	0.00	0.00
5	2025-03-14 16:46:00+03	2025-03-14 16:47:00+03	c38927aa	finished	t	1	10	0.00	0.00
33	2025-03-21 14:29:00+03	2025-03-21 14:33:00+03	2542986e	finished	t	1	10	0.00	0.00
6	2025-03-17 12:17:00+03	2025-03-17 12:21:00+03	3d41ddf4	finished	t	1	13	0.00	0.00
7	2025-03-17 12:41:00+03	2025-03-17 12:43:00+03	348e1b68	finished	t	1	10	0.00	0.00
8	2025-03-17 12:49:00+03	2025-03-17 13:48:00+03	b10d2a86	finished	t	1	10	0.00	0.00
48	2025-03-22 18:21:00+03	2025-03-22 18:32:00+03	b0d9a16c	finished	t	1	10	0.00	3.33
9	2025-03-17 14:56:00+03	2025-03-17 14:57:00+03	1ce5f85c	finished	t	1	10	0.00	0.00
34	2025-03-21 14:33:00+03	2025-03-21 14:34:00+03	c53d16f9	finished	t	1	10	0.00	0.00
10	2025-03-18 13:03:00+03	2025-03-18 13:05:00+03	935974d9	finished	t	1	10	0.00	0.00
59	2025-03-23 15:02:00+03	2025-03-23 15:13:00+03	601d8636	finished	t	1	10	0.00	3.33
11	2025-03-18 13:05:00+03	2025-03-18 13:06:00+03	5df09bb9	finished	t	1	10	0.00	0.00
35	2025-03-21 14:36:00+03	2025-03-21 14:37:00+03	273124ed	finished	t	1	10	0.00	0.00
12	2025-03-18 13:43:00+03	2025-03-18 13:44:00+03	5507cc05	finished	t	1	10	0.00	0.00
24	2025-03-21 11:33:00+03	2025-03-21 12:14:00+03	0129bced	finished	t	1	10	0.00	0.00
13	2025-03-18 13:44:00+03	2025-03-18 13:46:00+03	95d26163	finished	t	1	10	0.00	0.00
42	2025-03-21 17:43:00+03	2025-03-21 17:54:00+03	7ec4b728	finished	t	1	10	0.00	0.00
36	2025-03-21 14:52:00+03	2025-03-21 14:53:00+03	1272cb3a	finished	t	1	10	0.00	0.00
14	2025-03-18 14:04:00+03	2025-03-18 14:05:00+03	87f346e7	finished	t	1	10	0.00	0.00
25	2025-03-21 12:13:00+03	2025-03-21 12:14:00+03	37c6f806	finished	t	1	10	0.00	0.00
15	2025-03-18 15:10:00+03	2025-03-18 15:11:00+03	71a48bda	finished	t	1	10	0.00	0.00
16	2025-03-18 15:14:00+03	2025-03-18 15:15:00+03	fa704a78	finished	t	1	10	0.00	0.00
41	2025-03-21 17:40:00+03	2025-03-21 17:51:00+03	f52b5d50	finished	t	1	10	0.00	0.00
17	2025-03-18 15:20:00+03	2025-03-18 15:23:00+03	eb45fcf7	finished	t	1	10	0.00	0.00
26	2025-03-21 12:21:00+03	2025-03-21 12:22:00+03	515a77a6	finished	t	2	10	0.00	0.00
19	2025-03-18 17:31:00+03	2025-03-19 20:30:00+03	372c6eb7	finished	t	1	10	0.00	0.00
57	2025-03-23 13:49:00+03	2025-03-23 14:00:00+03	2b24934d	finished	t	1	10	0.00	3.33
18	2025-03-18 17:04:00+03	2025-03-18 22:07:00+03	553d0f8c	finished	t	1	10	0.00	0.00
20	2025-03-18 17:35:00+03	2025-03-20 20:33:00+03	489003cd	finished	t	1	10	0.00	0.00
27	2025-03-21 12:32:00+03	2025-03-21 12:33:00+03	b14e7017	finished	t	1	10	0.00	0.00
21	2025-03-21 10:29:00+03	2025-03-21 10:30:00+03	f0f24ced	finished	t	1	10	0.00	0.00
37	2025-03-21 14:54:00+03	2025-03-21 15:35:00+03	906ec1da	finished	t	1	10	0.00	0.00
28	2025-03-21 12:48:00+03	2025-03-21 12:49:00+03	f73290be	finished	t	1	10	0.00	0.00
43	2025-03-21 17:50:00+03	2025-03-21 17:51:00+03	d73309e0	finished	t	1	10	0.00	0.00
44	2025-03-21 17:58:00+03	2025-03-21 17:59:00+03	7855782d	finished	t	1	10	0.00	0.00
38	2025-03-21 15:45:00+03	2025-03-21 15:56:00+03	c1a09720	finished	t	1	10	0.00	0.00
30	2025-03-21 13:03:00+03	2025-03-21 13:14:00+03	80f71013	finished	t	1	10	33.33	0.00
29	2025-03-21 14:01:00+03	2025-03-21 14:02:00+03	e22166db	finished	t	1	10	33.33	0.00
45	2025-03-22 15:00:00+03	2025-03-22 15:01:00+03	2efa190e	finished	t	1	10	0.00	3.33
31	2025-03-21 14:20:00+03	2025-03-21 14:21:00+03	cc97d812	finished	t	1	10	0.00	0.00
39	2025-03-21 17:06:00+03	2025-03-21 17:07:00+03	77b1716a	finished	t	1	10	0.00	0.00
32	2025-03-21 14:22:00+03	2025-03-21 14:23:00+03	621eb12f	finished	t	1	10	0.00	0.00
49	2025-03-23 12:42:00+03	2025-03-23 12:53:00+03	28afc02d	finished	t	1	10	0.00	3.33
46	2025-03-22 17:10:00+03	2025-03-22 17:11:00+03	680a6ddb	finished	t	1	10	0.00	3.33
40	2025-03-21 17:09:00+03	2025-03-21 17:20:00+03	4c6c2dd8	finished	t	2	10	0.00	0.00
54	2025-03-23 13:27:00+03	2025-03-23 13:38:00+03	f0fa2df1	finished	t	1	10	0.00	3.33
50	2025-03-23 13:12:00+03	2025-03-23 13:13:00+03	36ee5395	finished	t	1	10	0.00	3.33
47	2025-03-22 18:07:00+03	2025-03-22 18:19:00+03	e3c3e84c	finished	t	1	10	0.00	6.67
61	2025-03-23 16:54:00+03	2025-03-23 16:55:00+03	7e5a8219	finished	t	1	10	0.00	3.33
51	2025-03-23 13:17:00+03	2025-03-23 13:18:00+03	315276ed	finished	t	1	10	0.00	3.33
65	2025-03-28 15:34:00+03	2025-03-28 15:35:00+03	58fc2037	finished	t	1	10	0.00	3.33
55	2025-03-23 13:29:00+03	2025-03-23 13:30:00+03	13bf6ec6	finished	t	1	10	0.00	3.33
64	2025-03-28 15:33:00+03	2025-03-28 15:34:00+03	30a2ea83	finished	t	1	10	0.00	3.33
52	2025-03-23 13:19:00+03	2025-03-23 13:20:00+03	c67cc9a9	finished	t	1	10	0.00	3.33
53	2025-03-23 13:20:00+03	2025-03-23 13:21:00+03	1b20ea20	finished	t	1	10	0.00	3.33
56	2025-03-23 13:46:00+03	2025-03-23 13:47:00+03	7a873184	finished	t	1	10	0.00	3.33
58	2025-03-23 14:19:00+03	2025-03-23 14:30:00+03	78e5a18f	finished	t	1	10	0.00	3.33
63	2025-03-25 12:48:00+03	2025-03-25 12:59:00+03	e623dc8d	finished	t	1	10	0.00	3.33
60	2025-03-23 15:13:00+03	2025-03-23 15:24:00+03	3b330654	finished	t	1	10	0.00	3.33
62	2025-03-25 12:31:00+03	2025-03-25 12:42:00+03	49b553b6	finished	t	1	10	0.00	3.33
68	2025-03-28 15:39:00+03	2025-03-28 15:40:00+03	57a68445	finished	t	1	10	0.00	3.33
67	2025-03-29 15:39:00+03	2025-04-04 15:40:00+03	3e1d4200	finished	t	1	10	0.00	28803.33
66	2025-03-28 15:38:00+03	2025-03-28 15:39:00+03	3901388c	finished	t	1	10	0.00	3.33
70	2025-03-30 14:08:00+03	2025-03-30 14:09:00+03	acb8eb6b	finished	t	1	10	0.00	3.33
71	2025-03-31 13:06:00+03	2025-03-31 13:17:00+03	72be96c7	finished	t	1	10	0.00	3.33
73	2025-04-02 11:59:00+03	2025-04-02 12:00:00+03	2bc241a6	finished	t	1	10	0.00	3.33
72	2025-04-02 00:33:00+03	2025-04-02 00:34:00+03	e39880e8	finished	t	1	10	0.00	3.33
75	2025-04-02 12:07:00+03	2025-04-02 12:08:00+03	d5f8e1fe	finished	t	1	10	0.00	3.33
69	2025-03-30 13:51:00+03	2025-04-05 13:51:00+03	03745d4b	finished	t	1	10	0.00	28800.00
74	2025-04-02 12:06:00+03	2025-04-02 12:07:00+03	c5392eb0	finished	t	1	10	0.00	3.33
90	2025-05-01 13:50:00+03	2025-05-01 13:51:00+03	3dc8a035	finished	t	1	10	0.00	0.83
91	2025-05-01 13:54:00+03	2025-05-01 13:55:00+03	8376101e	finished	t	1	10	0.00	0.83
92	2025-05-01 14:00:00+03	2025-05-01 14:01:00+03	cd897a04	finished	t	1	10	0.00	0.83
93	2025-05-01 14:02:00+03	2025-05-01 14:03:00+03	1df97636	finished	t	2	10	0.00	1.67
95	2025-05-02 16:10:00+03	2025-05-02 16:11:00+03	c754fc9a	finished	t	1	10	0.00	0.83
94	2025-05-01 14:08:00+03	2025-05-01 18:09:00+03	4eaa536d	finished	t	2	10	0.00	1.67
76	2025-04-02 12:14:00+03	2025-04-09 22:35:00+03	32d00175	finished	t	1	10	0.00	3.33
77	2025-04-09 21:53:00+03	2025-04-09 21:56:00+03	28ad8a18	finished	t	1	10	0.00	10.00
79	2025-04-17 18:06:00+03	2025-04-17 18:10:00+03	4105f3ba	finished	t	1	10	0.00	13.33
78	2025-04-17 17:43:00+03	2025-04-17 17:45:00+03	2efe7236	finished	t	1	10	0.00	6.67
97	2025-05-02 16:19:00+03	2025-05-02 16:20:00+03	806248b3	finished	t	1	10	0.00	0.83
80	2025-04-17 18:27:00+03	2025-04-17 18:30:00+03	de5028d5	finished	t	1	10	0.00	2.50
81	2025-04-17 18:30:00+03	2025-04-17 18:33:00+03	92751f5f	finished	t	1	10	0.00	2.50
98	2025-05-02 16:21:00+03	2025-05-02 16:22:00+03	4cc20117	finished	t	1	10	0.00	0.83
83	2025-04-18 08:55:00+03	2025-04-18 13:58:00+03	0fbebf9a	finished	t	1	10	0.00	252.50
84	2025-04-24 13:58:00+03	2025-04-24 13:59:00+03	ab6b7a72	finished	t	2	10	0.00	1.67
85	2025-04-24 14:12:00+03	2025-04-24 14:14:00+03	806a38ce	finished	t	2	10	0.00	3.33
82	2025-04-17 18:36:00+03	2025-04-24 18:38:00+03	980e9242	finished	t	1	10	0.00	8401.67
99	2025-05-02 16:24:00+03	2025-05-02 16:25:00+03	8ba16254	finished	t	1	10	0.00	0.83
96	2025-05-02 16:12:00+03	2025-05-02 16:23:00+03	3182aabc	finished	t	2	10	16.67	1.67
86	2025-04-29 12:26:00+03	2025-04-29 12:28:00+03	262bf65e	finished	t	1	10	0.00	1.67
100	2025-05-12 13:17:00+03	2025-05-12 13:18:00+03	5b110755	finished	t	1	10	0.00	0.83
87	2025-05-01 13:08:00+03	2025-05-01 13:09:00+03	2d005f49	finished	t	1	10	0.00	0.83
88	2025-05-01 13:13:00+03	2025-05-01 13:17:00+03	dd9f5f46	finished	t	1	10	0.00	3.33
89	2025-05-01 13:43:00+03	2025-05-01 13:44:00+03	9fa2cbba	finished	t	1	10	0.00	0.83
\.


--
-- TOC entry 3487 (class 0 OID 26759)
-- Dependencies: 238
-- Data for Name: booking_fine; Type: TABLE DATA; Schema: public; Owner: -
--

COPY public.booking_fine (id, amount, issued_at, reason, is_paid, booking_id) FROM stdin;
1	33.33	2025-03-23 15:14:16.373629+03	Просрочка оплачена пользователем	t	60
2	33.33	2025-03-25 12:32:11.468029+03	Просрочка оплачена пользователем	t	62
3	33.33	2025-03-25 12:51:08.06908+03	Просрочка оплачена пользователем	t	63
4	33.33	2025-03-31 13:07:04.835822+03	Просрочка оплачена пользователем	t	71
5	33.33	2025-04-02 12:15:16.250469+03	Просрочка оплачена пользователем	t	76
6	325.98	2025-05-01 17:24:35.308864+03	Просрочка более 40 минут	t	94
7	16.67	2025-05-02 16:13:33.495477+03	Просрочка менее 10 минут	t	96
\.


--
-- TOC entry 3474 (class 0 OID 18456)
-- Dependencies: 225
-- Data for Name: booking_parkingzone; Type: TABLE DATA; Schema: public; Owner: -
--

COPY public.booking_parkingzone (id, name, address, total_places, tariff_per_hour, is_available, photo, latitude, longitude, barrier_ip, owner_id, is_visible) FROM stdin;
3	Парковка во дворе Фили	Москва, Багратионовский проезд, 1с1	8	30.00	f		55.745272	37.511506	\N	10	t
4	Парковка West Plaza	WestPlaza Проектируемый пр-д №5320 д26с2	12	60.00	f		55.695465	37.421332	192.168.1.8	10	t
1	Парковка на Ленина	Москва, Новомосковский административный округ, район Внуково, посёлок Толстопальцево, улица Ленина	15	50.00	t	parking_photos/download.jfif	55.616290	37.208255	192.168.115.55	\N	t
2	Парковка рядом с бизнес-центром "Саратов"	Москва, Саратовская улица, 21с4	20	100.00	t	parking_photos/Снимок_экрана_9-4-2025_232111_yandex_c2NrOiw.ru.jpeg	55.716103	37.739689	192.168.115.252	10	t
\.


--
-- TOC entry 3489 (class 0 OID 26795)
-- Dependencies: 240
-- Data for Name: booking_review; Type: TABLE DATA; Schema: public; Owner: -
--

COPY public.booking_review (id, rating, comment, created_at, parking_id, user_id) FROM stdin;
1	5	Всё отлично, парковка чистая, асфальт ровный, на уровне.	2025-05-01 12:33:05.832575+03	1	10
\.


--
-- TOC entry 3476 (class 0 OID 18465)
-- Dependencies: 227
-- Data for Name: booking_user; Type: TABLE DATA; Schema: public; Owner: -
--

COPY public.booking_user (id, password, last_login, is_superuser, email, car_number, is_active, is_staff, is_blocked, date_joined, account_type, company_name, inn, is_verified, passport_data, phone_number) FROM stdin;
1305	pbkdf2_sha256$870000$zg64MJpvZR1aGyDzbkJdqP$m26ZCcwUFY+sbs6tnjcKW+n9GNrcwmBIKAkolQsYQXc=	\N	f	patelryan@example.net	450 FNQ	t	f	f	2025-04-15 14:50:44.138131+03	\N	\N	\N	f	\N	\N
40	pbkdf2_sha256$870000$TGZwSoIy5kd0wdKV0nmOiO$W7fDz1NWz6z5ZRBr2sztbjHjT2Mnlj1OnH1MbBHOArk=	\N	f	woodsmatthew@example.org	194-BXX	f	f	f	2025-04-15 14:50:44.138131+03	\N	\N	\N	f	\N	\N
41	pbkdf2_sha256$870000$oyGCr7TGqZYn7IjOR3nZ5S$XliXGe8CsWhr7Uy0emdezNGW1ml2lvQQDgpm9Vb0qJw=	\N	f	burkemichael@example.com	642U	f	f	f	2025-04-15 14:50:44.138131+03	\N	\N	\N	f	\N	\N
42	pbkdf2_sha256$870000$esjjQr1zejt5K4gQzL2Al8$WkLRm+dDq1fbT0e6VCR3+dYDknCeueZIXSPt4o3Q3Z4=	\N	f	fred31@example.com	7ME9168	f	f	f	2025-04-15 14:50:44.138131+03	\N	\N	\N	f	\N	\N
43	pbkdf2_sha256$870000$fFUDA2PcdQMuXCXlBHu3cR$qUxyvRC2jeRqtUPuZB6qZHJXgRt1jEoVYpI2XmDRB68=	\N	f	ashley90@example.org	UH1 2132	f	f	f	2025-04-15 14:50:44.138131+03	\N	\N	\N	f	\N	\N
44	pbkdf2_sha256$870000$GSne9KbnlGZ9Z3WuSZE0th$/8a4kvOeSBDTe10UhwOYXos1YlL/lyfmIXSctmDm8O4=	\N	f	fsmith@example.org	151 4HA	f	f	f	2025-04-15 14:50:44.138131+03	\N	\N	\N	f	\N	\N
45	pbkdf2_sha256$870000$S0By0FfI8i7Y86Qo3dAhrJ$6ZvD4a9QhWjmKTbS68lnvQRqlRubDS7cXH7p/ly4Bg4=	\N	f	brentmason@example.net	82-O136	f	f	f	2025-04-15 14:50:44.138131+03	\N	\N	\N	f	\N	\N
46	pbkdf2_sha256$870000$zq0vehXSmIrPtlivBGA15s$X9jueiyvyPp97+zWrHekz1hAQaaY2lmBvZPuUOaNwJg=	\N	f	jensenmichael@example.org	IKH 064	f	f	f	2025-04-15 14:50:44.138131+03	\N	\N	\N	f	\N	\N
47	pbkdf2_sha256$870000$2DT6ycU1pD9cBFUX411LSW$vNpHSTA7M7mhJSlQcLT2PKj03fQgXMp55Ev7OcvJtyA=	\N	f	mileskaren@example.com	3MO W85	f	f	f	2025-04-15 14:50:44.138131+03	\N	\N	\N	f	\N	\N
48	pbkdf2_sha256$870000$FimbDOGKLfuMgIbvwHgNJw$TQ2VHLBV25JtMRfBHHvmIn05So+ax1aPFhnVfJHvmFM=	\N	f	bethany70@example.org	643 KKF	f	f	f	2025-04-15 14:50:44.138131+03	\N	\N	\N	f	\N	\N
49	pbkdf2_sha256$870000$ceHhAqOmAQ0RCejoRf7L77$7dJUaexZMCFNcQ9WnHWJXY2UVRi/ao9l02F3WBftGnk=	\N	f	rebeccahuynh@example.org	9H J1440	f	f	f	2025-04-15 14:50:44.138131+03	\N	\N	\N	f	\N	\N
50	pbkdf2_sha256$870000$PtkBsOaiH6WUrxrdu8Dq6y$ZpkhZi2VM3O5Oaov+mBrZ7VAX8x8IHfCRv8tM8tet+s=	\N	f	alicia82@example.org	099 1440	f	f	f	2025-04-15 14:50:44.138131+03	\N	\N	\N	f	\N	\N
51	pbkdf2_sha256$870000$W8C1dcVbLx5py0DDGV7msl$TaCOU1tbPnvIUL7gLEZYhl0llbcaWPy2Ej2AtWRZUdo=	\N	f	carsonbecky@example.org	538-OQR	f	f	f	2025-04-15 14:50:44.138131+03	\N	\N	\N	f	\N	\N
52	pbkdf2_sha256$870000$Fv4SHfg3Z24TrdRRQEcJzC$Q54XrgNayqy4/myhbPrQO2YYxLSupD5Ry5vAYtSi8Z4=	\N	f	fdonaldson@example.com	99A J01	f	f	f	2025-04-15 14:50:44.138131+03	\N	\N	\N	f	\N	\N
53	pbkdf2_sha256$870000$A3YAk2Ayh5CQOHwQaixfLp$z3G+esCbxjhUMj8EOdtl1lD2kJUXRJQMeqOZn9hzT8E=	\N	f	barbaraprice@example.org	219 DMS	f	f	f	2025-04-15 14:50:44.138131+03	\N	\N	\N	f	\N	\N
54	pbkdf2_sha256$870000$8ENLaTTGvjSUeft9cVVj4f$f/gu0Nnf+iRS/+tvC/WgyjJ/RJybK23raQ7BKWkuVzs=	\N	f	pearsonsteve@example.org	709 FOW	f	f	f	2025-04-15 14:50:44.138131+03	\N	\N	\N	f	\N	\N
14	pbkdf2_sha256$870000$P7BvdSdoYsLscjzru9H6tO$Oj40B7q++GKkferTLFWmmumi5rG/9fots7MonxlPIs0=	\N	f	scott46@example.net	33-UB49	f	f	f	2025-04-15 14:50:44.138131+03	\N	\N	\N	f	\N	\N
15	pbkdf2_sha256$870000$j8WUsLQtfa72rGmirbDVwY$1k5Fl0h2WW3kuTfmj8Ad2C98GQrGuBn4s1ZU3yosZSw=	\N	f	lisastephens@example.net	HZR 122	f	f	f	2025-04-15 14:50:44.138131+03	\N	\N	\N	f	\N	\N
16	pbkdf2_sha256$870000$rbPZzqMe4SC0UHeofCLdk7$zwyO8kyEYjLQGL0zMWpG+xTiFFxmvKhpAJcyt0lem6U=	\N	f	jklein@example.net	524ABB	f	f	f	2025-04-15 14:50:44.138131+03	\N	\N	\N	f	\N	\N
17	pbkdf2_sha256$870000$TIdPqnaOWi8Z4lPBi7BXM8$PgA8MZVR6RPr60pH7WXjkjR2nyaVEZH6klnmW3k48vk=	\N	f	brittney54@example.net	1RO 974	f	f	f	2025-04-15 14:50:44.138131+03	\N	\N	\N	f	\N	\N
18	pbkdf2_sha256$870000$WSJxSyfwypMLjZ27PuK7tW$LQChnTbUrHMuxSyjCXqVpNe36KJu+hV/FrRzBEz8bOw=	\N	f	nsullivan@example.net	5U 6184L	f	f	f	2025-04-15 14:50:44.138131+03	\N	\N	\N	f	\N	\N
19	pbkdf2_sha256$870000$1sQzmbxwBYbTj9vS6wL54B$saqAAQ/XTfpqGjzRApQGiFU5Vh2BjK22rINyRCx2kbo=	\N	f	floresthomas@example.net	421 VSA	f	f	f	2025-04-15 14:50:44.138131+03	\N	\N	\N	f	\N	\N
20	pbkdf2_sha256$870000$4nALt74a8ahKzwYSqwK0qg$NAF4xY/ePQ/OH6k8ezMMcJ2mLyzO6y3qtvRVj3UANB4=	\N	f	hulllinda@example.net	41-7677D	f	f	f	2025-04-15 14:50:44.138131+03	\N	\N	\N	f	\N	\N
21	pbkdf2_sha256$870000$SUjcS8YEQ3XgsGU9azKqz6$yXraEgrlINkAC9ymDuoCogdRqzTsnHDZj+fRkzRKJ90=	\N	f	joseph03@example.com	6ZHE867	f	f	f	2025-04-15 14:50:44.138131+03	\N	\N	\N	f	\N	\N
22	pbkdf2_sha256$870000$2FYBrIL8XwYReSynXCNWvk$jsZIz5VFNSwYgbIFTuvCQIN2RdS0uRRyZZgBeqDIsp0=	\N	f	valeriewade@example.com	D39 8YK	f	f	f	2025-04-15 14:50:44.138131+03	\N	\N	\N	f	\N	\N
23	pbkdf2_sha256$870000$H7hwGRd2MbTx0kBmOie1e3$qivEVmYcm3KMGWt7nXAtktI8KAtaVxrAmT1HfNAC/sQ=	\N	f	victoria89@example.org	BNN 813	f	f	f	2025-04-15 14:50:44.138131+03	\N	\N	\N	f	\N	\N
24	pbkdf2_sha256$870000$N7b6Ob4prUhtzbGRw8UUhv$KRRoGP4OnmWSw9ehB9cxIw8HA20xevakkrtK0ClS2uY=	\N	f	james12@example.net	4DF 907	f	f	f	2025-04-15 14:50:44.138131+03	\N	\N	\N	f	\N	\N
25	pbkdf2_sha256$870000$g6ysX63EofDKz805S01102$IkreGjJQVCKBTGQ3I/Dp1SZAeESZkr0rlU1ihPUlXro=	\N	f	mike53@example.org	8-24591F	f	f	f	2025-04-15 14:50:44.138131+03	\N	\N	\N	f	\N	\N
26	pbkdf2_sha256$870000$SRmnZJxiWhlEDyn5hHoXIw$SVipkFNQVTZmDQc7NItKiJR/UCjmvPI2xhc3AANi4eE=	\N	f	umiller@example.com	MLM 494	f	f	f	2025-04-15 14:50:44.138131+03	\N	\N	\N	f	\N	\N
27	pbkdf2_sha256$870000$SsjikEoWnAGkTkFqsBaV1k$1b40RY+Oho5v8gTnjje2pp6Q5kZaDV5uY9Qu/h7t0Ws=	\N	f	walshdiana@example.net	2MLZ121	f	f	f	2025-04-15 14:50:44.138131+03	\N	\N	\N	f	\N	\N
28	pbkdf2_sha256$870000$ke61BzGecUSU8TKlY21LCm$J8bkAG1c2SqsEwKDE4BjILolXQirLnQqayKI+jYIL9o=	\N	f	steven03@example.com	99C CI6	f	f	f	2025-04-15 14:50:44.138131+03	\N	\N	\N	f	\N	\N
29	pbkdf2_sha256$870000$EHhnW17FFdkB4OnrdhrpwD$nNnwth3IS7vjH68pHWTdzMZPN4ji5NozR2ZaBb6nG4E=	\N	f	edwingross@example.com	094 KHV	f	f	f	2025-04-15 14:50:44.138131+03	\N	\N	\N	f	\N	\N
30	pbkdf2_sha256$870000$kTh6ZJa0E1KkFqSHn1Hv9c$aL+I3sz65IKq+/1zrjgtc8jdSD7xrKLnFGKfNIXEAG8=	\N	f	jeffrey95@example.net	67F•022	f	f	f	2025-04-15 14:50:44.138131+03	\N	\N	\N	f	\N	\N
31	pbkdf2_sha256$870000$5HgP6yubfcVZjZjdoIkFW9$H7YC2W2NjPjjWcATv7CWe4HhbP400D/QAWK0b6seBDY=	\N	f	julia69@example.com	501 VRX	f	f	f	2025-04-15 14:50:44.138131+03	\N	\N	\N	f	\N	\N
32	pbkdf2_sha256$870000$mqptdlVoUyMkMGulJHoRqp$C29dsOgns9lnhvE/RcYpOX3n2xMDQvS3x2ZuolJicZY=	\N	f	jbarajas@example.org	EUM5480	f	f	f	2025-04-15 14:50:44.138131+03	\N	\N	\N	f	\N	\N
55	pbkdf2_sha256$870000$Wx68HgK0L2bfVFaubpIuHs$4R/3YYTvKVDYTU71shTA9pATxK/DmIcZaf4j3Ql8Akc=	\N	f	seanjohnson@example.net	6-J1581	f	f	f	2025-04-15 14:50:44.138131+03	\N	\N	\N	f	\N	\N
33	pbkdf2_sha256$870000$ixtlR7ED1bAEv7EkmxKoED$swDFysu+ZYkmxn7GmFWf2RqRlFCEPX7vv3BLPMgZrT4=	\N	f	mbrown@example.com	92-NE44	f	f	f	2025-04-15 14:50:44.138131+03	\N	\N	\N	f	\N	\N
34	pbkdf2_sha256$870000$AOJpgKOforM6XPJIeVLOlE$j64irm/gaAhHoOwJBp+d1DpBWh8ccjeAmpH2+tqub90=	\N	f	davidsummers@example.org	5435	f	f	f	2025-04-15 14:50:44.138131+03	\N	\N	\N	f	\N	\N
56	pbkdf2_sha256$870000$mLIRkgcfOxCXajLPG3dVuq$iWaOWYca4A3kifEratQBV9sCrOTIfzFxRIpo9UZm5qI=	\N	f	gwilliamson@example.org	FCI 988	f	f	f	2025-04-15 14:50:44.138131+03	\N	\N	\N	f	\N	\N
35	pbkdf2_sha256$870000$Q2t9cRX8DiXifIaCJXTQRZ$ul9dW+GT+hDAhUmzx7uTDIYkkILAfk8jTr95FZVP8XY=	\N	f	xjackson@example.org	JUZ 1126	f	f	f	2025-04-15 14:50:44.138131+03	\N	\N	\N	f	\N	\N
36	pbkdf2_sha256$870000$Vcormadvca1XjPKnWv72UN$lJ0ioYDdMyNBaQY9g/m64gEUQj6l09YTJFqGXJiLIoI=	\N	f	floydshelly@example.com	943-ZAN	f	f	f	2025-04-15 14:50:44.138131+03	\N	\N	\N	f	\N	\N
37	pbkdf2_sha256$870000$LZBrFlaKXjaORAixU4ksUV$xM4Ryk83/K9h2mC2JJOFCiVUax01e4brG48R9yrcjNI=	\N	f	fvang@example.org	XXO 5019	f	f	f	2025-04-15 14:50:44.138131+03	\N	\N	\N	f	\N	\N
38	pbkdf2_sha256$870000$rOYyKggf3JTpEN9SNOECUX$5ORBqG8NTwSC/3eT+HndVyYPaSun49/R7X/zHhyX4uc=	\N	f	wernercheryl@example.net	1-08973	f	f	f	2025-04-15 14:50:44.138131+03	\N	\N	\N	f	\N	\N
39	pbkdf2_sha256$870000$zCzHoGjhp8WOw8gNqfNVJA$hSszMA+7DwRZT7UEIIcW5oSGrr3kHb67eCJoTvmWgoA=	\N	f	warrenedward@example.org	34E Y06	f	f	f	2025-04-15 14:50:44.138131+03	\N	\N	\N	f	\N	\N
57	pbkdf2_sha256$870000$lnaFkgEqcRu2eRMgIrlcyI$BWz7JtpQVq3FnEw2E8okYW5TFQKyFsDyH2KSDHJJmY8=	\N	f	cmcbride@example.com	248C	f	f	f	2025-04-15 14:50:44.138131+03	\N	\N	\N	f	\N	\N
58	pbkdf2_sha256$870000$K9QaRxC2BkGny2Su9WhDP0$9SkmvQnKwea6Fs8AR37w/88fV73upMF1xq66iioaeQ8=	\N	f	brendaanderson@example.net	064-148	f	f	f	2025-04-15 14:50:44.138131+03	\N	\N	\N	f	\N	\N
59	pbkdf2_sha256$870000$OdukH6nC7nqsXYn4YfKofb$rL08zANDCnwvtK3Y5Vut4FKYfh7al1QeBc6Eg64HDXA=	\N	f	tcrawford@example.com	SFF-4516	f	f	f	2025-04-15 14:50:44.138131+03	\N	\N	\N	f	\N	\N
60	pbkdf2_sha256$870000$1YzDHj5ISLGpCCwQCu606J$EEHTpdciPLJX8dKC/+EBzQrzSceuAsGeojsPsuMHUk8=	\N	f	riverazachary@example.net	767-VPW	f	f	f	2025-04-15 14:50:44.138131+03	\N	\N	\N	f	\N	\N
61	pbkdf2_sha256$870000$kgfI7IiKRkl1P1aUuBAwvy$F12OMlxwld530s5UqpxwN4g4cPRhPF7rjmoFqAFxcKg=	\N	f	teresaallen@example.net	07IG0	f	f	f	2025-04-15 14:50:44.138131+03	\N	\N	\N	f	\N	\N
62	pbkdf2_sha256$870000$CaqZsunMKLIHI6ZzNxsb1c$eamvlSzcF9FGXousHT2MNOvFygAyMcN3szvKICMD8mU=	\N	f	ohickman@example.com	RRO1790	f	f	f	2025-04-15 14:50:44.138131+03	\N	\N	\N	f	\N	\N
63	pbkdf2_sha256$870000$NlICGfoLxdWWJmWYK2fLlM$OrvwAn6EAQV3t9lxVEk/CQ3QTeZY4j+TKTAYQd9dujc=	\N	f	matthew49@example.org	C03-30X	f	f	f	2025-04-15 14:50:44.138131+03	\N	\N	\N	f	\N	\N
64	pbkdf2_sha256$870000$xsREO3cZr09FAIWCByB1TQ$QKi+MSsuKbbwX/xS2FqOV1h6I2h3Yr/OditMazN0YYI=	\N	f	jameswalker@example.net	7Y J1382	f	f	f	2025-04-15 14:50:44.138131+03	\N	\N	\N	f	\N	\N
65	pbkdf2_sha256$870000$g50lRF5WfneVrONOVe9zel$8tiQFs4j9KbNFzIlIftxRh0MqXD1ia6gaGD9JlqHjNs=	\N	f	schmittstephen@example.net	915-959	f	f	f	2025-04-15 14:50:44.138131+03	\N	\N	\N	f	\N	\N
66	pbkdf2_sha256$870000$houdfsZR0sPEG6oeTjQyGQ$0u3UcjVBFNYR5sVhPsLAcLcnOmmYRlnBAcO3d34x3ns=	\N	f	fbell@example.net	0B 30586	f	f	f	2025-04-15 14:50:44.138131+03	\N	\N	\N	f	\N	\N
67	pbkdf2_sha256$870000$ef66ISwVfaDgWEy0qgOSV3$UYuqQUFdKFWYlre47APAByZw81tdqgnp/VNWOADsv6k=	\N	f	xharrison@example.net	737-AJA	f	f	f	2025-04-15 14:50:44.138131+03	\N	\N	\N	f	\N	\N
68	pbkdf2_sha256$870000$uT8aDiOyY0jwXmDHZrSs4e$l37HwdXsgP34/tUyYXXexl7Vv6Gr8yBvJ1QzmrQEmMI=	\N	f	holtjohn@example.org	802-GWQ	f	f	f	2025-04-15 14:50:44.138131+03	\N	\N	\N	f	\N	\N
69	pbkdf2_sha256$870000$JxIbgiFaPFvXAThd5DfFyg$UIFxvijIVIiHGH4qUCHcdaREOLbW6K4cC1iTfVbHI1c=	\N	f	icastillo@example.net	176 CFM	f	f	f	2025-04-15 14:50:44.138131+03	\N	\N	\N	f	\N	\N
70	pbkdf2_sha256$870000$SkEQhcUKUE9z7GtjHAZlLS$g/ATfRIT33F8jye8Y61HW2Ntm7f4ueFZOIGAOQR5Muo=	\N	f	mackenziecruz@example.org	WAM-092	f	f	f	2025-04-15 14:50:44.138131+03	\N	\N	\N	f	\N	\N
71	pbkdf2_sha256$870000$VTNsHJ0NUOgLKSh9kldZim$6xQAiMSYCRStKvbCuuedkk5496n/dv5K8FvbAxlw5zg=	\N	f	cobbtammy@example.net	ZVK 769	f	f	f	2025-04-15 14:50:44.138131+03	\N	\N	\N	f	\N	\N
72	pbkdf2_sha256$870000$Ej8qcI1phT6tT3E6tXYFhA$lb8NGfRBuv1CEWX91MJb8cBH9QRlK2cAxxJqjYfw0Q0=	\N	f	kathleen19@example.org	6W665	f	f	f	2025-04-15 14:50:44.138131+03	\N	\N	\N	f	\N	\N
73	pbkdf2_sha256$870000$MivTb1CEmvss8UOocga8JV$suJKMLAE4mmKvZzfjIPrj3t2HV1f6h5y/n/h1UR0LBU=	\N	f	froststephanie@example.com	IEM-839	f	f	f	2025-04-15 14:50:44.138131+03	\N	\N	\N	f	\N	\N
74	pbkdf2_sha256$870000$Nv8SzBqmCUGjVB5r8T7tIq$0XTb5vcZpPDchOpsSV5/hcJCV++X8l2z+GOzxJh8XKs=	\N	f	gutierrezcrystal@example.org	9P 52893	f	f	f	2025-04-15 14:50:44.138131+03	\N	\N	\N	f	\N	\N
75	pbkdf2_sha256$870000$06ah1qXkXxBH0ZvJIV9xRO$l0EJrMByI1OLao54r7TFydqcT/Ag5QAsulmSXNFXXBI=	\N	f	brooksnatalie@example.com	UZS-6137	f	f	f	2025-04-15 14:50:44.138131+03	\N	\N	\N	f	\N	\N
76	pbkdf2_sha256$870000$LQCcw14c66GYT6pCpaUN2b$sGBUB+p/wGg45ZJiShv8YDZE6eek8aAZmuqpK1xRXZI=	\N	f	laurencaldwell@example.net	127-995	f	f	f	2025-04-15 14:50:44.138131+03	\N	\N	\N	f	\N	\N
77	pbkdf2_sha256$870000$tsmlmoDawfx7Yos62Svbp3$YkNQZqxv7cOLweS2Qni8HnAOlfmPc9pPiVFz5/Mkqqo=	\N	f	xbarnett@example.com	497BFX	f	f	f	2025-04-15 14:50:44.138131+03	\N	\N	\N	f	\N	\N
78	pbkdf2_sha256$870000$qKpj7SBkVqZ6EZFDMKOChM$jsV+CmArLVfaV2S6mpvvGXoglnuFJ/t2Jk5FectUP2I=	\N	f	derekmyers@example.net	HOM 455	f	f	f	2025-04-15 14:50:44.138131+03	\N	\N	\N	f	\N	\N
79	pbkdf2_sha256$870000$hNxkRIwShDRysbOj2hxOH8$41n+dlQvbdl985UG40TegIz0qMWTsMwBKtCoCyGVasY=	\N	f	adamscynthia@example.org	3YH O66	f	f	f	2025-04-15 14:50:44.138131+03	\N	\N	\N	f	\N	\N
80	pbkdf2_sha256$870000$rFxDo3CL1ftzuwxGKbWmYA$cE6/ki48/9gRSPU71pGP8VpvS9RAuzq/aCb1t/qiNGU=	\N	f	williamjohnson@example.org	491404	f	f	f	2025-04-15 14:50:44.138131+03	\N	\N	\N	f	\N	\N
81	pbkdf2_sha256$870000$Gtk4na0kn3qpMdkMcjgpoz$mA4yk1vGatEB2UiKlwEhgdZuwgDg57/7ntEybwhBq6c=	\N	f	kristinamason@example.net	5D 7W5SVO	f	f	f	2025-04-15 14:50:44.138131+03	\N	\N	\N	f	\N	\N
82	pbkdf2_sha256$870000$MwD2snHrNtsQkvhXi5TDxN$mEW4Z41ZogNSQCGnz8VhOqISPZk7BSgNI+9acN6M5iA=	\N	f	brewermadison@example.net	1S V9089	f	f	f	2025-04-15 14:50:44.138131+03	\N	\N	\N	f	\N	\N
83	pbkdf2_sha256$870000$uxnCnXaO9zZwPSL6G40gBy$PNk3nraLmBdk2pS4GUsvg3lS4nZGWwd9vO1kFETHaU8=	\N	f	aallen@example.net	94LX1	f	f	f	2025-04-15 14:50:44.138131+03	\N	\N	\N	f	\N	\N
84	pbkdf2_sha256$870000$qApENjsVonc6xKGpEUvOGU$6WHgaZSKJtqIPPs440YQZpuk+gRRds4eEfdL7m2F15c=	\N	f	stevehampton@example.net	03Y DH8	f	f	f	2025-04-15 14:50:44.138131+03	\N	\N	\N	f	\N	\N
85	pbkdf2_sha256$870000$kOmVf25dUsfRQdJkXINLD6$RyFmt10mOk3AfjwFMw+ZmADE9WZYIxG3e/XFrrWBQ5k=	\N	f	keithfigueroa@example.org	AHF0178	f	f	f	2025-04-15 14:50:44.138131+03	\N	\N	\N	f	\N	\N
86	pbkdf2_sha256$870000$vbAkpyxMgBxU2WxWbaAHWp$krZETZZ4wqqk+DyQRq6X6U+ztjXhS2q06zkPdHL1BkI=	\N	f	smithleslie@example.net	582 FWN	f	f	f	2025-04-15 14:50:44.138131+03	\N	\N	\N	f	\N	\N
87	pbkdf2_sha256$870000$nlgfLVCsuJ8a3d9AsJu6JE$qbhtTpCxQMKpKdZ9iL5l7PFubiNpk9N/oB4DnRrE2qk=	\N	f	aguzman@example.com	50QM050	f	f	f	2025-04-15 14:50:44.138131+03	\N	\N	\N	f	\N	\N
88	pbkdf2_sha256$870000$Ap9nD00pSRooNtVYPtxh5Z$JsRc0ajQPtYgM21p+RSodto91RsoEBjQEu7nlHclIi4=	\N	f	lisastanley@example.com	5QW B72	f	f	f	2025-04-15 14:50:44.138131+03	\N	\N	\N	f	\N	\N
89	pbkdf2_sha256$870000$3E5I4uhJFwg3Tage6mh01r$nRnwDUWw6oZh0i0PXa6PI1P2+IFxlrE8jnYGk/0R2BI=	\N	f	robert00@example.com	550 ULJ	f	f	f	2025-04-15 14:50:44.138131+03	\N	\N	\N	f	\N	\N
90	pbkdf2_sha256$870000$uE7kVZegMFVr8IVQTui3A7$Yta+usLYQR+cGTqzrrrbUzIeIHyg9iww6pb0xCSEMPo=	\N	f	kevinwilliams@example.net	80-65723	f	f	f	2025-04-15 14:50:44.138131+03	\N	\N	\N	f	\N	\N
91	pbkdf2_sha256$870000$cKPFrY8VD10IeXXAUS1UQF$HM3z2ZPW6/g1dQCTmiXzDwKSaCpVnyxzePix6a4Kg5I=	\N	f	garciapamela@example.com	4146 OJ	f	f	f	2025-04-15 14:50:44.138131+03	\N	\N	\N	f	\N	\N
92	pbkdf2_sha256$870000$99E9UCoCWYd4LVWDTfFn3n$2RfHYkNyvpYaFsvC2valESHQqSemYNi1Q/OwnSSAAII=	\N	f	joshua61@example.net	8-84575	f	f	f	2025-04-15 14:50:44.138131+03	\N	\N	\N	f	\N	\N
93	pbkdf2_sha256$870000$cYj8FafF0OqewYJ35BGx89$wwfv7JgSRCU9//GymMQSXtGpn/LnRb0KqY6jeHITk0c=	\N	f	michellemarks@example.org	7-16661	f	f	f	2025-04-15 14:50:44.138131+03	\N	\N	\N	f	\N	\N
94	pbkdf2_sha256$870000$HU4uLItahFlaDaqtGZxHuh$ANqVa3SpV+YjUBiNDJfYY91VWU+y/zWostJ8mfIEhJo=	\N	f	josephmay@example.org	271 KYG	f	f	f	2025-04-15 14:50:44.138131+03	\N	\N	\N	f	\N	\N
95	pbkdf2_sha256$870000$E0ZYvtJ2dtr3RLSJvDlaaf$1kP+rZ3XCmc6sK8Shl2TubGkT9wJHNdvk9hnNIEpAQ4=	\N	f	jennifersanchez@example.org	7-52945D	f	f	f	2025-04-15 14:50:44.138131+03	\N	\N	\N	f	\N	\N
96	pbkdf2_sha256$870000$1IYzr7O80ybto6eZT7kbHI$HChnO67XFvBOt1rVeC8Kd7a/+u2DxOl1cE3KUmT6M3I=	\N	f	bradleyleslie@example.com	267ZMS	f	f	f	2025-04-15 14:50:44.138131+03	\N	\N	\N	f	\N	\N
97	pbkdf2_sha256$870000$WclGt12kbqHzmzST6l49di$DnedpafuTyEdeN2vcXuuTrBzvulRHlMJnU5XaMXQVz0=	\N	f	igutierrez@example.net	0-04899W	f	f	f	2025-04-15 14:50:44.138131+03	\N	\N	\N	f	\N	\N
98	pbkdf2_sha256$870000$iLcRkx4KaDMqhQJlKjYHoG$6gwSPOqXWHol+IGMdMYA1f9d9oF4GnX3WVw5dAhpDtw=	\N	f	nichole10@example.net	700 LAW	f	f	f	2025-04-15 14:50:44.138131+03	\N	\N	\N	f	\N	\N
99	pbkdf2_sha256$870000$h7evprnzIjbJmEkaSAeUib$/OfiJx2/g9KvFvROlXbv7ttGBFtBM/wYb67MWp5jPGs=	\N	f	austin29@example.com	75J•994	f	f	f	2025-04-15 14:50:44.138131+03	\N	\N	\N	f	\N	\N
100	pbkdf2_sha256$870000$uSfIhLapNIIJEAx1Er0mQ6$jN2J5cO+lIn8160JcmO/8bRPwnP11aS9x9/czOukva0=	\N	f	terri32@example.org	ZMN 881	f	f	f	2025-04-15 14:50:44.138131+03	\N	\N	\N	f	\N	\N
101	pbkdf2_sha256$870000$w5CDfsSJ3dB8oeITqq8XAQ$fHx1ADya7bjNcaK+V2rpcGBR/+RBwhGVK1F0DHkqC+U=	\N	f	williamwalker@example.net	108-485	f	f	f	2025-04-15 14:50:44.138131+03	\N	\N	\N	f	\N	\N
102	pbkdf2_sha256$870000$Bul02NRLR9m1GkB8QYNxcd$7s1FLilk3o0osnU7TgQPDwDw6AredtN+dUw5lqxXDCk=	\N	f	frederickshelton@example.net	5Q565	f	f	f	2025-04-15 14:50:44.138131+03	\N	\N	\N	f	\N	\N
103	pbkdf2_sha256$870000$yn7wMVQqttnUbtVTf37PwI$11MAngttXwZT9sWErtw4ngBcvCURdT3lfwR+XyEuo1Q=	\N	f	norrisdeborah@example.net	J30 0QJ	f	f	f	2025-04-15 14:50:44.138131+03	\N	\N	\N	f	\N	\N
104	pbkdf2_sha256$870000$F1beGFkLFb2vhUbNAc3g13$rbzKifAeXQgjW2i0EmRcJH5BbJx2ggn6IMsINUS1C5E=	\N	f	schneiderbrittany@example.net	R69 8ME	f	f	f	2025-04-15 14:50:44.138131+03	\N	\N	\N	f	\N	\N
105	pbkdf2_sha256$870000$xtWU5Xm7P0NZipq9NpGQce$gEebxsTjcK9BTs8L19T1YBFhZ619eVsVH+o28bsrB28=	\N	f	wwood@example.org	U53-PWK	f	f	f	2025-04-15 14:50:44.138131+03	\N	\N	\N	f	\N	\N
106	pbkdf2_sha256$870000$0oK25Squ1prp8h3dsZtsmG$8Yh9n2X2oLQ+IcNIkLKZvW1TD/ZWTHFsAnlAbLJNi0A=	\N	f	jonathanwilliamson@example.org	6SXY512	f	f	f	2025-04-15 14:50:44.138131+03	\N	\N	\N	f	\N	\N
107	pbkdf2_sha256$870000$AqgSvASYPUXT89oKP9i1pp$PgqRQtMYDvGREDebXPPlj+KfZ+QyZRkyzO9QeeoSEeQ=	\N	f	christy43@example.com	037 VTH	f	f	f	2025-04-15 14:50:44.138131+03	\N	\N	\N	f	\N	\N
108	pbkdf2_sha256$870000$xRNuZpAJ2llpL8AL0LzyCd$gmU3aRg2bngZVRfv2W/0ObOq8hr/E3BNELO28JooYr8=	\N	f	robertherrera@example.net	35-5672Y	f	f	f	2025-04-15 14:50:44.138131+03	\N	\N	\N	f	\N	\N
109	pbkdf2_sha256$870000$veqWKuXLic9acfQKA2cmZJ$YEFNnyhyS4hlTwMZLm99DATnuJyUdStvU6VhVXU1Its=	\N	f	george27@example.org	3PK0891	f	f	f	2025-04-15 14:50:44.138131+03	\N	\N	\N	f	\N	\N
110	pbkdf2_sha256$870000$SuY59MS3AU7BWcTkXcsHCy$ZWRZNDMVcmGYfpb3nEbaSVcmjvieftwyZnC6qI42l1Y=	\N	f	david03@example.net	HEL-0751	f	f	f	2025-04-15 14:50:44.138131+03	\N	\N	\N	f	\N	\N
111	pbkdf2_sha256$870000$zEgEkeGsYDf95JgmYlpWlE$I4yFZLDkK2a03FgyRfK3av401CNs24bC9w494gRQ7I0=	\N	f	lsanchez@example.net	MS2 V7C	f	f	f	2025-04-15 14:50:44.138131+03	\N	\N	\N	f	\N	\N
112	pbkdf2_sha256$870000$Ks9wOD5pkTEtNbdwjWp6DV$TbgGw171/g83BY46Id3ZEvoKlFgEkLpVE9n4gMZxjhE=	\N	f	cynthia99@example.com	R00-85G	f	f	f	2025-04-15 14:50:44.138131+03	\N	\N	\N	f	\N	\N
113	pbkdf2_sha256$870000$cxzez33hR1SOSFVL7y3twm$FVzUdh1CeNqDY4/7TVCW4goGfa1He7p9js5EzTS3h+4=	\N	f	fhernandez@example.com	30-9691N	f	f	f	2025-04-15 14:50:44.138131+03	\N	\N	\N	f	\N	\N
114	pbkdf2_sha256$870000$rqG240mpjqeJmulf0Ud3Bt$3tH+4qkgmnx0ep19VGUcUtYcteJXdwCi6+XZYNa8jFE=	\N	f	susandavis@example.com	3S UD343	f	f	f	2025-04-15 14:50:44.138131+03	\N	\N	\N	f	\N	\N
115	pbkdf2_sha256$870000$YvXxdCpAshQsVisQxut57h$ZgQw/NKD5o34QEIt47pGfk0hXPj3YbchoZEkV/9QZ8M=	\N	f	stephanie68@example.net	863QAL	f	f	f	2025-04-15 14:50:44.138131+03	\N	\N	\N	f	\N	\N
116	pbkdf2_sha256$870000$3UBEB8dF6eaGtNxEmox7oW$9RMbWLvnrqzt4YdeQPiyri3sSWiY4lrgYO6MV41NI68=	\N	f	andersenchristopher@example.net	CCU 132	f	f	f	2025-04-15 14:50:44.138131+03	\N	\N	\N	f	\N	\N
117	pbkdf2_sha256$870000$ngGTNB2ssLH1cZh8ll6uA2$oGiuBLqkMtymONEr4016RcG+DuzZKk+ixQvdElFVx4I=	\N	f	timothy21@example.net	ZXE 854	f	f	f	2025-04-15 14:50:44.138131+03	\N	\N	\N	f	\N	\N
118	pbkdf2_sha256$870000$jaQUDsAyMuJdSsyGQaTfx4$jO7e3gg5ROpSjxMOhm+KQDGMz4d863v9g39Y3NdfZ0U=	\N	f	casejennifer@example.com	061 RCP	f	f	f	2025-04-15 14:50:44.138131+03	\N	\N	\N	f	\N	\N
119	pbkdf2_sha256$870000$LRig7bTxLDV3f8knhlQNT3$toS3zVPGDZLl6rqT6XeQ0r0qt+wHzJPnBSizG5DxnZo=	\N	f	adamwilliams@example.org	ZWM 582	f	f	f	2025-04-15 14:50:44.138131+03	\N	\N	\N	f	\N	\N
120	pbkdf2_sha256$870000$kjuDsKdBcCtR1s8cNAnhiK$CpmGs5f1VSD8hVeboahiSVgsLpbXcO7v2i84caU42uM=	\N	f	margaretnichols@example.org	GPM-6409	f	f	f	2025-04-15 14:50:44.138131+03	\N	\N	\N	f	\N	\N
121	pbkdf2_sha256$870000$DQyB6INOKEmWhldWVbVnrk$86acSff6ewvgxiN25LDAHtooWAFT2DMzDc1Hl2zTDcA=	\N	f	tashastephens@example.net	6G G7340	f	f	f	2025-04-15 14:50:44.138131+03	\N	\N	\N	f	\N	\N
122	pbkdf2_sha256$870000$R06YY2TPXmMWachexMy39n$mIIY0T7gW7W6YLS9sijN3eHMV1rCZhTi3CVN84dmyQA=	\N	f	downsteresa@example.com	614924	f	f	f	2025-04-15 14:50:44.138131+03	\N	\N	\N	f	\N	\N
123	pbkdf2_sha256$870000$dFiGdbwdDDv0nxgnYHjTUg$h90iV1YCVGkT230BaqqgLiY+ga/iHO8a/j8vBS4h6Jk=	\N	f	cherylwright@example.com	732 2KA	f	f	f	2025-04-15 14:50:44.138131+03	\N	\N	\N	f	\N	\N
124	pbkdf2_sha256$870000$BFGFB4BFqM8kioPpidmEuP$DcUrTBp0ZTmOdLmFk6N7XSLJjaC7PI1/kTD3tiVe/5w=	\N	f	shawn53@example.com	P81 2VU	f	f	f	2025-04-15 14:50:44.138131+03	\N	\N	\N	f	\N	\N
125	pbkdf2_sha256$870000$fzjG7BDTfYo0oNLopaCNxg$o0HgRX28l7FmhWWn0GDY4d2eb+3y6JcBWi1eoKGQRnk=	\N	f	wrightseth@example.com	204 XUZ	f	f	f	2025-04-15 14:50:44.138131+03	\N	\N	\N	f	\N	\N
126	pbkdf2_sha256$870000$wYWnJq21zz7u7Wc7hmZ6Vs$qpLrxxikT9wFg/BKCY42vDcaZHeVlUxwR7hCkiD8ifw=	\N	f	kellykelley@example.net	5G 97839	f	f	f	2025-04-15 14:50:44.138131+03	\N	\N	\N	f	\N	\N
127	pbkdf2_sha256$870000$uS0ouugN9IhbxlrMJUXnZo$CkCgHXLcFmtcmR4MMJq+HU/KhlJcCm0pH9xPGJ273Pk=	\N	f	taylorjeff@example.net	667 ZNN	f	f	f	2025-04-15 14:50:44.138131+03	\N	\N	\N	f	\N	\N
128	pbkdf2_sha256$870000$NjjpKAWJszpD0O118RHA45$IGSDIFqbi0+78dPYtWwPE0KygEhbxNxN01N2nmGey3Q=	\N	f	thowell@example.com	PFY-8478	f	f	f	2025-04-15 14:50:44.138131+03	\N	\N	\N	f	\N	\N
129	pbkdf2_sha256$870000$eIQ32EEecSQSTZEjFf5w8D$Cjtym5xtpytMA+VcctiEDLi5By9mwxpCAdJYihPw4Bs=	\N	f	kdavis@example.net	94-FF35	f	f	f	2025-04-15 14:50:44.138131+03	\N	\N	\N	f	\N	\N
130	pbkdf2_sha256$870000$H7cs85IzQdDHUrw4PlENkA$6KdvKfzSKNkZtmbshHRScieIUS3T5kTqobP2xUf/Zro=	\N	f	michael03@example.com	53C RH7	f	f	f	2025-04-15 14:50:44.138131+03	\N	\N	\N	f	\N	\N
131	pbkdf2_sha256$870000$5rxiBpTuDd6Pp3dGnnlGzL$8Dn/VCtE186KM/kX5YNKis6kNbjJz2+URhANYiRn4RI=	\N	f	zdavis@example.net	259-AFD	f	f	f	2025-04-15 14:50:44.138131+03	\N	\N	\N	f	\N	\N
132	pbkdf2_sha256$870000$4rTA8I7MgAvSvNPAJy5Ixk$TipRAi30UiAGctaCS4/j8Mqmeq6iZyEwzR7x0AIDzLs=	\N	f	jasonburke@example.com	1B 97058	f	f	f	2025-04-15 14:50:44.138131+03	\N	\N	\N	f	\N	\N
133	pbkdf2_sha256$870000$K5GJ62lgtVcni7VGuA0EnE$kLJW21/4kJ1yrmHfO/yYl1GXCPTaMsU40wLYhf4QycU=	\N	f	twebb@example.org	375-UWZ	f	f	f	2025-04-15 14:50:44.138131+03	\N	\N	\N	f	\N	\N
134	pbkdf2_sha256$870000$N2arSgp09cMzGUW79wCzQr$hiLIiLc9LLsNDnCSgePufPQjoivwgU8MxyxupgJBVJc=	\N	f	fmurillo@example.org	PHD-7583	f	f	f	2025-04-15 14:50:44.138131+03	\N	\N	\N	f	\N	\N
135	pbkdf2_sha256$870000$TUEqj2zZzDKsW2LhyGGmx3$bnKuwIj6mz/ulrH0hG98JfrRcAu4yWrA9m1U7PHZ45s=	\N	f	michael39@example.org	034435	f	f	f	2025-04-15 14:50:44.138131+03	\N	\N	\N	f	\N	\N
136	pbkdf2_sha256$870000$5kUwCtejie58DdlzfKSjDU$oBVvvP4A8B+GbdhYloDzNpoH0FmytY/ygPVpeG0QMw0=	\N	f	zachary76@example.net	202 7JX	f	f	f	2025-04-15 14:50:44.138131+03	\N	\N	\N	f	\N	\N
137	pbkdf2_sha256$870000$pyCSS10ORIvoObB4m8orwd$zkhdTGeKnLXFbEU/1nRe6wZ28f8JqMJD5hwwFjjKoFA=	\N	f	tinacampbell@example.org	TO 14196	f	f	f	2025-04-15 14:50:44.138131+03	\N	\N	\N	f	\N	\N
138	pbkdf2_sha256$870000$l0W5oZhlRDwFz7Kjo53TIn$X82gmqvu5wVvidLTn2TrZg6SIbLvyRZ/CFnoNbyfiok=	\N	f	leachheather@example.org	765 YUU	f	f	f	2025-04-15 14:50:44.138131+03	\N	\N	\N	f	\N	\N
139	pbkdf2_sha256$870000$aSc7KkdlA7avoqvqN7mCqy$KaxcZh6un/2s4yyXHXRacmERvZMwMTxT8u+M97jcn3g=	\N	f	keith00@example.org	7-72394	f	f	f	2025-04-15 14:50:44.138131+03	\N	\N	\N	f	\N	\N
140	pbkdf2_sha256$870000$C0B23vHJIf6aiqT3VsJJwd$j9/ESPAuTKi0kaM3ADXiHLVM26zMX7sE/8M1mbn9a/8=	\N	f	isalinas@example.org	NYZ 594	f	f	f	2025-04-15 14:50:44.138131+03	\N	\N	\N	f	\N	\N
141	pbkdf2_sha256$870000$4udLCE0mTWCl4FtsWUf9U6$JrZrrIxNUjlqTIQRdHKvjEKiqeM0EOHtYp0R4AVJvKk=	\N	f	garciaashley@example.com	88I L26	f	f	f	2025-04-15 14:50:44.138131+03	\N	\N	\N	f	\N	\N
142	pbkdf2_sha256$870000$tLhrupO1SVrjzjdLxn4TTU$Etob1V01xkTO5p0g01R0m1TtJxthwytfLdE31c3tfn8=	\N	f	hutchinsonsara@example.net	ZDW 750	f	f	f	2025-04-15 14:50:44.138131+03	\N	\N	\N	f	\N	\N
143	pbkdf2_sha256$870000$Mh6pceGPVPXIHkastSEGWZ$FiX0+T/a53/Mz2Jd47SPxKUqkioVgxSS6O2ZLP/yeIs=	\N	f	dmayo@example.com	691-YLNA	f	f	f	2025-04-15 14:50:44.138131+03	\N	\N	\N	f	\N	\N
144	pbkdf2_sha256$870000$Gta577Io4wWJCnXtsurilL$4au3ao82R3wf2SmWQCQs7U9/ucczhfDxskHOg17XsAI=	\N	f	bgarcia@example.com	PIP 231	f	f	f	2025-04-15 14:50:44.138131+03	\N	\N	\N	f	\N	\N
145	pbkdf2_sha256$870000$6VOca0uGCYglL6sgb7UbH3$IIhaV1xcWJn0VKOPf0+hQEF3RwbTQnGYe1KOrSYJSyQ=	\N	f	jennifer49@example.net	NQK-0891	f	f	f	2025-04-15 14:50:44.138131+03	\N	\N	\N	f	\N	\N
146	pbkdf2_sha256$870000$Jj2et7CrWXWCnllpdYp5jf$z4Nht/i22c8guHrYgvUBvdmhfnDJY4im8FRN9H39KUY=	\N	f	jared34@example.org	6JFO 38	f	f	f	2025-04-15 14:50:44.138131+03	\N	\N	\N	f	\N	\N
147	pbkdf2_sha256$870000$BuOf1A5s1FxgUptORaex7Q$E1LH/4UDb+qZF5d+IVDMJMAB6euqbHlNxaLp/+E+mxc=	\N	f	tlewis@example.net	7YH 183	f	f	f	2025-04-15 14:50:44.138131+03	\N	\N	\N	f	\N	\N
148	pbkdf2_sha256$870000$Ilj21iGrdZEZLL7enzsf9g$2JFqGv9CEfUwe6OFfMrysikGBT1kO/PuzcoJ1w5bOTE=	\N	f	deannagregory@example.net	Z76-08Q	f	f	f	2025-04-15 14:50:44.138131+03	\N	\N	\N	f	\N	\N
149	pbkdf2_sha256$870000$h7OK1DGewHENGk5KDq1hBz$xM+g2vdUqxKdw2ChZSnbVkpIMxzKkFGcm1mfsL/cseg=	\N	f	kenneth15@example.com	528 QRS	f	f	f	2025-04-15 14:50:44.138131+03	\N	\N	\N	f	\N	\N
150	pbkdf2_sha256$870000$gD1kLSK1ObjoFUsz1SpPQx$RFu+1S3/A9rcL5S4sXvQ8G/Da85pQu+tz6yNFumWD9w=	\N	f	owenscarlos@example.com	412-JAG	f	f	f	2025-04-15 14:50:44.138131+03	\N	\N	\N	f	\N	\N
151	pbkdf2_sha256$870000$OopINPUmkyc1Tkg4R8wpIZ$rZ8Mc6BkKaunFnbvcCtaU3ahF2Ux3ofje5Kk/koiXR8=	\N	f	ylopez@example.com	QCA-2537	f	f	f	2025-04-15 14:50:44.138131+03	\N	\N	\N	f	\N	\N
152	pbkdf2_sha256$870000$EO4n1fz1jSj3DuiMRP6UNQ$OuLNIbbZXvrep4PRL8k6PjaKgF+Q9s5qvhbxii4a3HA=	\N	f	joy77@example.org	76L X25	f	f	f	2025-04-15 14:50:44.138131+03	\N	\N	\N	f	\N	\N
153	pbkdf2_sha256$870000$Pt6mkVKTg1HGuCCVXUcAqr$FIKquxHHdQVClCfBWwQbyEblUx8jQFcPnLjGVJA95zo=	\N	f	sarayoung@example.org	17-RC38	f	f	f	2025-04-15 14:50:44.138131+03	\N	\N	\N	f	\N	\N
154	pbkdf2_sha256$870000$DDk6bq0wPlDhxjBz3JVWy3$DMqHXQTYDKLK+gxJYTaDeDAIaeEDN+VUEkyb1EDjWPg=	\N	f	matthew50@example.com	EJD-9700	f	f	f	2025-04-15 14:50:44.138131+03	\N	\N	\N	f	\N	\N
155	pbkdf2_sha256$870000$J911dIP5VjSDoYyFBQIKy1$kYzKg7rgRDGz3iYx4Wgu8mJgvjCoDuLkR9sqb3mB40c=	\N	f	martinjesse@example.net	4HBN 41	f	f	f	2025-04-15 14:50:44.138131+03	\N	\N	\N	f	\N	\N
156	pbkdf2_sha256$870000$PRUAkYc2mxvrLJiXPIA1Ff$kAjj5ABz3QeyEdSURE670vAysE6BR5MmYgZRvKyuGJI=	\N	f	russellwilson@example.com	HVA-9891	f	f	f	2025-04-15 14:50:44.138131+03	\N	\N	\N	f	\N	\N
157	pbkdf2_sha256$870000$lPS0UZGuXAVcRYFfh0JX6p$8xk/EPZwlBZjAa6E5FLGl5+0E0qx8aE+srezQgGl2qE=	\N	f	eringray@example.net	MBS 076	f	f	f	2025-04-15 14:50:44.138131+03	\N	\N	\N	f	\N	\N
158	pbkdf2_sha256$870000$y5IBclI4KM57UqRXRxXyN5$BdsgstrPfc+sRHR7EhXECQ4p4owZRsyqpLeiRehScAE=	\N	f	charlesmcdaniel@example.com	462418	f	f	f	2025-04-15 14:50:44.138131+03	\N	\N	\N	f	\N	\N
159	pbkdf2_sha256$870000$vg5pENCoCW7UawWmXFRBbS$d/wMtAMPmAKM39KYQhDhosdWyIXPJLnq9guekGdtkO0=	\N	f	eduran@example.net	920 HPX	f	f	f	2025-04-15 14:50:44.138131+03	\N	\N	\N	f	\N	\N
160	pbkdf2_sha256$870000$Lxsi8oIcg5amnA0icz8KJM$xZO4KN7QW7SYFEcETiht3rzrOtZQd7NNZ64z6NIEhVk=	\N	f	brownrebecca@example.com	3UA0099	f	f	f	2025-04-15 14:50:44.138131+03	\N	\N	\N	f	\N	\N
161	pbkdf2_sha256$870000$AfUewwd0FtO6VpMbRskZ7Q$vkKNNRk+dIS4VLL8j/ZoH05MGe8Ft8w7CMQqPn83GAE=	\N	f	cherylalvarez@example.org	4CD4841	f	f	f	2025-04-15 14:50:44.138131+03	\N	\N	\N	f	\N	\N
162	pbkdf2_sha256$870000$kQ3V3KTQVInzmKtuxTT6bR$dsiyuXMLRUJb9IMO+WtIQLqTc9bC6chXF0r/tjKWfnY=	\N	f	shaunshea@example.com	A28-76H	f	f	f	2025-04-15 14:50:44.138131+03	\N	\N	\N	f	\N	\N
163	pbkdf2_sha256$870000$0rYfhHouartZbSyFRWpUII$qInG/4rADhA7BADNnv7+dy7DTdVLN/SBgnqyMI1vRQk=	\N	f	maciasbrenda@example.net	8-27915L	f	f	f	2025-04-15 14:50:44.138131+03	\N	\N	\N	f	\N	\N
164	pbkdf2_sha256$870000$3cSgazFDfzonNoWTGu3Du8$S0SXAmDxGbeY0mJevNc1ZGgANWBxc3MTvRdLz933CDM=	\N	f	barry02@example.org	194 UYI	f	f	f	2025-04-15 14:50:44.138131+03	\N	\N	\N	f	\N	\N
165	pbkdf2_sha256$870000$RMhlb1M2B2xMrq1djZKCW5$pGAxYNa2Rs86YfK1LPSoCWV1ch6oi6C94wiljEwhhPM=	\N	f	erikcross@example.com	836C0	f	f	f	2025-04-15 14:50:44.138131+03	\N	\N	\N	f	\N	\N
166	pbkdf2_sha256$870000$inrDkpFkRl3rgMYabMvZRl$q+QcDUMFwsFpQzpyR7KjouXLfxOXlUS0OObDZWjndD0=	\N	f	ralphwatts@example.net	0RVN 93	f	f	f	2025-04-15 14:50:44.138131+03	\N	\N	\N	f	\N	\N
167	pbkdf2_sha256$870000$CVG1X411QIRiFybDjOV18b$fLaS2bupA7T4UKzELpgvu6Zi7cOEDDYKQ7XsQ3oFuUY=	\N	f	robert24@example.net	4LDR466	f	f	f	2025-04-15 14:50:44.138131+03	\N	\N	\N	f	\N	\N
168	pbkdf2_sha256$870000$xxzISwkFfUW6FimUnsZIxd$JxDMwiRy8s4Qjr+6SreX1kE/oyUOvhHtErZem+xNMVQ=	\N	f	ana20@example.net	143-LAO	f	f	f	2025-04-15 14:50:44.138131+03	\N	\N	\N	f	\N	\N
169	pbkdf2_sha256$870000$0vPKmhMLQA346bSHciRCgJ$j2y5nFeXxd6sDwYsMxmlvu6U5rJ6Y4TJFtggeVQZ89k=	\N	f	mariemahoney@example.org	X 090363	f	f	f	2025-04-15 14:50:44.138131+03	\N	\N	\N	f	\N	\N
170	pbkdf2_sha256$870000$ocS7lBRbLVhPr5OSCWA5RL$PVhsGwiB2afF/lfHY57UYqn28ydz/3n0U3XL/7MJDv4=	\N	f	angela10@example.net	BRA-155	f	f	f	2025-04-15 14:50:44.138131+03	\N	\N	\N	f	\N	\N
171	pbkdf2_sha256$870000$laC06rv3EOMhD6ZWeCwm6x$6XaRTeWhbDBxvJ4Xv0Ecx2nT0DN9OkSJYQPZr4Q5nB8=	\N	f	fredlawson@example.net	MJP 507	f	f	f	2025-04-15 14:50:44.138131+03	\N	\N	\N	f	\N	\N
172	pbkdf2_sha256$870000$v9H5n0nkvnxdsDAkQBhjwZ$czwypWnJJwQlIaJW9NGPp4G/f/gtKKyoBtGjowhNrTE=	\N	f	williamcombs@example.com	081989	f	f	f	2025-04-15 14:50:44.138131+03	\N	\N	\N	f	\N	\N
173	pbkdf2_sha256$870000$LCQ1Iu4g9DcUyRNRfWbiKQ$Fm6obEPEj9fRvZOS1Ga2ygLFPOkBtAeBAM1v7isXIIY=	\N	f	nicole88@example.org	OXN-9710	f	f	f	2025-04-15 14:50:44.138131+03	\N	\N	\N	f	\N	\N
174	pbkdf2_sha256$870000$DoG5yr2fzrw640k6Wa2yUZ$qP2Ic8D98TG19+uhI1K+xmEFJl2NWvgdtwLUlNBLkhA=	\N	f	sleach@example.com	MEA 644	f	f	f	2025-04-15 14:50:44.138131+03	\N	\N	\N	f	\N	\N
175	pbkdf2_sha256$870000$9QmY9WJY2flOoxfQgYC5Aj$foqFhIzBix11P1qEYN858kD37I2QZjOsQm9xONPg/cA=	\N	f	kimberly41@example.org	848 LVE	f	f	f	2025-04-15 14:50:44.138131+03	\N	\N	\N	f	\N	\N
176	pbkdf2_sha256$870000$QebK9WUWWq1P3dWV7qt9BA$nmojvuonc1jLJBXVflXZB1vLhsjkmBnWo/IWPUksouw=	\N	f	charlesjackson@example.com	63-4219F	f	f	f	2025-04-15 14:50:44.138131+03	\N	\N	\N	f	\N	\N
177	pbkdf2_sha256$870000$FSLEipN0Q0HjWOMYZl3OR4$nJQz2gpAGNFIrwmzAuKZzuSX+jKY/kcDhz/q3p0Fp5E=	\N	f	stephaniethomas@example.com	968QDD	f	f	f	2025-04-15 14:50:44.138131+03	\N	\N	\N	f	\N	\N
178	pbkdf2_sha256$870000$dgL6OMzXgCSeMaoaTSrnp5$xc7wQfMeVhLTww2KzDvB6B7gdkgsiFS8O9hzTw2XkIc=	\N	f	isaac93@example.net	KZL 396	f	f	f	2025-04-15 14:50:44.138131+03	\N	\N	\N	f	\N	\N
179	pbkdf2_sha256$870000$V4eAgm9yPFUFEVcH7kwd2D$0ivPSOfiDthkViO2D7GH8Th0D19UeGq8hvwVeCCb3wg=	\N	f	santanabarbara@example.net	9BZ S87	f	f	f	2025-04-15 14:50:44.138131+03	\N	\N	\N	f	\N	\N
180	pbkdf2_sha256$870000$E3LjRdZfKRLGVHohzfjYXm$dSJELD5h6i09uokpSnA1ZAN2Qj30YgTLLfDH7ARvNyo=	\N	f	seanwood@example.net	13-5250I	f	f	f	2025-04-15 14:50:44.138131+03	\N	\N	\N	f	\N	\N
181	pbkdf2_sha256$870000$dMpigCTrSdPPo5zOsqxES6$30VwddXXL6IpRS4Bylkm+9noGwqfztPtOtdCBX/6vxM=	\N	f	edwardscynthia@example.org	559-REL	f	f	f	2025-04-15 14:50:44.138131+03	\N	\N	\N	f	\N	\N
182	pbkdf2_sha256$870000$gqNJ0o50Q62Cic18MNpgp1$2zxJpgCfXoEG1qIuJzpmgUHmG0+9z9zYjS6KLZdxFhw=	\N	f	paulandersen@example.net	ZML 973	f	f	f	2025-04-15 14:50:44.138131+03	\N	\N	\N	f	\N	\N
183	pbkdf2_sha256$870000$jTeGGBn0Wr3En1gYli5u6C$hNrzP2rI9toEX10Ak40ygyw1K0gkMa3BMbYmCjkrhjc=	\N	f	kathryn73@example.com	3845 LX	f	f	f	2025-04-15 14:50:44.138131+03	\N	\N	\N	f	\N	\N
184	pbkdf2_sha256$870000$g1txjwzUHQmAepT8859YE0$R+xl1Q5ghDZoxHu2f1kk63e/2EBAYnpsCpn2Dd8uBHM=	\N	f	clarkpaige@example.com	491496	f	f	f	2025-04-15 14:50:44.138131+03	\N	\N	\N	f	\N	\N
185	pbkdf2_sha256$870000$Lywjht9iLrfYM3YSuhpjNV$LEFDQhzgaKGpTeAO/ZvYVqfMCKBmpbGyL4uBdX+eSQk=	\N	f	alejandrofoster@example.com	3-70326	f	f	f	2025-04-15 14:50:44.138131+03	\N	\N	\N	f	\N	\N
186	pbkdf2_sha256$870000$EgCmXP6ULlXdjsULFgZ6tN$JWsqT7pcVcA0KErMqEBfgrgFUzk/A5p9WISJqz8WIaw=	\N	f	wbrown@example.org	CLR3562	f	f	f	2025-04-15 14:50:44.138131+03	\N	\N	\N	f	\N	\N
187	pbkdf2_sha256$870000$IYIEyjMZ9moyjFNTH87YpA$9AtN3/2bSSlVx4dTZ0wIOIyo7v+iLYYVlo+sidzH7fI=	\N	f	alexis46@example.com	853 OIR	f	f	f	2025-04-15 14:50:44.138131+03	\N	\N	\N	f	\N	\N
188	pbkdf2_sha256$870000$gMrwoaTjPSgENIvmi4YiTU$x++r8A7Db4LP/fllulZXfrZPdFoHwcMslkQJHhpl9Eg=	\N	f	kayleewarner@example.org	30-41580	f	f	f	2025-04-15 14:50:44.138131+03	\N	\N	\N	f	\N	\N
189	pbkdf2_sha256$870000$3Oyhp22Ssw987mDjPH6Y6Y$PX6ddVIKQWv9A7JntOQgPAD2n8TsoYqwHfGtSYnqoeI=	\N	f	michaeljohnson@example.net	YSI-805	f	f	f	2025-04-15 14:50:44.138131+03	\N	\N	\N	f	\N	\N
190	pbkdf2_sha256$870000$6WOdvLyUtxFNgmJstwRQFd$NYdcGhFVMJ6v3b6lpD06Nm8OussZ32dUQRKtFzpxnYQ=	\N	f	besttyler@example.com	JUT-014	f	f	f	2025-04-15 14:50:44.138131+03	\N	\N	\N	f	\N	\N
191	pbkdf2_sha256$870000$XEM4MIe0z7seRryzI8YlSx$a0iKHG1ri3drqihQXOVrVfze18rSbOHSnc+rVUGMO/I=	\N	f	christopher65@example.org	WJK5704	f	f	f	2025-04-15 14:50:44.138131+03	\N	\N	\N	f	\N	\N
192	pbkdf2_sha256$870000$7pmEVFcQ5x73YpjZ5ROU4y$w8B5aGnAJJnsesQBagIfD/Kj7j/+4rwi2ix9dooTyzY=	\N	f	tarnold@example.org	217 BFZ	f	f	f	2025-04-15 14:50:44.138131+03	\N	\N	\N	f	\N	\N
193	pbkdf2_sha256$870000$JGoDey2CKmP7ImItw6QM1H$Xbnf5cslYCdJZ/gLVPVtPlLB5oDSYmkp4EfCwutO+nI=	\N	f	brittneyking@example.com	JPF-397	f	f	f	2025-04-15 14:50:44.138131+03	\N	\N	\N	f	\N	\N
194	pbkdf2_sha256$870000$15KtDEB7VD0TIq126fmKIC$Fb9CzIBeisbjI4nfYKj5OpDI8RCBK9r+rn1dlLlBKXg=	\N	f	ecarpenter@example.com	KPO 340	f	f	f	2025-04-15 14:50:44.138131+03	\N	\N	\N	f	\N	\N
195	pbkdf2_sha256$870000$WM0xQmEWoDC8vU7KzUNeTE$TT0+jHLdPLgn9HyPnu1+GC0RubJe3FVXOK7pz1R6Uco=	\N	f	jacobclay@example.org	MGI-8666	f	f	f	2025-04-15 14:50:44.138131+03	\N	\N	\N	f	\N	\N
196	pbkdf2_sha256$870000$h3x3u6qVG3vA5GmyQhuCdd$6JtXAGYZXHh0kUv1IF4hGTqmMWPNrbj7BCSkL3hRcAE=	\N	f	brandonsullivan@example.com	K29-95E	f	f	f	2025-04-15 14:50:44.138131+03	\N	\N	\N	f	\N	\N
197	pbkdf2_sha256$870000$7Jicd3KNqd9riLrunjD4Sc$P45W5vcfEiM6Y6fL2zSWInrZUGyqkvMpmEzt9G8vobs=	\N	f	kenneth19@example.com	KNN 711	f	f	f	2025-04-15 14:50:44.138131+03	\N	\N	\N	f	\N	\N
198	pbkdf2_sha256$870000$ISvzDOQbGq5rbp35xPHBud$3/9bUBz0JAp73vNE3ln4z9WuNZbihApfgaXcf4aFqM0=	\N	f	patrick88@example.net	ZMY-749	f	f	f	2025-04-15 14:50:44.138131+03	\N	\N	\N	f	\N	\N
199	pbkdf2_sha256$870000$Iz6VPHZKAhPvwE9vxkWK8M$UQgCXYIgniXWCvo9uD1FMSH6aDndZtHYP+7O+CL0z8E=	\N	f	zschmitt@example.org	2O 5112Z	f	f	f	2025-04-15 14:50:44.138131+03	\N	\N	\N	f	\N	\N
200	pbkdf2_sha256$870000$VPCvjIS5PExf8jWjuox1zO$nFbatML5LrQX04pxhR7RoZImpN9ecfob37U17AbbvaU=	\N	f	ashley02@example.com	QH 41792	f	f	f	2025-04-15 14:50:44.138131+03	\N	\N	\N	f	\N	\N
201	pbkdf2_sha256$870000$rqRZsDXIyuUSEIJXIjTeCn$8w0jN78HdPpQjfR0qThESOn910CU4Nb6wKpF76cA61c=	\N	f	pughapril@example.com	9CF 821	f	f	f	2025-04-15 14:50:44.138131+03	\N	\N	\N	f	\N	\N
202	pbkdf2_sha256$870000$gkyNRhYyUWK02RwfmWG8WD$jIxBT9mDUjCgWPoYT4CYUgwSSAxG8YcZvGFuFkDZlZQ=	\N	f	ddean@example.net	Q56-84A	f	f	f	2025-04-15 14:50:44.138131+03	\N	\N	\N	f	\N	\N
203	pbkdf2_sha256$870000$ZXJp8xmca9XozUICHGbvAg$W/XNH5+qqauXI+B8Mqcyg/osQ9/MwfSM2iKuGWWysxI=	\N	f	ashleyandrade@example.net	QZ 7200	f	f	f	2025-04-15 14:50:44.138131+03	\N	\N	\N	f	\N	\N
204	pbkdf2_sha256$870000$0PMPx4X1vbjRqkBQWiRWns$UpDDyfFpfjh0zb2v3Bo8xO0xUxLs4ay7UCu4RprYhvE=	\N	f	taramiller@example.net	9J I9976	f	f	f	2025-04-15 14:50:44.138131+03	\N	\N	\N	f	\N	\N
205	pbkdf2_sha256$870000$i3RZkVBQElJbkVdtuwfLmZ$p9273aVh8AOL/yJUOz5QfvroMTDFK+fR51JVe9oTWWE=	\N	f	johnlandry@example.com	8131	f	f	f	2025-04-15 14:50:44.138131+03	\N	\N	\N	f	\N	\N
206	pbkdf2_sha256$870000$zVXUocaRBXHPUYeRaVkU3l$yR6SyRB33RUllPEaBcUgmGFki5IxDnLGwoVwK+Yt/Rg=	\N	f	campbellanna@example.net	ZYV 8200	f	f	f	2025-04-15 14:50:44.138131+03	\N	\N	\N	f	\N	\N
207	pbkdf2_sha256$870000$nsGBdUDTGwX2ee5oGtDsBA$Xu4U0bvnAmR3km5MI+3Z97sTKR/bLw829Mq1iAmDv9c=	\N	f	pjohnson@example.org	VD 32798	f	f	f	2025-04-15 14:50:44.138131+03	\N	\N	\N	f	\N	\N
208	pbkdf2_sha256$870000$RltJuzH1iLf0ag4DHZyApR$3mZF4WYmgqOeqCQnhviELzEcdbquPi2vylOsmJF+Qjg=	\N	f	cmay@example.net	468-SVZ	f	f	f	2025-04-15 14:50:44.138131+03	\N	\N	\N	f	\N	\N
209	pbkdf2_sha256$870000$XvUQsBypxSOeXqKXq0oyep$eCO3AlIAkKA6PIk4Za/JK5cLERyrmEYkd3WgnNT5rw8=	\N	f	kimberly52@example.com	MVK 117	f	f	f	2025-04-15 14:50:44.138131+03	\N	\N	\N	f	\N	\N
210	pbkdf2_sha256$870000$rh7IHqXRiZacMTwYkkNtXO$Z+vyy6FNB056UujG61FZUPDtmJc3sxAtHtPqFZs2X7I=	\N	f	bennettrichard@example.org	9XN 334	f	f	f	2025-04-15 14:50:44.138131+03	\N	\N	\N	f	\N	\N
211	pbkdf2_sha256$870000$hm4bmC2jEJ3yAaXqYZ82gg$Ci4wxVPxWhH8BPN83RBrx4H+tyqsM/pfgmXYuqaCp4Y=	\N	f	troy43@example.org	LCQ 680	f	f	f	2025-04-15 14:50:44.138131+03	\N	\N	\N	f	\N	\N
212	pbkdf2_sha256$870000$BQH3xTfw2oJcnuf3QRH9eq$//m1VjV+/oCuEpjL9x0Mxqri/XkM9TpAqXDwnhh5heU=	\N	f	huntjessica@example.net	7XD6208	f	f	f	2025-04-15 14:50:44.138131+03	\N	\N	\N	f	\N	\N
213	pbkdf2_sha256$870000$zBZFB64s9byy1yffLhJ5iL$R6Kelw4bItHm/V2DPw5deDG+55cGsi1/Ssrrhg85fys=	\N	f	nmitchell@example.net	4-24297I	f	f	f	2025-04-15 14:50:44.138131+03	\N	\N	\N	f	\N	\N
214	pbkdf2_sha256$870000$5ip0OAI2Y39mJqv9DVcbXo$65I7bLwyEVvsvXIp6Qwn3K33c2VGDct8w0g+Dj9mBuM=	\N	f	bakermichael@example.net	007-OLM	f	f	f	2025-04-15 14:50:44.138131+03	\N	\N	\N	f	\N	\N
215	pbkdf2_sha256$870000$CHGRAHzoCqgcvL29SvzIOt$zj1Bklm8mLUlwv0NHI8Dy460TDId5Htwz9oLTg9qGxY=	\N	f	david76@example.com	NPR4183	f	f	f	2025-04-15 14:50:44.138131+03	\N	\N	\N	f	\N	\N
216	pbkdf2_sha256$870000$VryEURIZWw1ueRW5TRv96D$RNymPj5U79o+TOrGQMzKTI9t3XUmbgdWviBj4rHeGvE=	\N	f	cherylclark@example.net	OLX 152	f	f	f	2025-04-15 14:50:44.138131+03	\N	\N	\N	f	\N	\N
217	pbkdf2_sha256$870000$o6660yHUjh2nFVl02WOplh$laGO3qfx//ngxszfXuTPjZIDmSeWOsMKMHal13IVy24=	\N	f	bsanders@example.com	JC5 7261	f	f	f	2025-04-15 14:50:44.138131+03	\N	\N	\N	f	\N	\N
218	pbkdf2_sha256$870000$bTRHBYU9XWMSf2wIlaXAEU$/lkrB8bhLC0qi2vnztaiuaApez74J0nK/nAxQdY76d0=	\N	f	duranmichael@example.com	WTD 108	f	f	f	2025-04-15 14:50:44.138131+03	\N	\N	\N	f	\N	\N
219	pbkdf2_sha256$870000$Te4xZFFn16rVDVUpbYdsg5$PtH5mpPSG/UJQpzLJNtQyRcV4p2lr8BA3nlv/zWAeq8=	\N	f	sarahdavis@example.org	21-I270	f	f	f	2025-04-15 14:50:44.138131+03	\N	\N	\N	f	\N	\N
220	pbkdf2_sha256$870000$mNoYZK6KGHaafqqR0Zg6pR$gjFBdz1ALYMXlQgVSknDOLdK13Z2uhSDI/8bWXZaIeg=	\N	f	wagnersabrina@example.com	6-5702D	f	f	f	2025-04-15 14:50:44.138131+03	\N	\N	\N	f	\N	\N
221	pbkdf2_sha256$870000$4RPiJoH09GUBWhGPhJ0sao$v0OynnS+2BxaC4E1IbQX0zRAsnwdo5mBRyQwp/ggIMo=	\N	f	zwilson@example.org	0CR Y52	f	f	f	2025-04-15 14:50:44.138131+03	\N	\N	\N	f	\N	\N
222	pbkdf2_sha256$870000$SsCWIQRAQmv6tBYqFbzMNn$M5diBLcggxJAAI8OeB9IQK73Yj2tm3N98ossOwLjpWk=	\N	f	michaelcarlson@example.net	MAA 960	f	f	f	2025-04-15 14:50:44.138131+03	\N	\N	\N	f	\N	\N
223	pbkdf2_sha256$870000$M5yLlY3VZC8UIaG7io8AaY$rwPCgeC1oyj+QY8plDu1l6bLGy4bmbkdvsXhgl0y/3A=	\N	f	jamestaylor@example.com	85RK858	f	f	f	2025-04-15 14:50:44.138131+03	\N	\N	\N	f	\N	\N
224	pbkdf2_sha256$870000$jLyHAKeW5RL3QJlA4olxWK$/oxunuHdWPjo6pZKI73ScZKQA8xqVKkT4CKAUWbMiRk=	\N	f	greenejessica@example.org	877 4604	f	f	f	2025-04-15 14:50:44.138131+03	\N	\N	\N	f	\N	\N
225	pbkdf2_sha256$870000$stLlvpaLk09rqobQDGdgJw$D7FVGJofjcW2NLzT/8ilpQfJkHmVS4yJDS1A9UBxJ4s=	\N	f	icaldwell@example.net	RZK-170	f	f	f	2025-04-15 14:50:44.138131+03	\N	\N	\N	f	\N	\N
226	pbkdf2_sha256$870000$tkEVY5inGNy96pvqO4jhrX$qRjKfzf8PAEbeeEAIvnjg28rg2JeqRLcJ2d3TLf2k84=	\N	f	danielpineda@example.com	462KE	f	f	f	2025-04-15 14:50:44.138131+03	\N	\N	\N	f	\N	\N
227	pbkdf2_sha256$870000$7QqP2Aeh4V3masnjNL8fVq$cYHnep+lHUQpQo3+Ip+WtFuHI5+pg0ohKbJUPM9UpqI=	\N	f	courtneysanchez@example.net	S 268963	f	f	f	2025-04-15 14:50:44.138131+03	\N	\N	\N	f	\N	\N
228	pbkdf2_sha256$870000$dNOZ611E1oiDRc8pkDlS7A$P+Vqan0C8wz9KWbWNf/NPezGDnX4a3UvKkkU7OJPWFQ=	\N	f	robertgill@example.org	CDH0810	f	f	f	2025-04-15 14:50:44.138131+03	\N	\N	\N	f	\N	\N
229	pbkdf2_sha256$870000$mc7aabrHaaKWRghNjJ8qQJ$LaP1EYjw9W4eJgTaqm7tg0FQme4gu1LSut38CS74ZNw=	\N	f	ashley70@example.com	HB-7071	f	f	f	2025-04-15 14:50:44.138131+03	\N	\N	\N	f	\N	\N
230	pbkdf2_sha256$870000$iyXm1qOIXVsAgE0K4DSeMc$GJormEK8vA/lY0SOoNV/XkhZj+ygiHKYBPJlAPzPat8=	\N	f	skim@example.net	351-678	f	f	f	2025-04-15 14:50:44.138131+03	\N	\N	\N	f	\N	\N
231	pbkdf2_sha256$870000$SdXKWf10ULfbVnVVKcBQMc$518kjxOh7dahIrQ1LqPgXnP/sPWlGQyXkTHNHwbOZ2o=	\N	f	eparks@example.org	660 RTA	f	f	f	2025-04-15 14:50:44.138131+03	\N	\N	\N	f	\N	\N
232	pbkdf2_sha256$870000$rWLk1HLx9OGICDDKs8N2XG$wE/4exWMXtVbTx0mqZApuOQoWrLK/DEQLmV48q4hdgo=	\N	f	underwoodjacqueline@example.com	3Y 3S5EKA	f	f	f	2025-04-15 14:50:44.138131+03	\N	\N	\N	f	\N	\N
233	pbkdf2_sha256$870000$VhqlT4yUDSrC87kJnpBxwT$ZdnmrdhF+g0/aGgXsh1yljW0zesl3x12XyogqE52tLA=	\N	f	bryansullivan@example.org	071 5AL	f	f	f	2025-04-15 14:50:44.138131+03	\N	\N	\N	f	\N	\N
234	pbkdf2_sha256$870000$neA0xzsUyRsgor5GuKDq8P$qV1HLVnDqVEBipAjbZeZJ0pWBTXrKM9/TujSfJ2bCW8=	\N	f	andreamorris@example.com	04PG3	f	f	f	2025-04-15 14:50:44.138131+03	\N	\N	\N	f	\N	\N
235	pbkdf2_sha256$870000$ALOQudm6wbgqwLC1Hg4PTh$pwifAY7GCHBMxq60FTkDpBMmU277gksfKmUi+QYV4dE=	\N	f	erin91@example.com	0JMM961	f	f	f	2025-04-15 14:50:44.138131+03	\N	\N	\N	f	\N	\N
236	pbkdf2_sha256$870000$kYNJ6JV9m3cX0CFfp9NtyI$A5E48ODmAG89mAQeDnyRd9eSF22Oxp+5c0O8VyVxb9g=	\N	f	michaelbrowning@example.com	HF-1226	f	f	f	2025-04-15 14:50:44.138131+03	\N	\N	\N	f	\N	\N
237	pbkdf2_sha256$870000$VMMvXi6sGqXUSBjzq0rRb9$A4VoAXDmeijCGlS/zIOcpAer1coUEe/Z4M3eIGluv9E=	\N	f	cbrooks@example.com	MKU7351	f	f	f	2025-04-15 14:50:44.138131+03	\N	\N	\N	f	\N	\N
238	pbkdf2_sha256$870000$fCmIUasPnT1PdQ5xYAxlBp$6uvSBY9ojugBvqJEPOp+l6t2M2hB19WhV5pnjnnJmVw=	\N	f	carrie07@example.com	TRE 853	f	f	f	2025-04-15 14:50:44.138131+03	\N	\N	\N	f	\N	\N
239	pbkdf2_sha256$870000$jPokbZbDhqeQQrMcW9ApLL$JRiXzW37UDDwokU2Aw/XBoN+JHcQl9mw+/r/cfBBUG4=	\N	f	marshallbrian@example.org	4V326	f	f	f	2025-04-15 14:50:44.138131+03	\N	\N	\N	f	\N	\N
240	pbkdf2_sha256$870000$9pDRiekLCDdNmifMmTHFEn$j+0JfrdhP+Xr0I/LvI1gkZlw+D8MHBhPrSK6KjOLFpk=	\N	f	woodalexander@example.org	ZES 118	f	f	f	2025-04-15 14:50:44.138131+03	\N	\N	\N	f	\N	\N
241	pbkdf2_sha256$870000$vKaB8KfNA4mnkAS0pH3qEw$f+Iaw8Bgf+ExIlOXIfhG7u66JRdI7zmV0v13opCCLV4=	\N	f	stanleysmith@example.com	110K2	f	f	f	2025-04-15 14:50:44.138131+03	\N	\N	\N	f	\N	\N
242	pbkdf2_sha256$870000$0QdGVZDXuR3IkQQNlGCCeN$2YGert5uiqFsWYTzPA6AYW0Oju9ncQG2Gnev8CTRSuY=	\N	f	robert46@example.com	232 OIY	f	f	f	2025-04-15 14:50:44.138131+03	\N	\N	\N	f	\N	\N
243	pbkdf2_sha256$870000$InaBSeXAVq45UAnFkkNUHW$zD3vF1hRIS8VsFZOrXyqU1gb0dyquMFA88N9f/SNEZA=	\N	f	xgutierrez@example.com	38Y 721	f	f	f	2025-04-15 14:50:44.138131+03	\N	\N	\N	f	\N	\N
244	pbkdf2_sha256$870000$0RpHCB6TxxYG4IwRHoS9wE$5oVoYYVp2tS3+D6R404g2jzNqPqnapVIiWcWyBRmSdM=	\N	f	petersmith@example.org	98-F391	f	f	f	2025-04-15 14:50:44.138131+03	\N	\N	\N	f	\N	\N
245	pbkdf2_sha256$870000$2b6MzdAkMY9ClwW6bt9hyM$5OJY/o/diQpWDFYWvk4jIbxxbuQh5iEBipsI5+RHMC0=	\N	f	dennisharris@example.org	555 5BQ	f	f	f	2025-04-15 14:50:44.138131+03	\N	\N	\N	f	\N	\N
246	pbkdf2_sha256$870000$PR15qTIDWh2Hdf6DqSsoLI$blMELwCLtimmHwOBwGH87jY5gu2QOgHVo7joYlsdXGQ=	\N	f	kellymolly@example.net	MPT 523	f	f	f	2025-04-15 14:50:44.138131+03	\N	\N	\N	f	\N	\N
247	pbkdf2_sha256$870000$49bBSaDW5rmtuo5sYQR54C$czCj9ZfY25OadTxQAaszMLyVjM7v0CN80A1ODHmipY4=	\N	f	christy31@example.net	162M	f	f	f	2025-04-15 14:50:44.138131+03	\N	\N	\N	f	\N	\N
248	pbkdf2_sha256$870000$Rnqc5utLVMGrhQNW1KIPnh$+2sXB/SJE4YE1Q6T4NHiV17kIjLor9F/zvOtCTvCodc=	\N	f	christineblack@example.net	98PA7	f	f	f	2025-04-15 14:50:44.138131+03	\N	\N	\N	f	\N	\N
249	pbkdf2_sha256$870000$kr8s9XjzbqbylJcNsw057j$OPeA2XegbWipqW34NxBr1im8O4M4Zx+/qc3mgYyTYfc=	\N	f	reneecunningham@example.com	RWE-7092	f	f	f	2025-04-15 14:50:44.138131+03	\N	\N	\N	f	\N	\N
250	pbkdf2_sha256$870000$W4HvaEiUFWqnmEHRrmmwTw$MqJ/6TJQQZKEGiR9vXZ387mHZvgF1kSdxwtvtRCP83I=	\N	f	janet14@example.org	EMB-9800	f	f	f	2025-04-15 14:50:44.138131+03	\N	\N	\N	f	\N	\N
251	pbkdf2_sha256$870000$E2xwPVA0plDt7o9qCo8umi$D4QWFvWRMYw00bHOjEZWKFq5y5KQNkse952hKBqtE74=	\N	f	pkim@example.com	7Y 5278W	f	f	f	2025-04-15 14:50:44.138131+03	\N	\N	\N	f	\N	\N
252	pbkdf2_sha256$870000$pbxj8sVzYnhDBm3O4ARhdb$STAlIIwovXSOnxbj0bcX9WVvPRsqi+avnaEp7LT09l8=	\N	f	lvasquez@example.com	546 7DT	f	f	f	2025-04-15 14:50:44.138131+03	\N	\N	\N	f	\N	\N
253	pbkdf2_sha256$870000$pDyEZM5XjeaS0ZAqNRNwr4$OEEY5J7s/Co/wDkAJ0zrjJ1vJOMWdQ2MV2K1PL8Z/qg=	\N	f	marshlauren@example.org	24P T23	f	f	f	2025-04-15 14:50:44.138131+03	\N	\N	\N	f	\N	\N
254	pbkdf2_sha256$870000$u3qMqCX8IZWPghSryZgpb1$yhCij5DuH/2IGcOiv5APbMAZQPrnkFvYmqTwCJozaZI=	\N	f	cbrowning@example.com	369 2122	f	f	f	2025-04-15 14:50:44.138131+03	\N	\N	\N	f	\N	\N
255	pbkdf2_sha256$870000$SUQ4X9u7eYjvqGQEjyMwgp$a/QG0/ouxXozUF7aKBzbxAijkHB4HsjvdM14nrLqxV0=	\N	f	autumn46@example.com	770 HZP	f	f	f	2025-04-15 14:50:44.138131+03	\N	\N	\N	f	\N	\N
256	pbkdf2_sha256$870000$K3VmSJ9su1Vl3czyg8ERjE$Ig0aG3695L+cHJwRjJnOWm9YcwgjQTa5/sNg0Mxn4c4=	\N	f	williamsonteresa@example.net	730-864	f	f	f	2025-04-15 14:50:44.138131+03	\N	\N	\N	f	\N	\N
257	pbkdf2_sha256$870000$qyC41zQz6YfxjaVLRpDwmu$PDPBOBcbtpWNhrRS106FaqHaQ9VeRAbS2HjXqSASdXk=	\N	f	robertsevan@example.com	WKB 416	f	f	f	2025-04-15 14:50:44.138131+03	\N	\N	\N	f	\N	\N
258	pbkdf2_sha256$870000$NLTEoWd6lCbUfknMwMJPtd$H0WUMm9xJx2n7H0XyX/DICcJI4DN2B9hjcDTrSnxGUE=	\N	f	olsenaustin@example.org	828-HXSL	f	f	f	2025-04-15 14:50:44.138131+03	\N	\N	\N	f	\N	\N
259	pbkdf2_sha256$870000$eqqaU68UzEtzFzm0PyINW3$f6x3gt8yzPCNIflVGg+XpIGso5RiRm4Fos/a37NyWWE=	\N	f	james14@example.com	N 641159	f	f	f	2025-04-15 14:50:44.138131+03	\N	\N	\N	f	\N	\N
260	pbkdf2_sha256$870000$gztgTRAR17tN0dgF0nVz6s$jRpLv5aeJIPWC6tWkh5ifrpE0Afpfq84GNpmxVTGEXo=	\N	f	jennifer12@example.net	0SQ O63	f	f	f	2025-04-15 14:50:44.138131+03	\N	\N	\N	f	\N	\N
261	pbkdf2_sha256$870000$M8I2QrGVDj6ajAOBsusuX1$bWBsgJPNcmi+hapqbd/WGEY5uYormkLcXwcrEoFstYc=	\N	f	xmcbride@example.org	202-GVR	f	f	f	2025-04-15 14:50:44.138131+03	\N	\N	\N	f	\N	\N
262	pbkdf2_sha256$870000$qewKxBki6pyjwMH3IP9m3H$yw6WKerjQSMl45URrG+K7KZJPnAKAPx1TN6D3HN/lQo=	\N	f	robyn62@example.org	CBI 601	f	f	f	2025-04-15 14:50:44.138131+03	\N	\N	\N	f	\N	\N
263	pbkdf2_sha256$870000$ItsEGStzJpeS8tdk5Wza98$86mFW5O7zm3eQsDkclCOrMfgEd1Fo5RSwLn13xelkSk=	\N	f	jonesaaron@example.net	DV0 0694	f	f	f	2025-04-15 14:50:44.138131+03	\N	\N	\N	f	\N	\N
264	pbkdf2_sha256$870000$T68lfqwMyJyhfd4aFFkeQN$T4aiAuzCZ6XFW6hv75mBE0QcKs5yUaWPZfgU++6kEMY=	\N	f	joseph06@example.org	A80-47S	f	f	f	2025-04-15 14:50:44.138131+03	\N	\N	\N	f	\N	\N
265	pbkdf2_sha256$870000$t4WIdHde9EbmsPqehsxuIn$8P8nzecBBtGp+9c6OJM84qHM+PAAL7FykAtcyQMJBbU=	\N	f	fchavez@example.org	611-419	f	f	f	2025-04-15 14:50:44.138131+03	\N	\N	\N	f	\N	\N
266	pbkdf2_sha256$870000$GENZuKOe5fKPWqEfazVbkL$eTGBWWy/aAzliA+mdqjCX/gZkwydLbw/p0y22yJ8uDo=	\N	f	garycallahan@example.org	IFI 507	f	f	f	2025-04-15 14:50:44.138131+03	\N	\N	\N	f	\N	\N
267	pbkdf2_sha256$870000$3k9LK5Eb4zIvnT3lDVSpvT$GBTtHtkDtu+O0K2RBhtFLxN5k+86eshNurNhLZobQYs=	\N	f	taylorbrian@example.com	5D 4K6KKV	f	f	f	2025-04-15 14:50:44.138131+03	\N	\N	\N	f	\N	\N
268	pbkdf2_sha256$870000$kGyFrKVn3HmutqJFgBf7nq$hqajNWa2REobox5RNGKqWrBEsb0+RSSNvObATjQ4kLE=	\N	f	michaelshea@example.org	BPW-6639	f	f	f	2025-04-15 14:50:44.138131+03	\N	\N	\N	f	\N	\N
269	pbkdf2_sha256$870000$XI9BSEg5voYmASYS99otuD$HMmdJRHJMpgFWHgQTx0EzlRzKoGUCl/qP3HsPLduetg=	\N	f	lcoleman@example.com	ZEL 885	f	f	f	2025-04-15 14:50:44.138131+03	\N	\N	\N	f	\N	\N
270	pbkdf2_sha256$870000$5qqC9SUEJlBOKt5aypxgsW$cdYCuGahZd960jT/ll8zGVI+XEHwTIBWxCPAgQkY9CY=	\N	f	egonzalez@example.net	LIA 550	f	f	f	2025-04-15 14:50:44.138131+03	\N	\N	\N	f	\N	\N
271	pbkdf2_sha256$870000$5xt5AVLoJGHUnVXCaO01Xa$KeT4K8iVDEDie14fvOtXJHa957srRtPbIP53NiJqlUQ=	\N	f	jacksonpam@example.org	GPP 989	f	f	f	2025-04-15 14:50:44.138131+03	\N	\N	\N	f	\N	\N
272	pbkdf2_sha256$870000$rAHi4FpCzeGNXSvPyUf5I3$GTc/ZuY3CSGPjqJ1bGd6OG1pijbL1FW0EdukdmgRbY0=	\N	f	tdalton@example.org	CXG 842	f	f	f	2025-04-15 14:50:44.138131+03	\N	\N	\N	f	\N	\N
273	pbkdf2_sha256$870000$aKX2SUU3Ryv5KYIFb4SnsO$ugkK2OOrg3fn4PFi8EShfUAgVQL24j2NUvNlyMA6f+k=	\N	f	mcdanieljoshua@example.net	GVC-309	f	f	f	2025-04-15 14:50:44.138131+03	\N	\N	\N	f	\N	\N
274	pbkdf2_sha256$870000$Do6U1JXw0bUZWtOtVVF7xM$aPaGqzD+S5TiQLMx1NxgLXjK56ewQVXA9Y9Z4ZpFv3g=	\N	f	brad15@example.com	8L875	f	f	f	2025-04-15 14:50:44.138131+03	\N	\N	\N	f	\N	\N
275	pbkdf2_sha256$870000$ZIyyLQRKxpLndK3iLs8ZXn$QNOtPo5Hlh/RonD19aLka58o56ZgKPej9PHkfMX6ctg=	\N	f	austin23@example.com	267 ACW	f	f	f	2025-04-15 14:50:44.138131+03	\N	\N	\N	f	\N	\N
276	pbkdf2_sha256$870000$9FhZJ711eSpI09g7gRDXcv$4bNk1C9HER0WMLYX4w9ibMPJJlzD/k+WYBj0oZlCBPk=	\N	f	davidmolina@example.net	4U 8F8DFL	f	f	f	2025-04-15 14:50:44.138131+03	\N	\N	\N	f	\N	\N
277	pbkdf2_sha256$870000$kICWsqidCqhEt90xjJd5RD$Sp9D4jjN0jn/iDgY89P61zddldBkQAfYblWEI2tY4UA=	\N	f	mackjennifer@example.com	7-C5266	f	f	f	2025-04-15 14:50:44.138131+03	\N	\N	\N	f	\N	\N
278	pbkdf2_sha256$870000$eOQo7o9zxhM0RYoLpnIDH2$tMYwt+VzSZXB2DM/Nir53q4Yxqzp3fR1Or2fVHU945o=	\N	f	mendozajohn@example.org	9482 QD	f	f	f	2025-04-15 14:50:44.138131+03	\N	\N	\N	f	\N	\N
279	pbkdf2_sha256$870000$BTCD3ljGTluUoDWiNq5Ej8$hzw1JQnec5O3ozhExupf/ktWjk+b80UfBhL5kZkhN3M=	\N	f	mark61@example.org	4BO H54	f	f	f	2025-04-15 14:50:44.138131+03	\N	\N	\N	f	\N	\N
280	pbkdf2_sha256$870000$o7YNIG3vJKRGGH3GAwF9QZ$lBPpvSKe9Z53+Xu+l3VSqBwziHrwUIqGrPMpcl/p0S4=	\N	f	gonzalezjulie@example.org	1BU 285	f	f	f	2025-04-15 14:50:44.138131+03	\N	\N	\N	f	\N	\N
281	pbkdf2_sha256$870000$dVHameKktHHcTxS1ql0l07$OjsPwJdQL8FjUOxI3tDUprchh4nDS7ILt+zuAYaLCGg=	\N	f	wramirez@example.com	KMH 459	f	f	f	2025-04-15 14:50:44.138131+03	\N	\N	\N	f	\N	\N
282	pbkdf2_sha256$870000$2W6G32Cyn2LTgG6hG5eOb4$sMTfcgKEnqQ2O2NCELtoDXDs6fjL9DXTgjnP2hm5X2s=	\N	f	estradaalicia@example.com	3-Q5722	f	f	f	2025-04-15 14:50:44.138131+03	\N	\N	\N	f	\N	\N
283	pbkdf2_sha256$870000$j8jxgWDiNz5C5Wzco098FZ$FcCodEyEtl/W7GzBvq0L6SzH3dpVUuJckGtK2wRmGp4=	\N	f	davisangela@example.org	253-TJD	f	f	f	2025-04-15 14:50:44.138131+03	\N	\N	\N	f	\N	\N
284	pbkdf2_sha256$870000$FdsW1GQOunIignUJUmihxM$BCf7XwqwupoomniKPTDE4G5ZBiwhpwQvBgbhw6Rn56U=	\N	f	andersonsharon@example.org	0ZI S05	f	f	f	2025-04-15 14:50:44.138131+03	\N	\N	\N	f	\N	\N
285	pbkdf2_sha256$870000$bmuQXd4xfvFpl1Y4OyppAo$Dn+ynUfCqOOlXTtxx41+yjSPbeBt6KE95LRW6FPwb74=	\N	f	michaelvega@example.com	DA 2415	f	f	f	2025-04-15 14:50:44.138131+03	\N	\N	\N	f	\N	\N
286	pbkdf2_sha256$870000$2nZnPrVy964I7zQohcZfnz$gOfdcwkchALYV7+iodbrKF2tTvuMNFKX/WX90XeGFI4=	\N	f	tyoung@example.net	CW8 2484	f	f	f	2025-04-15 14:50:44.138131+03	\N	\N	\N	f	\N	\N
287	pbkdf2_sha256$870000$cJf84E0BYj9z8Uzvam29ym$aM7QL0G7VL2SP+OOgw9C4gJgIecIOIf5JNNo+Xn+iVI=	\N	f	kimberly38@example.com	447128	f	f	f	2025-04-15 14:50:44.138131+03	\N	\N	\N	f	\N	\N
288	pbkdf2_sha256$870000$bkk2fVLBBAlr2xgMFsv1nZ$sYSCuuQb79rkjFwJWEq5yJJB5dpLFJ60+eFnJAfuaik=	\N	f	brittany02@example.net	9QZ0919	f	f	f	2025-04-15 14:50:44.138131+03	\N	\N	\N	f	\N	\N
289	pbkdf2_sha256$870000$sdoz1dYfd0Ey5yKWfUuaKC$bW7KBunRQpymDzfZmGNX7uEg1mVzoZ/Sq3MUX3ttit8=	\N	f	katherine00@example.net	068-240	f	f	f	2025-04-15 14:50:44.138131+03	\N	\N	\N	f	\N	\N
290	pbkdf2_sha256$870000$f3Qi58iwvLDw7TZGGPhnPZ$MPYxXuc7uP2ao3y/6f2wzzL8L0aadIaYGYzSNY7Q9bI=	\N	f	ihuber@example.net	N36-YFK	f	f	f	2025-04-15 14:50:44.138131+03	\N	\N	\N	f	\N	\N
291	pbkdf2_sha256$870000$SkRj6n0qa0EYjGjgmPVWBh$KwcQk5x5eJZs29sR6InzluK215AW4jmCkeF00ZFf5hw=	\N	f	michellepaul@example.org	8TQ9593	f	f	f	2025-04-15 14:50:44.138131+03	\N	\N	\N	f	\N	\N
292	pbkdf2_sha256$870000$loAE7SFvZVn2qttgUqb4xQ$HDWC2VRrwp4NaqbswyPZwT+jYCFSk6mZf/yI8cJXkaM=	\N	f	collinsrandy@example.net	QCD-338	f	f	f	2025-04-15 14:50:44.138131+03	\N	\N	\N	f	\N	\N
293	pbkdf2_sha256$870000$Z7hnCmBkkCpEnPuinjjAkv$SY5kEu+NeKL4+Ndb9iVAq6A6+bS6AT0uUsxLqn6dh38=	\N	f	jordan39@example.org	1HB06	f	f	f	2025-04-15 14:50:44.138131+03	\N	\N	\N	f	\N	\N
294	pbkdf2_sha256$870000$mpJ3AmkDJsG0WD1C4qfUcw$Y5+lGK3OWDzrzCLtDsDwEosLKtFvMkH0MkfbPEbUbZE=	\N	f	erika92@example.net	NPD 774	f	f	f	2025-04-15 14:50:44.138131+03	\N	\N	\N	f	\N	\N
295	pbkdf2_sha256$870000$11hDxituFbciOo8KimExkj$oKmmr4iNzmd33+sVRFtovEIvsCiniSC0e+NH8IIuvtY=	\N	f	andersonjustin@example.net	38V Y13	f	f	f	2025-04-15 14:50:44.138131+03	\N	\N	\N	f	\N	\N
296	pbkdf2_sha256$870000$2FgpLm1JyQEXjrAdVVvAJT$tF9s8N3Cjvk4G1ziZTSTUWzprLMYHbWTFnhzFeCLki0=	\N	f	zallison@example.org	1CK17	f	f	f	2025-04-15 14:50:44.138131+03	\N	\N	\N	f	\N	\N
297	pbkdf2_sha256$870000$XXrJhTsenhFY3eQABH7qjU$lItH1Kg2/uc0WHN8mvbF2xTPSjKlkVcbS5mRfo64Mak=	\N	f	andrea22@example.org	528-DBY	f	f	f	2025-04-15 14:50:44.138131+03	\N	\N	\N	f	\N	\N
298	pbkdf2_sha256$870000$NKHIj4bymGCB1AEM9sth4r$cWRl4d8vjXKBUizREVFJbIj7uMve9zWNFAiuuDTL97k=	\N	f	david99@example.net	XUY 892	f	f	f	2025-04-15 14:50:44.138131+03	\N	\N	\N	f	\N	\N
299	pbkdf2_sha256$870000$Vt6VikSZIvpKeN5xtqfN9G$Sq6eOXzcmc2+q3Se0NCaKRUc0ajtybbqQkcup9k45aU=	\N	f	david62@example.org	3JR X67	f	f	f	2025-04-15 14:50:44.138131+03	\N	\N	\N	f	\N	\N
300	pbkdf2_sha256$870000$XMjLvCMuytYlQyySzWIPTH$1uJzo5xbAc9yFopFqzKuqiAxdvptmDk//qDEdbmImF0=	\N	f	mary53@example.org	0-44954	f	f	f	2025-04-15 14:50:44.138131+03	\N	\N	\N	f	\N	\N
301	pbkdf2_sha256$870000$FKLn5J1TnPd6F94aOTDlti$0u4W2OxinBBfUIPwlTCm9HkXLEdehZnyqj4duGH543o=	\N	f	earmstrong@example.org	55S 899	f	f	f	2025-04-15 14:50:44.138131+03	\N	\N	\N	f	\N	\N
302	pbkdf2_sha256$870000$TV8Rij4epIkgJSsW1Gg2ii$AokT7th6mLw3UUq+5ACjM8poJS+Vka3o/UFF16HFZ7Q=	\N	f	webbkevin@example.com	583 IZK	f	f	f	2025-04-15 14:50:44.138131+03	\N	\N	\N	f	\N	\N
303	pbkdf2_sha256$870000$e8rxL1yXKkFCrPcNX1rqrD$xmXy3+zP2hz3I/lsBVe6DzNw18dZ2ttQfT+ItSuw7U8=	\N	f	abbottlarry@example.net	QOA 405	f	f	f	2025-04-15 14:50:44.138131+03	\N	\N	\N	f	\N	\N
304	pbkdf2_sha256$870000$HpA9pR2pq6w0rZXBCvColk$8OQDoPs5y2AHsuEhy05RYxhp3DsJ5fC7R10WobPF7DI=	\N	f	stefaniemoore@example.org	WGX 594	f	f	f	2025-04-15 14:50:44.138131+03	\N	\N	\N	f	\N	\N
305	pbkdf2_sha256$870000$6aOXX0Y2g1LmiLhSDiJjBf$3MF9cXAHDWY5YJPzH8VHqoqBNw2QQ42V6P4YT41CRss=	\N	f	kgriffith@example.com	SPL4969	f	f	f	2025-04-15 14:50:44.138131+03	\N	\N	\N	f	\N	\N
306	pbkdf2_sha256$870000$paN0Nxo1BhbUpCY6gT89sE$FnhxpM5KBxbMC6l1ajRHh9ixKL9YXrfiMNumLqf26Iw=	\N	f	qsharp@example.org	15VL8	f	f	f	2025-04-15 14:50:44.138131+03	\N	\N	\N	f	\N	\N
307	pbkdf2_sha256$870000$jhUiAB2VIAYLVzYPG8ZoXj$EIYzueADMrCGfkcmjEGffahmp3+w8G6XID8GgCNTmqQ=	\N	f	ihill@example.org	SCL-641	f	f	f	2025-04-15 14:50:44.138131+03	\N	\N	\N	f	\N	\N
308	pbkdf2_sha256$870000$x24vLmEZ9Q5adX0liPCUKq$7L4WNjjikmF2WsbYD+X9+lpyB0XrXllVYwiS7OAr+Io=	\N	f	wigginsdenise@example.com	9R003	f	f	f	2025-04-15 14:50:44.138131+03	\N	\N	\N	f	\N	\N
309	pbkdf2_sha256$870000$clU4iDQJRX8y1c5c7sdfUu$BPAXEx5izMKrHeKBy4RlK2SVV/Q2lhpCYqUWJd5R7+w=	\N	f	daviserica@example.com	FKW 501	f	f	f	2025-04-15 14:50:44.138131+03	\N	\N	\N	f	\N	\N
310	pbkdf2_sha256$870000$LqKZezOo1tWgcbUlRdYsNa$MVyCyXeJVWoU984uHBsdAF00iYelewA3E7db9341F64=	\N	f	barnesdavid@example.com	428 8CJ	f	f	f	2025-04-15 14:50:44.138131+03	\N	\N	\N	f	\N	\N
311	pbkdf2_sha256$870000$sTWnYCcDl4wHt0AH2lUUyc$D/OFmgUpI2TyKAcJeUdONuCsDdRny82S0+NCX9qSdzE=	\N	f	nicholaswilliams@example.net	U41 7XG	f	f	f	2025-04-15 14:50:44.138131+03	\N	\N	\N	f	\N	\N
312	pbkdf2_sha256$870000$yqSyMZa303HvkzJQfCDG8e$Tq71jHMc2xwQrZ9DmLQ8TctP8h+3PsTp4bz8gwmApgc=	\N	f	tanya88@example.org	7-15121	f	f	f	2025-04-15 14:50:44.138131+03	\N	\N	\N	f	\N	\N
313	pbkdf2_sha256$870000$syvxxtP2pHLPFMJ8zbx0hW$tHXnxR33BWY8t+hdN2ISL8Dgk1kbGYnbq6zPIsbJj6M=	\N	f	bob05@example.net	MKO 723	f	f	f	2025-04-15 14:50:44.138131+03	\N	\N	\N	f	\N	\N
314	pbkdf2_sha256$870000$EsM42uvznnneDPoYj7gQpV$KAuPmkV8VVnE7g3JuzK+IjslDcVLnUw8jfP1Qzq1S6w=	\N	f	scottgary@example.net	R34-17I	f	f	f	2025-04-15 14:50:44.138131+03	\N	\N	\N	f	\N	\N
315	pbkdf2_sha256$870000$78mTUOqLioopZzdY4Zqbis$GGR7es6y0zAa/GmKTAzTfVb+GljWAcVy4a/TrJNOveg=	\N	f	dianehunter@example.org	146 XPS	f	f	f	2025-04-15 14:50:44.138131+03	\N	\N	\N	f	\N	\N
316	pbkdf2_sha256$870000$1DvsWquRzb3a7HC3JBzbko$e6PO7Ne1FIE4w348fvJAmMykdAEhilh7Ew/ABx/wfYE=	\N	f	spatrick@example.com	MAL 071	f	f	f	2025-04-15 14:50:44.138131+03	\N	\N	\N	f	\N	\N
317	pbkdf2_sha256$870000$hNZhPRzEIFEuwE0935Eac2$RiiOJjDqmdhVuksA8PymH9KJobCMBWX180teXePAdqA=	\N	f	kellycarter@example.org	90E•858	f	f	f	2025-04-15 14:50:44.138131+03	\N	\N	\N	f	\N	\N
318	pbkdf2_sha256$870000$CWWhpvVsgZJrnoEyldxFQi$wwFGtKnA7ZZSmgx2HvY16YcLzZq8Pk0He9No1tkYtpw=	\N	f	jacksonsamantha@example.com	KZS 182	f	f	f	2025-04-15 14:50:44.138131+03	\N	\N	\N	f	\N	\N
319	pbkdf2_sha256$870000$UiRXT1HvIIqnqsfwAlhQgc$q+d8OXWoOZITPW9WkWe46k0wGLWZoxCaMumicPHzcU4=	\N	f	phillipalvarez@example.net	7BO 720	f	f	f	2025-04-15 14:50:44.138131+03	\N	\N	\N	f	\N	\N
320	pbkdf2_sha256$870000$1w2PtXqDQrBEklgY31kTrG$diFxLmo5A9pde8hxHkvoTItz+0iLuZLkyGFkTNScxOU=	\N	f	davidflores@example.com	9YW N31	f	f	f	2025-04-15 14:50:44.138131+03	\N	\N	\N	f	\N	\N
321	pbkdf2_sha256$870000$OKmCv8yoTkjGNffFN0L1Gq$YFHDTJKfBp5jAY7N9hkn7cW3jKKVtjHDhHM0laga4nE=	\N	f	kristahill@example.org	509-PDY	f	f	f	2025-04-15 14:50:44.138131+03	\N	\N	\N	f	\N	\N
322	pbkdf2_sha256$870000$PCPXZr1vb9EIFSKnZK3TYw$xWETp9ZFL/4FC5KxpC62DpV1YPPZYTzVtKE2nKGVHu8=	\N	f	orios@example.net	7796	f	f	f	2025-04-15 14:50:44.138131+03	\N	\N	\N	f	\N	\N
323	pbkdf2_sha256$870000$0CFlzhxJOnMSOXRYvHSmxv$Lfsrp6gCPfqQcExGN0WpphlG014BqHL4l/4cj9GkE1E=	\N	f	christopher63@example.com	XJM9331	f	f	f	2025-04-15 14:50:44.138131+03	\N	\N	\N	f	\N	\N
324	pbkdf2_sha256$870000$tkYnThneJfvtyEmgRIVMd2$JuXKWw5VcwfbHHJ0JgIF/FXziBVXroZOyrLTJTnQGVM=	\N	f	frederickknight@example.org	IX 56981	f	f	f	2025-04-15 14:50:44.138131+03	\N	\N	\N	f	\N	\N
325	pbkdf2_sha256$870000$GrItJQnx3YmgTJ8gfCiceJ$yg8ksIFbUqUgqxPnLT6Zk1C98L/VMfBGypM5q2hTQ5k=	\N	f	charlesrobinson@example.com	ZTU 956	f	f	f	2025-04-15 14:50:44.138131+03	\N	\N	\N	f	\N	\N
326	pbkdf2_sha256$870000$V5nCleHWaPaXnXmFrS1gn0$rQ669NcbJq+UxWS3NFvzbhawHEaMg++Wrd9D58Z/jow=	\N	f	rodriguezmark@example.com	MEX 317	f	f	f	2025-04-15 14:50:44.138131+03	\N	\N	\N	f	\N	\N
327	pbkdf2_sha256$870000$NWhNCK7hUYHRpn87SfGymt$5Fv6hcJm8oQgER/u00XEndsoQesUddJZ61qOZ7PSqlY=	\N	f	alvarezandrew@example.net	PLN 110	f	f	f	2025-04-15 14:50:44.138131+03	\N	\N	\N	f	\N	\N
328	pbkdf2_sha256$870000$xstqWBIPsOjuhcFv5hETDY$42dQvRzRh0QeEEuMIJ12GtcwNLFuIsvRjLNOxpry2f4=	\N	f	yeseniamcintyre@example.org	HWN 220	f	f	f	2025-04-15 14:50:44.138131+03	\N	\N	\N	f	\N	\N
329	pbkdf2_sha256$870000$fY3uT67XNwQ8GLyu512347$As55G5Sr6T+cdI+Q/oWvbz5/o7ujQx+cZJ2V8Q+r8Rw=	\N	f	crystalflynn@example.net	156VTX	f	f	f	2025-04-15 14:50:44.138131+03	\N	\N	\N	f	\N	\N
330	pbkdf2_sha256$870000$HjKHEeN5arG1ij86HFXGmb$JmXkKM4nyW5E2jOkPa7vYRyZhH/vA+y625YpSGCZekM=	\N	f	johnwilliams@example.com	RTW 356	f	f	f	2025-04-15 14:50:44.138131+03	\N	\N	\N	f	\N	\N
331	pbkdf2_sha256$870000$VIQ3yyz9MSKFr44ydtxIiY$A6t4Jy/WDweMXmqLfVVUVcElv+D3RtaHr0kuFFPWCq4=	\N	f	kathryn21@example.org	EJ 2103	f	f	f	2025-04-15 14:50:44.138131+03	\N	\N	\N	f	\N	\N
332	pbkdf2_sha256$870000$uunLNk5ZfCuH13pahl4yUb$V3Olma/uK4LouV+9A787UVjqOfgzN9d3f7v3n+56VV8=	\N	f	rbell@example.net	1I 8401I	f	f	f	2025-04-15 14:50:44.138131+03	\N	\N	\N	f	\N	\N
333	pbkdf2_sha256$870000$DjeE5XCC3r9LkfELGw8Xug$whHDqKIdXA8vYV4E6XovT6U23SeBHRRa07KmU8a1fbA=	\N	f	andrewjones@example.org	BWZ-3426	f	f	f	2025-04-15 14:50:44.138131+03	\N	\N	\N	f	\N	\N
334	pbkdf2_sha256$870000$pWTibZjNOsWa6yR7yYAAyB$//dDoV5jyMIr3KPD3gk4taHVMDxXJziJe6DZLltl7hU=	\N	f	nortonnathan@example.net	ZPJ 173	f	f	f	2025-04-15 14:50:44.138131+03	\N	\N	\N	f	\N	\N
335	pbkdf2_sha256$870000$OOfh1cNIbWBF276gs3TpW3$9IfeWOR/RWjl6ot5SZ71CiMVUlaFMsbJf/yURqN3/nw=	\N	f	zmueller@example.org	31NH4	f	f	f	2025-04-15 14:50:44.138131+03	\N	\N	\N	f	\N	\N
336	pbkdf2_sha256$870000$4yaQeAbEM7l61ZKVyjxkXw$rE2z++3ypEjB9MxV2bg2gYoDfzMSwjazwlicr0iAexo=	\N	f	josephroberts@example.com	33-34004	f	f	f	2025-04-15 14:50:44.138131+03	\N	\N	\N	f	\N	\N
337	pbkdf2_sha256$870000$2Lfy203IcJaWzo4tlhjGC9$3g42M4JtQjN6nLTmys0Y6M6tOIoDRbQy+hxoQ0GD5fo=	\N	f	john61@example.org	FZM1635	f	f	f	2025-04-15 14:50:44.138131+03	\N	\N	\N	f	\N	\N
338	pbkdf2_sha256$870000$4hgfxdKXGKG8kO5djjMipI$Qis+5fOCij/t3YVfCh+ysVeTTGV2TnN4d9HgobdeUl0=	\N	f	bennettheather@example.org	U05-EBE	f	f	f	2025-04-15 14:50:44.138131+03	\N	\N	\N	f	\N	\N
339	pbkdf2_sha256$870000$OCazvgNG6KeGRY36a5q1C8$Tb7DKrtrx2IV+BN3mJVh38OSCClvP+ayD825kufvh04=	\N	f	uwillis@example.org	62G TC0	f	f	f	2025-04-15 14:50:44.138131+03	\N	\N	\N	f	\N	\N
340	pbkdf2_sha256$870000$1DwR8ghlIE93w6nElOnw3p$8gaJNkN5FjewLdKAlAhvItzU09kDkoYQKwXuNX2KmbU=	\N	f	david43@example.com	VZV7689	f	f	f	2025-04-15 14:50:44.138131+03	\N	\N	\N	f	\N	\N
341	pbkdf2_sha256$870000$8tD4zaTqlwiteCYB8okLnf$Q4N6wgOpEAM9xd6dChi4K654PkMG9eBp4sltB1ncJr4=	\N	f	john38@example.org	238MY	f	f	f	2025-04-15 14:50:44.138131+03	\N	\N	\N	f	\N	\N
342	pbkdf2_sha256$870000$8BZw4EtkFt76Zqc36ICsQu$WsE2EiDc8PG6GacYfK2QHWhDz5P38ygyQr8AqeOH32I=	\N	f	mtucker@example.com	3846	f	f	f	2025-04-15 14:50:44.138131+03	\N	\N	\N	f	\N	\N
343	pbkdf2_sha256$870000$B8ZRLxWEf8eIwquixUe8K3$Pjuu9oPTGIpHKOG6Aa5ytW5Ha4ZE2ZgjJkq+/iMBcUc=	\N	f	proman@example.org	XNE 843	f	f	f	2025-04-15 14:50:44.138131+03	\N	\N	\N	f	\N	\N
344	pbkdf2_sha256$870000$VSIJPld6rzBXIyANs8m2Iv$T9OxGEdmalPpsHVMf/oQZsUw58+a+D/FiZyLU5oVrN4=	\N	f	meltonroberto@example.net	JXY 713	f	f	f	2025-04-15 14:50:44.138131+03	\N	\N	\N	f	\N	\N
345	pbkdf2_sha256$870000$R19SbTPPxTHVXiSZ73bCoP$tXlcO9YdQ173hHFszuFwvL6+evbZ4UOoU/4TN4GKjqM=	\N	f	hicksamber@example.net	AY 19696	f	f	f	2025-04-15 14:50:44.138131+03	\N	\N	\N	f	\N	\N
346	pbkdf2_sha256$870000$JkbrIPnVRZJCUkuDfFFtHw$qcrdE+FXQU++jnlasfT7MX8chRGCX2ZbnZHgGL2sI68=	\N	f	bakerzachary@example.org	48NE208	f	f	f	2025-04-15 14:50:44.138131+03	\N	\N	\N	f	\N	\N
347	pbkdf2_sha256$870000$BO7zajiHGyekNvsV94RFUT$YS7o+sEYr8lgDDkeZfmTxeCsv2sxWZu14V03gh2taP4=	\N	f	vaughnmicheal@example.org	67-HG82	f	f	f	2025-04-15 14:50:44.138131+03	\N	\N	\N	f	\N	\N
348	pbkdf2_sha256$870000$ZtCcqVsGGKmxJ0ehG5uRV0$nZUzc2cxf3YYqSxAJMR43jBEXuNoj03Amkh3sjJqG1A=	\N	f	johnsoncalvin@example.org	3FP 634	f	f	f	2025-04-15 14:50:44.138131+03	\N	\N	\N	f	\N	\N
349	pbkdf2_sha256$870000$wfdJgFcOXbA29F8cQ4eM9k$DkConYai4xI3Es5+y3ov/VxUbd5kx7lOxLgAT9E9chg=	\N	f	mcbridefrancis@example.org	LRI 969	f	f	f	2025-04-15 14:50:44.138131+03	\N	\N	\N	f	\N	\N
350	pbkdf2_sha256$870000$Xfd6S1Iz8MYOyeDY0op21R$5S/gPiXDnlfhsXcYPIXhJfS9O+nnw7Q2ulfBJdnmsqk=	\N	f	scole@example.com	UUS-565	f	f	f	2025-04-15 14:50:44.138131+03	\N	\N	\N	f	\N	\N
351	pbkdf2_sha256$870000$qKZ2S7Q8ettq192QrSyzdM$9BotDCFU+AvAnd3tip7RmF7nwBezK6LksNqBugCBNu4=	\N	f	kschmidt@example.net	ZQT 638	f	f	f	2025-04-15 14:50:44.138131+03	\N	\N	\N	f	\N	\N
352	pbkdf2_sha256$870000$sfaoxZo6YCcYq7agDvNKrK$vm/i6LJbDSMDaakhUAIvwkRMkTDF7Jd8s8YU1CR1gYo=	\N	f	angela26@example.net	750-VBJ	f	f	f	2025-04-15 14:50:44.138131+03	\N	\N	\N	f	\N	\N
353	pbkdf2_sha256$870000$7aNL8uQUA5nOJiM5uQ74yL$ZsKeqJJjp2ssqDMgUqR7k397MovRLTwXAQk36OyBlTQ=	\N	f	dominguezcindy@example.net	5IW 644	f	f	f	2025-04-15 14:50:44.138131+03	\N	\N	\N	f	\N	\N
354	pbkdf2_sha256$870000$ksBGITvjUB0jPMmTnFtoD8$JtAD+WEp2ypwHfjBJDYT8xGrLNul+T5Eyql/FWaZ+zU=	\N	f	michaelmiller@example.net	3S431	f	f	f	2025-04-15 14:50:44.138131+03	\N	\N	\N	f	\N	\N
355	pbkdf2_sha256$870000$NFudbb52r3vH2zAdiSgUvi$OBl0MsUXFffTxsR7zcvLgTQnFxGL0yVPMJiXB3niEpI=	\N	f	kingkyle@example.org	ZMS 9541	f	f	f	2025-04-15 14:50:44.138131+03	\N	\N	\N	f	\N	\N
356	pbkdf2_sha256$870000$yKdDLeTN1gF00b30zPZ2Ch$f0THZSwee8tGZhz2nLCtQxPXNtSZa8umGbfP5/bpimM=	\N	f	ericwright@example.org	5MQ 762	f	f	f	2025-04-15 14:50:44.138131+03	\N	\N	\N	f	\N	\N
357	pbkdf2_sha256$870000$flebAlGf2QGVD5VZhQKtJI$OzvSKmnxUTySqj6ywZWFjjydITHpgbbN2KH3C4G7mk0=	\N	f	moorejason@example.net	424-XCH	f	f	f	2025-04-15 14:50:44.138131+03	\N	\N	\N	f	\N	\N
358	pbkdf2_sha256$870000$yjzjx4bfBIIpkjzRRQ3GBo$M0Lkaw3bDb/z3hYmi5Ufk2rfINk//4oQ5ah2k04DEHE=	\N	f	robinsonrobert@example.org	4CM8154	f	f	f	2025-04-15 14:50:44.138131+03	\N	\N	\N	f	\N	\N
359	pbkdf2_sha256$870000$HFEPKlng1Mv9mrroctrdnZ$i4L7iIEiHDSlXxhpUcUOlaoCtKjiW/kmSHzzGqymcMc=	\N	f	ambermartin@example.com	YAR 721	f	f	f	2025-04-15 14:50:44.138131+03	\N	\N	\N	f	\N	\N
360	pbkdf2_sha256$870000$I7yww24k2G4m1yat5LH0ft$WLrTjtpLmo+pLljGJMgbvAHxwVcSWkDA9TgOeB0vMqY=	\N	f	nancy93@example.com	J58 5VG	f	f	f	2025-04-15 14:50:44.138131+03	\N	\N	\N	f	\N	\N
361	pbkdf2_sha256$870000$TzGjDq6MW4X8brg0hXRucI$Cm33tiapfUrlBwHeCe1Wcb7oHo5m5xZAP/JsjSp7AGE=	\N	f	lwall@example.org	659 IND	f	f	f	2025-04-15 14:50:44.138131+03	\N	\N	\N	f	\N	\N
362	pbkdf2_sha256$870000$eEMEVbGqzcXJHuAM2Ffddp$eIugNL+ZpSli4KcfjoL2XszsEYZkKsRMEQtMejO2OxI=	\N	f	mitchelljohnson@example.org	E20-57S	f	f	f	2025-04-15 14:50:44.138131+03	\N	\N	\N	f	\N	\N
363	pbkdf2_sha256$870000$yNcID3ZaQh20PJGeaYUOA0$y8bpq9/zNUcB78w1amb8eEKa7Xs+qIW902HpubEKYNc=	\N	f	katie71@example.org	464 GAB	f	f	f	2025-04-15 14:50:44.138131+03	\N	\N	\N	f	\N	\N
364	pbkdf2_sha256$870000$tOIqbTu5A3BPQ4FeHpmmq0$WqlkBacdOgxGnqHHt6qyqW+KlRBKdjM9AOJEB5TPBOA=	\N	f	sarahbenton@example.net	0ME0363	f	f	f	2025-04-15 14:50:44.138131+03	\N	\N	\N	f	\N	\N
365	pbkdf2_sha256$870000$ZUsQUrsfFWukERU3LaNULo$WLoVmtSHR9mFVDU2YCU25SDQep4Cq6s9YpmnIFIL1Zw=	\N	f	kdaniels@example.com	Q98-SBQ	f	f	f	2025-04-15 14:50:44.138131+03	\N	\N	\N	f	\N	\N
366	pbkdf2_sha256$870000$GKGhIdHb7rYWTKxHWx1JK2$J8Up73p9tCGvqDrPXZUjfowfKBn7PFvlzIrkreeq0/s=	\N	f	brandonrose@example.com	CL 8151	f	f	f	2025-04-15 14:50:44.138131+03	\N	\N	\N	f	\N	\N
367	pbkdf2_sha256$870000$yabiMu9hbVDLc9EVP5YfQf$5ouRVVsQShSyQNarKpFTtDL7Bdx+N2eOJkStu5ecRkE=	\N	f	jonesrobin@example.org	YAX T52	f	f	f	2025-04-15 14:50:44.138131+03	\N	\N	\N	f	\N	\N
368	pbkdf2_sha256$870000$PdpA0LdMSVxtlfHucSn2ZY$zDZtLK/p5vb2YWUNZI/8sYXIP/z1dwaZZPIr1KHiAjs=	\N	f	cynthia47@example.net	M79 5RN	f	f	f	2025-04-15 14:50:44.138131+03	\N	\N	\N	f	\N	\N
369	pbkdf2_sha256$870000$LPZGM7Ggkf9W6267lnWXKu$H+ijSG44tyl93HFh52pzAvuWZhY0UPwlCYnpYNp5Iqk=	\N	f	amberatkins@example.com	LFA 356	f	f	f	2025-04-15 14:50:44.138131+03	\N	\N	\N	f	\N	\N
370	pbkdf2_sha256$870000$h4EpuEw2PGc3Hv5L1IZdrQ$Yjp1TKp9cfAJeWnTChoylwTNR0S1D95AcjtonnqNVpE=	\N	f	anthonyfoster@example.net	096 SEF	f	f	f	2025-04-15 14:50:44.138131+03	\N	\N	\N	f	\N	\N
371	pbkdf2_sha256$870000$7ORoVYMO1WkoWacg31wuG3$FJTvsgmV/DcznpNUwxX+Rg5Dwyk6eyMMl0MQcvlg6zc=	\N	f	maddenmatthew@example.org	4-77733	f	f	f	2025-04-15 14:50:44.138131+03	\N	\N	\N	f	\N	\N
372	pbkdf2_sha256$870000$wFaQ2dW7HlsL5Pthx5qzWW$ewX4ZkVrGMluMY7d+zxFinmcu6qhkU8iRqU3NSS7zgU=	\N	f	santiagojoel@example.org	UFI9134	f	f	f	2025-04-15 14:50:44.138131+03	\N	\N	\N	f	\N	\N
373	pbkdf2_sha256$870000$m6io6LD6BA7DdL5s8mxh2N$LYEz1m7BTcR9ERupLSXeh/VMngRjuLL9XoivLoNUS/Q=	\N	f	timothyjones@example.org	CAK-7517	f	f	f	2025-04-15 14:50:44.138131+03	\N	\N	\N	f	\N	\N
374	pbkdf2_sha256$870000$1VSqX3WL6tmoQz5a7A80Ss$/QJGVKmmn59LU3+yCDpTzXe9/rPLBf2gp8SWN7yTsi4=	\N	f	oedwards@example.net	ITD 267	f	f	f	2025-04-15 14:50:44.138131+03	\N	\N	\N	f	\N	\N
375	pbkdf2_sha256$870000$szvgoiuaSW89tRgQYkso6A$Eq7dNRFraoDF19CHxXZted06Z+yBDc2uA7/GsxDmZ38=	\N	f	pamela61@example.net	527-NZD	f	f	f	2025-04-15 14:50:44.138131+03	\N	\N	\N	f	\N	\N
376	pbkdf2_sha256$870000$Gpmh479oPnVZ3CosvSubvo$rdrTnyyT7LAk0gwQHGKYZROMhe1zD0ohwsNTnHJnz/I=	\N	f	elizabeth92@example.net	608 BB4	f	f	f	2025-04-15 14:50:44.138131+03	\N	\N	\N	f	\N	\N
377	pbkdf2_sha256$870000$CTg9Aj6adXGUakruAitUqc$MAzCOwK9spRWsQw6Sp4dhm07rI+KQHbw7AcibZowlfI=	\N	f	jessica75@example.net	8E745	f	f	f	2025-04-15 14:50:44.138131+03	\N	\N	\N	f	\N	\N
378	pbkdf2_sha256$870000$ktbYbgQDKk19UjvvhOdJTU$NBwCoAgBK4ejDEzyF0iuzLrDBjub/tX1+pC93vfw0WA=	\N	f	steve12@example.net	905-NQP	f	f	f	2025-04-15 14:50:44.138131+03	\N	\N	\N	f	\N	\N
379	pbkdf2_sha256$870000$7MRm8FZWijzQRHzN7XBqS9$sLTFetkUE9i7v5KdAfbtM5pBK8AymWsIs212oToZrR8=	\N	f	woodnatasha@example.net	138-ITB	f	f	f	2025-04-15 14:50:44.138131+03	\N	\N	\N	f	\N	\N
380	pbkdf2_sha256$870000$y8B5fwcCOGUvXSb2VMFqgw$hz69CbQlbUQZfEhjHhZxkhNFQ/ccsyBICBtzvU/VPjQ=	\N	f	sarah40@example.com	989 AGD	f	f	f	2025-04-15 14:50:44.138131+03	\N	\N	\N	f	\N	\N
381	pbkdf2_sha256$870000$RC6Xa3Iq3QZhkSEc18ImvZ$Q8AmrqOuiL3GDQdWdyweFo2lErPHlKnI6C/do5mgdWA=	\N	f	ikennedy@example.org	6903 BJ	f	f	f	2025-04-15 14:50:44.138131+03	\N	\N	\N	f	\N	\N
382	pbkdf2_sha256$870000$hZbh2L0IkfSe5grlGV2ZfN$mUq/FOnB5GpOZX2oZ3SO8s5WN32DRFy2bA2n6BHdJac=	\N	f	cruztravis@example.net	957 GWY	f	f	f	2025-04-15 14:50:44.138131+03	\N	\N	\N	f	\N	\N
383	pbkdf2_sha256$870000$gWQ7H7G6eeqPpyHdKweHAM$NtfL1mT2oK/mk+8m4QgSTwtZNYgxKIhCb5CFuF+vFoI=	\N	f	qsheppard@example.net	1YI 897	f	f	f	2025-04-15 14:50:44.138131+03	\N	\N	\N	f	\N	\N
384	pbkdf2_sha256$870000$ObGGo99vLg3YYKXHOoi6V1$O8t+/Q+GodmNsWS35WHB0Y8PIx9jAcqKyAmd5fR0lks=	\N	f	qrice@example.com	55-34485	f	f	f	2025-04-15 14:50:44.138131+03	\N	\N	\N	f	\N	\N
385	pbkdf2_sha256$870000$mWvTteuytx22sNkmaB7bym$Fei+/vvPc976wyP+gJVIR2few7K5fi9CjgexoYh9//k=	\N	f	richgregory@example.com	097 HP1	f	f	f	2025-04-15 14:50:44.138131+03	\N	\N	\N	f	\N	\N
386	pbkdf2_sha256$870000$475902RlC7QxsQlc8nJq0p$9TfJdr4okaKdiSU/BOgiRntjPeBBcwM14Ar1Fr9Lles=	\N	f	douglasgarcia@example.net	892-LXH	f	f	f	2025-04-15 14:50:44.138131+03	\N	\N	\N	f	\N	\N
387	pbkdf2_sha256$870000$Td0Do1w9C7SwT3KVCd3m0B$z0F1pzof+O30/2vunwGDk8V8Rk+DPfwEoznXYbZj/0c=	\N	f	brettparker@example.com	0RN24	f	f	f	2025-04-15 14:50:44.138131+03	\N	\N	\N	f	\N	\N
388	pbkdf2_sha256$870000$KqCXjFUsNwTvAkoukWGhoN$DcPjSbL/8/UG3McAhUVSK1myiQGmEDR4z6QcBEzSyks=	\N	f	ellen06@example.com	RJR4553	f	f	f	2025-04-15 14:50:44.138131+03	\N	\N	\N	f	\N	\N
389	pbkdf2_sha256$870000$usTuOuoq7he91SpUSrO1hY$tcqlHB/QjgiPoEN5yLdSUSe9jSLM2mvJGyMhPuMf3rQ=	\N	f	paulreed@example.com	766 US1	f	f	f	2025-04-15 14:50:44.138131+03	\N	\N	\N	f	\N	\N
390	pbkdf2_sha256$870000$jEARfUVwBO2jP6NZ3jIrnS$9xB8+QJcasXh4jNK+C8WageCwsgBOJ2h6en1Dlg2NCs=	\N	f	sandrahughes@example.net	055 MVU	f	f	f	2025-04-15 14:50:44.138131+03	\N	\N	\N	f	\N	\N
391	pbkdf2_sha256$870000$1Tt9jg6xLZMQDHx3rzbPLU$1qg0FwAgcYkIS5ZO8N/ETRMK1Lbj3bNMWChSFtgA5+Y=	\N	f	robert27@example.com	YYR0425	f	f	f	2025-04-15 14:50:44.138131+03	\N	\N	\N	f	\N	\N
392	pbkdf2_sha256$870000$OTS3GHjrkhFahbq7VdooaK$8eYkFODDRLzq8lMnB90r+SXqwsiGrze27dvZWBU5uGE=	\N	f	sarah41@example.net	20D•208	f	f	f	2025-04-15 14:50:44.138131+03	\N	\N	\N	f	\N	\N
393	pbkdf2_sha256$870000$PP8489x1eg9x6wWlXfad1C$aKidRG40l9oIlVpoSwOTFwNxXz5Tt3lwwXt5NtkGHDA=	\N	f	adkinsjohnny@example.net	581-EKK	f	f	f	2025-04-15 14:50:44.138131+03	\N	\N	\N	f	\N	\N
394	pbkdf2_sha256$870000$IVJKONEIqevups9FkEvcvy$MuLdaBXfObGG8d1ObVQHdASLucsL1qXme3C3T2zcE0o=	\N	f	hchan@example.net	SLT-3404	f	f	f	2025-04-15 14:50:44.138131+03	\N	\N	\N	f	\N	\N
395	pbkdf2_sha256$870000$hf5diHOJa852G0i19bJGPS$6L1jA1sbBflVhkHoKrzreGwfc5nsMwGmLEXB+tlBcdg=	\N	f	ybullock@example.com	315 PPS	f	f	f	2025-04-15 14:50:44.138131+03	\N	\N	\N	f	\N	\N
396	pbkdf2_sha256$870000$VaJ6PVH4EogMT63l1byTGw$WC08qhCsYWW7aFVTnqxd2S25qTW4EI6bg56LlzMK3oE=	\N	f	gailrobinson@example.org	749-RZJ	f	f	f	2025-04-15 14:50:44.138131+03	\N	\N	\N	f	\N	\N
397	pbkdf2_sha256$870000$LmFx2H5xX6N3rGmp1UOZQi$nYXig8xYbWzj+Mg63dLejwORd95AKeJbcO4YN3QULj4=	\N	f	davisjames@example.com	429-TTO	f	f	f	2025-04-15 14:50:44.138131+03	\N	\N	\N	f	\N	\N
398	pbkdf2_sha256$870000$6hkNHOpLrnwUU6bspSWsFx$wP6gv5h4ramhfKbbO5b1OMDxbC0lBbs1596k9trCksA=	\N	f	wmckinney@example.com	EIA-499	f	f	f	2025-04-15 14:50:44.138131+03	\N	\N	\N	f	\N	\N
399	pbkdf2_sha256$870000$UfhjVEIjCiD2uZbkJHFxnh$O8dKVeFjeiDTjX7cZfIb3K9bwIpSC9qNPOQ1M/7XyHo=	\N	f	lowerebecca@example.net	142-QTK	f	f	f	2025-04-15 14:50:44.138131+03	\N	\N	\N	f	\N	\N
400	pbkdf2_sha256$870000$Zt7o4wVhJh9QRRBVnEv4yT$uK4aPp9Nv9MP6F9laCq78h1zZAWZ+6KEmRfD2IHRVf0=	\N	f	janetlopez@example.net	UHS-199	f	f	f	2025-04-15 14:50:44.138131+03	\N	\N	\N	f	\N	\N
401	pbkdf2_sha256$870000$jqOIiZLVEeXxJxuOnWTvKY$Q7rqwDoyqYzHt1SjmwJSR082Ez9W5pDLiYuC61W79mA=	\N	f	mckinneysusan@example.com	NMP-2095	f	f	f	2025-04-15 14:50:44.138131+03	\N	\N	\N	f	\N	\N
402	pbkdf2_sha256$870000$AoBcOj0yEfqWKBEM3kuE7J$MKffxyU6ZrJnjXYSpkpwspj43ZAMidHMk8NqlBg6X14=	\N	f	riverachristine@example.org	BW 90205	f	f	f	2025-04-15 14:50:44.138131+03	\N	\N	\N	f	\N	\N
403	pbkdf2_sha256$870000$vj7a37YEPZsSfQk6sKSd7a$oDGvLy5Ev4A0RXZEjBB/D6oNiKUsrCVl2x4U69dcnAg=	\N	f	batesshane@example.org	33E 9858	f	f	f	2025-04-15 14:50:44.138131+03	\N	\N	\N	f	\N	\N
404	pbkdf2_sha256$870000$yOuQ8ZCwh2UBD4lXMwn1FA$qWL1w8Y8nELvbMdJECHrP95DvqxuO7Ku2CeMmn1MZgg=	\N	f	shawn79@example.net	4-7152R	f	f	f	2025-04-15 14:50:44.138131+03	\N	\N	\N	f	\N	\N
405	pbkdf2_sha256$870000$tYTkWfyECttdd6y66pQD5m$/oL7u/FK/Sm+1llh8nFInmUp1tp+NCwMbaqxVXMdxqM=	\N	f	richard99@example.net	IKV3275	f	f	f	2025-04-15 14:50:44.138131+03	\N	\N	\N	f	\N	\N
406	pbkdf2_sha256$870000$QnNipcwyLsTg5Qpw2J6Y8C$sujCd50PbHtO8RP/UtLQ7NWUHBDWIsQN7Cj/w4b5HbI=	\N	f	jesse17@example.com	CHO 930	f	f	f	2025-04-15 14:50:44.138131+03	\N	\N	\N	f	\N	\N
407	pbkdf2_sha256$870000$aWswpQfuxGVvmp3UgA8GKr$qsLq4yac/a9F/ZoJaKzd7yAQYQDtvxkVTiBIRRnCzDs=	\N	f	ramirezalexis@example.org	XBI 776	f	f	f	2025-04-15 14:50:44.138131+03	\N	\N	\N	f	\N	\N
408	pbkdf2_sha256$870000$GI79L63jZMdR1wpYQ3AShT$2cUkDRajAEWVSw5l6wQyowMsIAMCdHZhwttOik7gWyI=	\N	f	debra50@example.net	90-BQ83	f	f	f	2025-04-15 14:50:44.138131+03	\N	\N	\N	f	\N	\N
409	pbkdf2_sha256$870000$cqmR5eWB7rw9UoENbLqP17$f0wNjy4HfFowMuWg1cCGfD35SfJqxn0obHIDpVNQf48=	\N	f	stuartpaul@example.com	538DJE	f	f	f	2025-04-15 14:50:44.138131+03	\N	\N	\N	f	\N	\N
410	pbkdf2_sha256$870000$IqxHqhZujw0dbI9d0K64Tu$GcKF9qr/Y75fetETFg4SIb/euxsMUYbB95Er2ssD+EA=	\N	f	allenjoy@example.org	817 4BC	f	f	f	2025-04-15 14:50:44.138131+03	\N	\N	\N	f	\N	\N
411	pbkdf2_sha256$870000$GM2qG4Evcb1jcbl1xckbaV$AWsb2FrjpWYgq3WqA6EntNVvqdeHxkQ7eY8qX43b+yc=	\N	f	nicole27@example.net	PRO 125	f	f	f	2025-04-15 14:50:44.138131+03	\N	\N	\N	f	\N	\N
412	pbkdf2_sha256$870000$ym1Y4rOn0teoLQGQnjIrz9$X45vSBaneIJsdhWsYXD+Qa76+r/D2+g59iftKdVlKAc=	\N	f	bthomas@example.com	53T•938	f	f	f	2025-04-15 14:50:44.138131+03	\N	\N	\N	f	\N	\N
413	pbkdf2_sha256$870000$kuya0Yco65DBxJZw4jNrVp$fJE8aR62dRM/Zov/iLQ1wIiU2K62QSepDKyWpttJxTw=	\N	f	frandolph@example.org	7QA 122	f	f	f	2025-04-15 14:50:44.138131+03	\N	\N	\N	f	\N	\N
414	pbkdf2_sha256$870000$YP3VAlGGdTb6LLsunXqgvu$O8ZB5+qn2BdT+ay/OfJ3D9hiP7Bc9iND0ji4em+lO+c=	\N	f	michael87@example.com	077-MQK	f	f	f	2025-04-15 14:50:44.138131+03	\N	\N	\N	f	\N	\N
415	pbkdf2_sha256$870000$aqkZCYVQyevksxNQ06rvI5$2xohLi09TfP4kX57JJ1HTSEzCXN3XsPx2XvoVj3FbS8=	\N	f	mark79@example.com	CTM-341	f	f	f	2025-04-15 14:50:44.138131+03	\N	\N	\N	f	\N	\N
416	pbkdf2_sha256$870000$Igl9hZRhSpeeNxg2DndM3E$JI3Mps+LLDhYx6gLNdo6gQRV2sDF9LOl12ujU2bCVYM=	\N	f	joshuahill@example.org	217 NNU	f	f	f	2025-04-15 14:50:44.138131+03	\N	\N	\N	f	\N	\N
417	pbkdf2_sha256$870000$36mtH96mIJG3s4vtRGBGMi$8I5tdLhIpurDTrazrlscj6SZyueP/GT0W5Mh8t1F6kc=	\N	f	yphillips@example.org	2LZ5592	f	f	f	2025-04-15 14:50:44.138131+03	\N	\N	\N	f	\N	\N
418	pbkdf2_sha256$870000$dXVmTtSNm06QMMZiqyBRpC$JkzRnSBz5GuBql9g+N7JTYYltW09XVy82pIlK+HEPC0=	\N	f	wilsonkelly@example.com	LNR 495	f	f	f	2025-04-15 14:50:44.138131+03	\N	\N	\N	f	\N	\N
419	pbkdf2_sha256$870000$unYScDBK1gHsxSM9mHcmxy$3XUDXz7XbOFOEdFi6NLHI5jz5Str2rrZ9ncFRae37PI=	\N	f	egarcia@example.com	FYL 559	f	f	f	2025-04-15 14:50:44.138131+03	\N	\N	\N	f	\N	\N
420	pbkdf2_sha256$870000$sVwzfOx3qNApm1P8bmTB9l$FkQRO7PtZzjiTEajCj5eQZVHpk4ZC4sKxMn/AMZ8hyI=	\N	f	evan08@example.org	5Q BV527	f	f	f	2025-04-15 14:50:44.138131+03	\N	\N	\N	f	\N	\N
421	pbkdf2_sha256$870000$MmAPBySRPtWfPYESxUY03u$fONzD0LDj7rrb7nIVMFTVcZ6KbRWT2Hp/sQmkrjGNDs=	\N	f	brianboone@example.com	5UE N07	f	f	f	2025-04-15 14:50:44.138131+03	\N	\N	\N	f	\N	\N
422	pbkdf2_sha256$870000$htn451YPrE44nY61lLPCdy$C39oBov8L/RuTbqUNy/+n3fpsXJb8hX5t5faDw12r1g=	\N	f	comptonjoseph@example.com	709C9	f	f	f	2025-04-15 14:50:44.138131+03	\N	\N	\N	f	\N	\N
423	pbkdf2_sha256$870000$lTGSXN6vFGr79K6VRJ9jGc$cXFkOWQOQ3yAGtT2v2y7UfRmzEChP0pIvRTjkOeC8B0=	\N	f	regina02@example.org	1VH70	f	f	f	2025-04-15 14:50:44.138131+03	\N	\N	\N	f	\N	\N
424	pbkdf2_sha256$870000$GkJmcALBtz3VnfpuUZvsZR$q0PoOed0P9GYtTz0z7oWJKn1euLRwvGWWRnahk8YIiw=	\N	f	woodstacy@example.com	UYG 045	f	f	f	2025-04-15 14:50:44.138131+03	\N	\N	\N	f	\N	\N
425	pbkdf2_sha256$870000$37SMDyYugD1dwpihFYntV7$lhLfsNFxDjGXGrm3S61vnShQtuGD7xJ5iK/We3CcCSU=	\N	f	jenna25@example.com	2461	f	f	f	2025-04-15 14:50:44.138131+03	\N	\N	\N	f	\N	\N
426	pbkdf2_sha256$870000$xVw0AvecEgWMU1ftPX1ru1$x0Bk/l0yQY7Xt0OUTW8NwnPzITpjOnwn/vpsMckrJ24=	\N	f	andreaedwards@example.org	0-63396Y	f	f	f	2025-04-15 14:50:44.138131+03	\N	\N	\N	f	\N	\N
427	pbkdf2_sha256$870000$caZcuflfGJkgdTqmqlwn4x$qt97sZbWFUfOHE0SJra3+RljN45WIaIZcGvacKK88k0=	\N	f	uriley@example.com	5MB 387	f	f	f	2025-04-15 14:50:44.138131+03	\N	\N	\N	f	\N	\N
428	pbkdf2_sha256$870000$4We4PPCkLQ6uGlIktMkaTW$szJRrI2qMbMBpOb8f4Uwz+o46NgOwuwAQXm+VAMjV6U=	\N	f	xlawrence@example.org	TPF8332	f	f	f	2025-04-15 14:50:44.138131+03	\N	\N	\N	f	\N	\N
429	pbkdf2_sha256$870000$UDagQxK6DiNYWUPXMx5sT0$atxxC/q0CAV4pjlR4G3wqL5drnOv4vl4G7h7j7q0X4E=	\N	f	cjohnston@example.org	HMV 932	f	f	f	2025-04-15 14:50:44.138131+03	\N	\N	\N	f	\N	\N
430	pbkdf2_sha256$870000$UgiIT5hr9bXHUGOoOTQxeI$bTQszjt60SwUF6Lx06i1ScGAMM8zxRUGKsk/WkKntZo=	\N	f	parkerrobert@example.com	2RLR 44	f	f	f	2025-04-15 14:50:44.138131+03	\N	\N	\N	f	\N	\N
431	pbkdf2_sha256$870000$KU69E60xwLPuo8R4ix5B0h$zR1Sn+B+OPPhV7a93zXkt7vHyjqXlcTqqFP8renc2CU=	\N	f	katherine69@example.com	PM7 W3Y	f	f	f	2025-04-15 14:50:44.138131+03	\N	\N	\N	f	\N	\N
432	pbkdf2_sha256$870000$heDCs8HYmNXlzzsRUs3hTD$jZASY2MB8JJX2YyNEYawp2ZfiRQ0TyGJQ9kIKmw6eeE=	\N	f	jerrymorales@example.net	115ZRJ	f	f	f	2025-04-15 14:50:44.138131+03	\N	\N	\N	f	\N	\N
433	pbkdf2_sha256$870000$TJS46Lz7mnLoWsMX2Oc6SG$5TyQBVcV/W+znmcte4yPz2V35hClGtQSwegWy3g1tBA=	\N	f	danielle29@example.net	RMJ 411	f	f	f	2025-04-15 14:50:44.138131+03	\N	\N	\N	f	\N	\N
434	pbkdf2_sha256$870000$9HGZ56ymq2cq5353aV0wwz$G6/woxUOiOzzEjfDsJaNK9YzhKLF/xLHufP1pAxY5GA=	\N	f	jonesjeffery@example.com	325 ZUU	f	f	f	2025-04-15 14:50:44.138131+03	\N	\N	\N	f	\N	\N
435	pbkdf2_sha256$870000$7FDv6hpSkZeQ8FT8iVGA8f$KEar9QhV89pMZJjYYle1vWrS450FsgelfyH0zzLXYeM=	\N	f	wellskathryn@example.com	581C	f	f	f	2025-04-15 14:50:44.138131+03	\N	\N	\N	f	\N	\N
436	pbkdf2_sha256$870000$f9ESeIHniSxf5MIr7alsFz$yvb1Cu6xYeMnyGJ6cvKIAj1cuQtMJFeSsY89Hy1G97w=	\N	f	jeffrey06@example.net	4D CU064	f	f	f	2025-04-15 14:50:44.138131+03	\N	\N	\N	f	\N	\N
437	pbkdf2_sha256$870000$768Loe1cP4npySNwYBu6J5$vnjKyCBzlQROgnxy/0RtlPq3N8rwOykGmsJH7gKCeGc=	\N	f	shane95@example.org	719CJQ	f	f	f	2025-04-15 14:50:44.138131+03	\N	\N	\N	f	\N	\N
438	pbkdf2_sha256$870000$ZMmQfmzG4onJX4bK1iZjPz$6jgzfgfEZLI5rlS2SAX6kBaCqkxIGHwpu9OJKDbPRWQ=	\N	f	mwatson@example.com	995 8YO	f	f	f	2025-04-15 14:50:44.138131+03	\N	\N	\N	f	\N	\N
439	pbkdf2_sha256$870000$hU3aZqdU94V1g5MrARa7Nz$1GhhuSmv8TLcnIeO/Xu62Ctalp9g/s9EGotERskqVgI=	\N	f	emorris@example.org	4XV 119	f	f	f	2025-04-15 14:50:44.138131+03	\N	\N	\N	f	\N	\N
440	pbkdf2_sha256$870000$y5g5KO1MnDy11kb5MOYzmg$cxe3OcY2DAoahdzuDUXFl4pIt6xnnT+vBeaR5HQft/4=	\N	f	traci11@example.net	63-8001B	f	f	f	2025-04-15 14:50:44.138131+03	\N	\N	\N	f	\N	\N
441	pbkdf2_sha256$870000$BqvN9LWAUcmIp7rRHb3tmd$bNSuOJMhOClGzAJT5EPzTLZmC/VBMtsPv2EF8FF6hlI=	\N	f	justincortez@example.org	YOE-4856	f	f	f	2025-04-15 14:50:44.138131+03	\N	\N	\N	f	\N	\N
442	pbkdf2_sha256$870000$1VSyiviSDUBRcFrrflTGf1$jfw8bkJLMC7u5e70/Bgse6FYGWgKlZnk/uqQ1Y+9Ba8=	\N	f	scottjaime@example.org	7NFA888	f	f	f	2025-04-15 14:50:44.138131+03	\N	\N	\N	f	\N	\N
443	pbkdf2_sha256$870000$aZvbhUGi2ujJmMlNFJCtzO$9ZBTqs0Tvim52WJchaACXKXfJn5D3gmiVDfNMVypCes=	\N	f	nguyencody@example.org	764OUK	f	f	f	2025-04-15 14:50:44.138131+03	\N	\N	\N	f	\N	\N
444	pbkdf2_sha256$870000$LioBHnmBILNjBmxsFES56Z$FgQtOzndAj8+6anfoIJtW88ljRC3wdi7dL9DxTT6sfI=	\N	f	martincolleen@example.net	5QXP 45	f	f	f	2025-04-15 14:50:44.138131+03	\N	\N	\N	f	\N	\N
445	pbkdf2_sha256$870000$a5miXECAMNLW5VQjveyRkx$lE+hurBMP5xR7a0j1NtNROG6yUz6awVzaJdxtIy061o=	\N	f	xrivera@example.org	424-951	f	f	f	2025-04-15 14:50:44.138131+03	\N	\N	\N	f	\N	\N
446	pbkdf2_sha256$870000$H1HXrBuhl032TXoVuY2LDu$4JeX/8K2NycQ3QYZo3WGdAbN0W77qCRnWR/UWlaUT2k=	\N	f	gwoodard@example.com	4PC4408	f	f	f	2025-04-15 14:50:44.138131+03	\N	\N	\N	f	\N	\N
447	pbkdf2_sha256$870000$dYk6ndqsqUhuyER9vZH8Vr$1yjQxxoqCYUKmnnXfeY2fObVJCiptT+IQExDZ2spKnk=	\N	f	hannah25@example.com	16B 708	f	f	f	2025-04-15 14:50:44.138131+03	\N	\N	\N	f	\N	\N
448	pbkdf2_sha256$870000$sP2ZmZ3hCZmrgeuIN4F0NH$QYwWC+7GPiFoJlSpQhiHMrkXjy8+OXKpGFPTmDCskXo=	\N	f	nancybond@example.net	U89 2QU	f	f	f	2025-04-15 14:50:44.138131+03	\N	\N	\N	f	\N	\N
449	pbkdf2_sha256$870000$7zj6nLmXmTRRlDwY2LWOhu$q5NGOjg+53MQB90qLlVzl2tnp88zhqSvxrfHDPRw0cE=	\N	f	danieldonovan@example.net	750 DWE	f	f	f	2025-04-15 14:50:44.138131+03	\N	\N	\N	f	\N	\N
450	pbkdf2_sha256$870000$rhgXc73AriH1ObNhn3f90g$4RBxAwAmFORY43F2TUYJMeQPgvMsrImfyn8KUxNq9aI=	\N	f	ichan@example.net	269 0ZD	f	f	f	2025-04-15 14:50:44.138131+03	\N	\N	\N	f	\N	\N
451	pbkdf2_sha256$870000$VexNNjwV4iO26kYYuffjFb$Anse2Yqiw+Ce7A5UZzVDG4ZjkgsTCWVxh7qbgKeyrHk=	\N	f	dustin70@example.com	41-61154	f	f	f	2025-04-15 14:50:44.138131+03	\N	\N	\N	f	\N	\N
452	pbkdf2_sha256$870000$nJq1C5i0sI8DPFxcVpDiRb$8w9ihq06Wl/hAbt264Zs6/iG23Y7U3AL12eYLA/QuW8=	\N	f	justinramirez@example.com	HUN5287	f	f	f	2025-04-15 14:50:44.138131+03	\N	\N	\N	f	\N	\N
453	pbkdf2_sha256$870000$W0BSxUscKVvmBlDOa563M6$UA9KxP5mEsYVbbY8/UiYhnJI8Jt8JT0WeqHaKp1t0Mc=	\N	f	andrewcohen@example.net	58LS781	f	f	f	2025-04-15 14:50:44.138131+03	\N	\N	\N	f	\N	\N
454	pbkdf2_sha256$870000$s7g54GkshkDBhmSZ3bwNx5$Am9jX2gu4kCYRL96GzUXCJC8A79z/PwHwd3JCsBPXBo=	\N	f	btucker@example.org	ZOP 739	f	f	f	2025-04-15 14:50:44.138131+03	\N	\N	\N	f	\N	\N
455	pbkdf2_sha256$870000$Ia4T7fR1rGug7kT3C9fDf8$EAE/ztvCUWyYeIHrkveiOEI2jTC+MBrUDSr6BZ8+OSg=	\N	f	alicepaul@example.net	507-VMIO	f	f	f	2025-04-15 14:50:44.138131+03	\N	\N	\N	f	\N	\N
456	pbkdf2_sha256$870000$2ZL21CE6tRt9cGjo7F69mt$rpmkbRgEhxXXjtHfjpNkwCnEInglWuDKVH6b745vnYU=	\N	f	jenkinsjasmine@example.com	242 TYD	f	f	f	2025-04-15 14:50:44.138131+03	\N	\N	\N	f	\N	\N
457	pbkdf2_sha256$870000$J4uMgMmjNOqsAIuWnaQU2t$uBKPgXGlM0vnGobTMjwTGTd0dVRhLH26CpUyjk6GuqA=	\N	f	mosesemily@example.org	19-MI74	f	f	f	2025-04-15 14:50:44.138131+03	\N	\N	\N	f	\N	\N
458	pbkdf2_sha256$870000$V4Bh0VD5c8JqSyBfCqAKsU$9QapRt9E2CQsB/HReBhTxIlv/0JaiuRCIR6TfaTuUpg=	\N	f	gutierrezlisa@example.com	7883 MW	f	f	f	2025-04-15 14:50:44.138131+03	\N	\N	\N	f	\N	\N
459	pbkdf2_sha256$870000$nl9ExpDEs7zbza0hk5AFQQ$1Alfr9jiTIse/H2d8obsLjK/d9+skDsQnKq82MHifpI=	\N	f	vasquezian@example.org	XIR-070	f	f	f	2025-04-15 14:50:44.138131+03	\N	\N	\N	f	\N	\N
460	pbkdf2_sha256$870000$ZtL8gLuij5hOEgechg5LzR$cjH0FrjZ8KEBb3Y/IaHAMn4OUZKvirPNv0wLLRbn4VE=	\N	f	thomas33@example.net	80V•973	f	f	f	2025-04-15 14:50:44.138131+03	\N	\N	\N	f	\N	\N
461	pbkdf2_sha256$870000$gIjAazusYU80aRQ9EDXJDe$AIOUH9X7kqkShX023zt3OTPHgbtNbaNALMFA+l9jqqM=	\N	f	michaelmeadows@example.org	396 1703	f	f	f	2025-04-15 14:50:44.138131+03	\N	\N	\N	f	\N	\N
462	pbkdf2_sha256$870000$U0UKFlwk4TZekgB5ZouPDr$8bzHxZ2NWyriYAmzrkM3xe+cZJwNKFChP6wwDVY8Wag=	\N	f	egordon@example.com	716 MCW	f	f	f	2025-04-15 14:50:44.138131+03	\N	\N	\N	f	\N	\N
463	pbkdf2_sha256$870000$uXazdBF3gP5K95O7wVoAtZ$Sx2mj/1tlzDn9+Bce5rgDZonIb8BkpOjIfHDE+hhFoY=	\N	f	ealvarez@example.net	FXI-9861	f	f	f	2025-04-15 14:50:44.138131+03	\N	\N	\N	f	\N	\N
464	pbkdf2_sha256$870000$slx5chvFGCwpKP0hyx3WAK$l+Zy0pnREZ9lbd8wdmbJceWzx9ALAEHQCspQvesQAiw=	\N	f	harrisonmatthew@example.net	JTV 614	f	f	f	2025-04-15 14:50:44.138131+03	\N	\N	\N	f	\N	\N
465	pbkdf2_sha256$870000$jSxHxMKtobHTmT3kdLuPdN$HUnCYMZcC1qeELinMy5qMaC/B78rD5fuEqIp0Tjr5EY=	\N	f	greenjohn@example.org	7-2846M	f	f	f	2025-04-15 14:50:44.138131+03	\N	\N	\N	f	\N	\N
466	pbkdf2_sha256$870000$PWduqzn6d0OAf5dV8Y5lmA$TtZKSnkosJFl2bQkM5od2vDMKhC5JXMK8oO7uXyHnmA=	\N	f	davismelinda@example.net	448D2	f	f	f	2025-04-15 14:50:44.138131+03	\N	\N	\N	f	\N	\N
467	pbkdf2_sha256$870000$pZDudAH0QlrBowdYI1AvJL$anwNlVOFWl8BaL7nKSGs7+W2ExXBCrt/XCl3iJlQUTE=	\N	f	billycampbell@example.org	95V Q41	f	f	f	2025-04-15 14:50:44.138131+03	\N	\N	\N	f	\N	\N
468	pbkdf2_sha256$870000$NW05fUFk49Sjlhi9Upk2tu$bYr401Jg6ybdO5/x2XEdO107SJRZSBAhoSGYL55bMKo=	\N	f	riverabenjamin@example.com	223 XV2	f	f	f	2025-04-15 14:50:44.138131+03	\N	\N	\N	f	\N	\N
469	pbkdf2_sha256$870000$E3rXAFy25EvXANAeBp8h8E$sBpGg8NLS8N3rrox0JgvnF1iprYMjc5DhfaXJlynHwM=	\N	f	paulsandoval@example.org	9XZZ 75	f	f	f	2025-04-15 14:50:44.138131+03	\N	\N	\N	f	\N	\N
470	pbkdf2_sha256$870000$7duZLeBR9Km7nnHfsGi2zL$Q8SRuX266f3Pb5m93bsjEUMpNcUr1y1/OQ90X/ctwWs=	\N	f	xtrujillo@example.org	GO-8307	f	f	f	2025-04-15 14:50:44.138131+03	\N	\N	\N	f	\N	\N
471	pbkdf2_sha256$870000$DhKKuxUUXlwUj2yslMYj56$H5XvoS95wtnWjRcrtPT6drFVE+kdGHDn/uX3Fin/qEo=	\N	f	vnguyen@example.com	3289	f	f	f	2025-04-15 14:50:44.138131+03	\N	\N	\N	f	\N	\N
472	pbkdf2_sha256$870000$AhdWfeoEfNrE0W71Ni8TKv$9eKTK4ll0FgEmouilPIAS9gg0jmqN1DfFwiKvdDNBVg=	\N	f	usmith@example.net	9RC E13	f	f	f	2025-04-15 14:50:44.138131+03	\N	\N	\N	f	\N	\N
473	pbkdf2_sha256$870000$xqVFJ0QAggRMySheeWvVBR$29yQXfniin+BX5qCr6mfKGmsTBtJtxsSGhGfDAMgYX8=	\N	f	gkim@example.org	ZWJ 364	f	f	f	2025-04-15 14:50:44.138131+03	\N	\N	\N	f	\N	\N
474	pbkdf2_sha256$870000$QBHziIT8ggILqbAu4ZyxJE$evxCL24QLqLNPCRNvBqVd5MHSUkJe7EIw5MIeFDL00Q=	\N	f	michelleroth@example.com	3KU R20	f	f	f	2025-04-15 14:50:44.138131+03	\N	\N	\N	f	\N	\N
475	pbkdf2_sha256$870000$I3Vg4AQp9Ym0z6Mrtbo5Pf$FJngQvFnJw2WhKOXhLQFmTAp4piGvcnz+YWrI8HItGU=	\N	f	olsenjordan@example.org	752 USX	f	f	f	2025-04-15 14:50:44.138131+03	\N	\N	\N	f	\N	\N
476	pbkdf2_sha256$870000$L2LNAQpRsWnYTLspqaKxTM$JX89G3ojrjBErs583jkmUci/SU64k+Jp/k2RWHWm+Ok=	\N	f	leeandrew@example.com	848GJX	f	f	f	2025-04-15 14:50:44.138131+03	\N	\N	\N	f	\N	\N
477	pbkdf2_sha256$870000$Gpz1o4QUue6ePtfFwMLE6b$OcnHr+KH6yaKKBAsJdwMMlMtvjBu9a2l0y9O+7E+l3c=	\N	f	mhughes@example.org	435965	f	f	f	2025-04-15 14:50:44.138131+03	\N	\N	\N	f	\N	\N
478	pbkdf2_sha256$870000$4iD1GFRaYS6z8mnWph6dx1$qr6jgJt5mncKkoVxqaFu+/13yv7lfrLY86WCM8T1Uos=	\N	f	daniel60@example.com	821 LT7	f	f	f	2025-04-15 14:50:44.138131+03	\N	\N	\N	f	\N	\N
479	pbkdf2_sha256$870000$7Rl605klaXTuvKOs08XWzF$W4d+9aTGuJKk9lnk+ht7f8LHU9bup5uLeIb2Y7fCQio=	\N	f	carollee@example.net	3I W0560	f	f	f	2025-04-15 14:50:44.138131+03	\N	\N	\N	f	\N	\N
480	pbkdf2_sha256$870000$nwF2CHSCuMkaiquN1XDYOc$nh+RBUm1Bphxr9oIg7zsOSMyxHgE16/9RtykwgUVrOA=	\N	f	charles29@example.com	SZQ 362	f	f	f	2025-04-15 14:50:44.138131+03	\N	\N	\N	f	\N	\N
481	pbkdf2_sha256$870000$yYoRq61zMynmrTgSTJkOjr$T9WenSCd3tt/FljD8SnYNLAIRyaealSDfk84TKGc5oA=	\N	f	wendy17@example.org	709 JIX	f	f	f	2025-04-15 14:50:44.138131+03	\N	\N	\N	f	\N	\N
482	pbkdf2_sha256$870000$kjPBmQ2GKtx7Ojx47ynAE9$w3M34wDJ/r4uCWNc29uosUkdS+ia4QIoUMVVtJZH+L0=	\N	f	morgan24@example.org	1S288	f	f	f	2025-04-15 14:50:44.138131+03	\N	\N	\N	f	\N	\N
483	pbkdf2_sha256$870000$lxJH6QcRGfVRs5u7cJoxm4$6T302AwzKx3Hqjoluv2WMgjWfdMFhgvPiLYFt18Xau8=	\N	f	millertamara@example.org	235 CEK	f	f	f	2025-04-15 14:50:44.138131+03	\N	\N	\N	f	\N	\N
484	pbkdf2_sha256$870000$3EMPOlhhgW5EgaNiyqRwwN$Uair+AF+k8LFDnfxtwNjIHjAsTScz/QJ1CxnEvrptO8=	\N	f	raymondluna@example.com	28F Y41	f	f	f	2025-04-15 14:50:44.138131+03	\N	\N	\N	f	\N	\N
485	pbkdf2_sha256$870000$HCx6YPOe5z1GfJvnDPioBr$3YsQucMwHtxdXGLq+dmJB9bAJ/evBuf+ud1QFfz4QNQ=	\N	f	qtran@example.com	814TT	f	f	f	2025-04-15 14:50:44.138131+03	\N	\N	\N	f	\N	\N
486	pbkdf2_sha256$870000$MJjZhjGgTepVLQZMc9kAfd$1ncisPjY00wuL3/p4Wu44YlNXhohFdtavCvL+7+rj7U=	\N	f	michaelortiz@example.org	2NXK750	f	f	f	2025-04-15 14:50:44.138131+03	\N	\N	\N	f	\N	\N
487	pbkdf2_sha256$870000$QOyMCRXEVLDri2soGdFkfE$lvvpHuIyQVMjNo50RAQFDQ1J/3m8fdebhd1nQVVoPO4=	\N	f	ashley40@example.net	73-OG10	f	f	f	2025-04-15 14:50:44.138131+03	\N	\N	\N	f	\N	\N
488	pbkdf2_sha256$870000$aeMZxTHQz6xd02GTMBjKWm$m157TLOPSXrFsVph6m7YvZpRzR3c25n6h9I9WvWcrm4=	\N	f	fclark@example.com	384-PNP	f	f	f	2025-04-15 14:50:44.138131+03	\N	\N	\N	f	\N	\N
489	pbkdf2_sha256$870000$ZKcNzFUE4NdF2jgrsebRCJ$kuQ3deEr7g+ahHwfDQLoKYZFT9OhsruO5eXtiTK2bHI=	\N	f	erichiggins@example.org	XNO-8088	f	f	f	2025-04-15 14:50:44.138131+03	\N	\N	\N	f	\N	\N
490	pbkdf2_sha256$870000$UbOQvpFZoNuITJFlicGOvO$YEAjfD/U22TVzM4lQ9hYG0FUKIirJCf8Heidj/ALyDQ=	\N	f	vharris@example.com	3GD 499	f	f	f	2025-04-15 14:50:44.138131+03	\N	\N	\N	f	\N	\N
491	pbkdf2_sha256$870000$k3sHr8hTvTXlMVutXjSvjf$povHr9ySECbm1AJVJRx8JangegFsCTaGlbnLb301b8A=	\N	f	ahughes@example.net	636DUG	f	f	f	2025-04-15 14:50:44.138131+03	\N	\N	\N	f	\N	\N
492	pbkdf2_sha256$870000$lrPUxX4PrLekYrCbiasgg7$XG/wDVpQ2SoMpIgypvDdDAGOZSXvPkNrRzPtFil4Fsw=	\N	f	ggray@example.org	13UT6	f	f	f	2025-04-15 14:50:44.138131+03	\N	\N	\N	f	\N	\N
493	pbkdf2_sha256$870000$H9Rfv4a86OMx8iCGx8R7k1$ws8LMCuJi8SXHQdvyDz9BOKJW5T1jb/wWlYSk/XDKyE=	\N	f	rmatthews@example.net	NQ-6187	f	f	f	2025-04-15 14:50:44.138131+03	\N	\N	\N	f	\N	\N
494	pbkdf2_sha256$870000$H3lafVIUAGFHGiLA0UN8sr$l9xKa02ijzUtHp6eLHkre8tv/w1JyBjbQzLRj1W8OMs=	\N	f	tammymcknight@example.com	YSK-382	f	f	f	2025-04-15 14:50:44.138131+03	\N	\N	\N	f	\N	\N
495	pbkdf2_sha256$870000$iuaLBeTqY7wyBKHt286GUT$kUf36guBk7urZjAqr8VQLluZe/VAmssR7rWRufracSE=	\N	f	xmejia@example.net	744 GHW	f	f	f	2025-04-15 14:50:44.138131+03	\N	\N	\N	f	\N	\N
496	pbkdf2_sha256$870000$KSwmIfhtvbOkrmRvSG2X4c$ZXNqGHsGJ908oQnQ9d8XgKx2uN8ZQRABKZtSEIEm7xQ=	\N	f	kmoore@example.com	085 HRV	f	f	f	2025-04-15 14:50:44.138131+03	\N	\N	\N	f	\N	\N
497	pbkdf2_sha256$870000$M1mbfUbNAa3Lc9njRy8Mzc$M72fdf+fPswC1zwE/WuO7AwKJDE4pxLwXLUZ42Vy7kI=	\N	f	cortezcarl@example.net	49O 362	f	f	f	2025-04-15 14:50:44.138131+03	\N	\N	\N	f	\N	\N
498	pbkdf2_sha256$870000$HXdzpEWBH9x2IbPEDF4dKE$Y7MnebOlESZdF06PhThGEx8MyGdDKz6qu6tZBtCieVQ=	\N	f	rdavis@example.net	68-X067	f	f	f	2025-04-15 14:50:44.138131+03	\N	\N	\N	f	\N	\N
499	pbkdf2_sha256$870000$CIPzUwMBApR3pRUdwGgVk5$T7HP6xVYixuNswu9NY7a3gPh8uXH9RLAxdVUMX5b6Ig=	\N	f	peterpatel@example.com	L75 9EO	f	f	f	2025-04-15 14:50:44.138131+03	\N	\N	\N	f	\N	\N
500	pbkdf2_sha256$870000$oEyTNntrnqJmMOAdltN6wp$3kRqW5ZQhy2SIIU8/YuFfTUaAqvuDDIykbVIEXoq+i4=	\N	f	floreswendy@example.org	CNH-283	f	f	f	2025-04-15 14:50:44.138131+03	\N	\N	\N	f	\N	\N
501	pbkdf2_sha256$870000$j0eBH691Yw9Ru686bGY459$54Un/93ZI2tRT0CbdJa49OmZQuvT4kfxMKsJGjTneao=	\N	f	hbrown@example.com	12G F39	f	f	f	2025-04-15 14:50:44.138131+03	\N	\N	\N	f	\N	\N
502	pbkdf2_sha256$870000$WuZKyDxXeLfppatSHIKRiX$eBeHy3P4X8TbOu8sIA7tvH7nXcZweFVL+3xz0Zcridg=	\N	f	sharonrogers@example.net	266-XPM	f	f	f	2025-04-15 14:50:44.138131+03	\N	\N	\N	f	\N	\N
503	pbkdf2_sha256$870000$4uP1iRSyfB1iLSpKlMZN31$svXRPhSaOn6uRPznRQLaxtPEfU7202rQq9hbt1eb5Yg=	\N	f	phillipsandrea@example.org	059936	f	f	f	2025-04-15 14:50:44.138131+03	\N	\N	\N	f	\N	\N
504	pbkdf2_sha256$870000$XZ0wbGMfliaDbRNwB3iKh6$xF52ImeTV3CHP7bYZI0NTuN+P4EQo5jk5uuNmA92E+E=	\N	f	santiagoedward@example.com	611DFE	f	f	f	2025-04-15 14:50:44.138131+03	\N	\N	\N	f	\N	\N
505	pbkdf2_sha256$870000$oOYYjwLOVkQgvz0QMOalkW$ypVpMXrOHPZzhr/KX16fnqXbHuUtkbo1T9ivbHx46Tw=	\N	f	angela15@example.com	36S 371	f	f	f	2025-04-15 14:50:44.138131+03	\N	\N	\N	f	\N	\N
506	pbkdf2_sha256$870000$WqWIgeYwffGkkcqnVMpSgd$pLW7mWW1jmOdZZ/iyPmw5QpbEgCSb9eJlEUHri8sU7E=	\N	f	autumnevans@example.net	288 TIS	f	f	f	2025-04-15 14:50:44.138131+03	\N	\N	\N	f	\N	\N
507	pbkdf2_sha256$870000$pEv6PxLTumKvyf74JcyLgy$cUYTVkDhcyxx47sH5cl22IKzv4Qjg3TLSHPierDGgnA=	\N	f	andersonjeremy@example.org	988-498	f	f	f	2025-04-15 14:50:44.138131+03	\N	\N	\N	f	\N	\N
508	pbkdf2_sha256$870000$XJoPa0hVQ9h73xEnoMw4E2$8c+s5/Vi+h8Hmhpjzf4eX8P9PA7TTOPxEJ+Jj6mSZG8=	\N	f	daniel26@example.com	469 MNW	f	f	f	2025-04-15 14:50:44.138131+03	\N	\N	\N	f	\N	\N
509	pbkdf2_sha256$870000$W0cwEp7bIxoMcy9uW7fOlJ$hExphjEyR+VxZjJTm2C1OrHYtIiAmajYqmtw0GkAom8=	\N	f	ohernandez@example.org	5-28314H	f	f	f	2025-04-15 14:50:44.138131+03	\N	\N	\N	f	\N	\N
510	pbkdf2_sha256$870000$uxCgEf3J0m484fG4CNybOk$AOuhy3et5NGdnZGiWFujk/e2ytm/wzjSpntdf1xO4cU=	\N	f	jacqueline05@example.net	30-95039	f	f	f	2025-04-15 14:50:44.138131+03	\N	\N	\N	f	\N	\N
511	pbkdf2_sha256$870000$lEDvBGRTjaCiKNE8lmw0m6$1zJyMEsvPd6TwrMAojCNqswDYOjjR7xZh4SfsSlsu5A=	\N	f	richard71@example.org	942-DNVI	f	f	f	2025-04-15 14:50:44.138131+03	\N	\N	\N	f	\N	\N
512	pbkdf2_sha256$870000$R6WIqaE098FGsFcfoSoI0V$mjFjIPDiR8Aw6Zfe991PMiKiA1uQsR7FS/YXylVSHzA=	\N	f	rodriguezstephen@example.net	019 YVJ	f	f	f	2025-04-15 14:50:44.138131+03	\N	\N	\N	f	\N	\N
513	pbkdf2_sha256$870000$DQpVkAIwLgVxuarRxhbKGo$H9tGyo2A9Ylyfj1qgZ4ym+620VCNU3wlVI9bE8bQn/Q=	\N	f	steven52@example.org	OT 17732	f	f	f	2025-04-15 14:50:44.138131+03	\N	\N	\N	f	\N	\N
514	pbkdf2_sha256$870000$qsaApBknZEX0rGwmuvHvai$AGxkDaXCN3mP39vV7viDMmg2ZXy6YdDRovsRh3vr3Ks=	\N	f	hughesjoseph@example.org	93-EV33	f	f	f	2025-04-15 14:50:44.138131+03	\N	\N	\N	f	\N	\N
515	pbkdf2_sha256$870000$6gRIqj6N0Xs95HQKBkzCya$yjGDgKULbHa1SIqhdIi37R8D0gq37KsOUJ6iSOYwN7w=	\N	f	susanlewis@example.com	WJ4 B7Y	f	f	f	2025-04-15 14:50:44.138131+03	\N	\N	\N	f	\N	\N
516	pbkdf2_sha256$870000$kCHZibjf6qi0ubIZSF3rIZ$7ZkeUvY1rwwEEZuIaUTaiMBwiZm2qT7GZO+IlCQsu7U=	\N	f	esawyer@example.org	962 HCO	f	f	f	2025-04-15 14:50:44.138131+03	\N	\N	\N	f	\N	\N
517	pbkdf2_sha256$870000$1KOvJCUu8UfKqJQgNLvl52$DjCvOyFF9I03RDckM7YyGsKhw2YIwyWyaZ5CCX0Fz2Q=	\N	f	goodmanwalter@example.org	F65-82S	f	f	f	2025-04-15 14:50:44.138131+03	\N	\N	\N	f	\N	\N
518	pbkdf2_sha256$870000$uqauX7GjoQeYgWFyVodLh0$cccOSAvj7ukn1ens5r13bONIb5Z2oqILuLkqKJCb0sA=	\N	f	dfrench@example.org	6JL 743	f	f	f	2025-04-15 14:50:44.138131+03	\N	\N	\N	f	\N	\N
519	pbkdf2_sha256$870000$9qLGvutFR71uR2ggj3cIcN$FAUp4NFUS+ECAyB7fto3aBg50/Kqrmxaq/7c9xMPmlw=	\N	f	stanleyryan@example.com	DTQ O22	f	f	f	2025-04-15 14:50:44.138131+03	\N	\N	\N	f	\N	\N
520	pbkdf2_sha256$870000$byfAiO8qxXrKIPaa8Mo6S0$GUtajOYjKgGjNL8qYQ+ghzSJiTQddom6U/9fa9pDfnQ=	\N	f	austinturner@example.com	250IET	f	f	f	2025-04-15 14:50:44.138131+03	\N	\N	\N	f	\N	\N
521	pbkdf2_sha256$870000$fU2ID7EJ2eTNjfX94a49JK$kv8teCjXS+yB15ze2gF2BzrdRZ8sbph4KHpqZazScp0=	\N	f	hamiltonmonica@example.org	132C	f	f	f	2025-04-15 14:50:44.138131+03	\N	\N	\N	f	\N	\N
522	pbkdf2_sha256$870000$Py2ZfaK2Ad3O14kbtMBjfA$cPwNJZFqQ1cLWIFosY5pi019v64dbGokE6wTjmsu0e4=	\N	f	patriciasanchez@example.com	994-RMA	f	f	f	2025-04-15 14:50:44.138131+03	\N	\N	\N	f	\N	\N
523	pbkdf2_sha256$870000$M6kMX6DBw3PFqoOh1TGB3M$IOkFegthZN8Szs9X/GSylIsxqYLRS8JqtzeADbl7KUg=	\N	f	stephen22@example.net	MRK 144	f	f	f	2025-04-15 14:50:44.138131+03	\N	\N	\N	f	\N	\N
524	pbkdf2_sha256$870000$Rdm2KaH4HUFKbluuzuATNo$uAqpgO76zyTXwgYWlLszV+S68qV2145HAN7tbwDwjJM=	\N	f	nicolerodriguez@example.com	AEK-393	f	f	f	2025-04-15 14:50:44.138131+03	\N	\N	\N	f	\N	\N
525	pbkdf2_sha256$870000$H41drNLfCtwFAsX1K5cKld$vBbbtn8eOqf5ZhnBNkeVYGEqoswXXSJkoj77SzL9rpo=	\N	f	davidwise@example.org	355 KJT	f	f	f	2025-04-15 14:50:44.138131+03	\N	\N	\N	f	\N	\N
526	pbkdf2_sha256$870000$rIjRENSIM3yhzHHpOWhM0u$+SipfYeyV1r9hejyg8GbrHqGV7g1LNEZPDxlnGNKBkM=	\N	f	foxashlee@example.com	445 HZS	f	f	f	2025-04-15 14:50:44.138131+03	\N	\N	\N	f	\N	\N
527	pbkdf2_sha256$870000$MUI0igVlwThJa9D3Y2iywX$hDwZnT6+4huyOTkmR6mZin/73/g4TNSF1oc9Pb+CM7A=	\N	f	carrie82@example.org	PES-720	f	f	f	2025-04-15 14:50:44.138131+03	\N	\N	\N	f	\N	\N
528	pbkdf2_sha256$870000$U37lRKLORq9WpgRjy7iyW6$ZUFtU15BTP6WIZiHvna2745FhFP2pXDhBK8AcVumw8k=	\N	f	fjones@example.net	715-ROM	f	f	f	2025-04-15 14:50:44.138131+03	\N	\N	\N	f	\N	\N
529	pbkdf2_sha256$870000$3NLVS2pylzenEhtModIzpf$WvrYCrDsSeBA7K3CoA2zEhbv5EVAWM9faUb635DwPOU=	\N	f	penastacy@example.org	L38-BAK	f	f	f	2025-04-15 14:50:44.138131+03	\N	\N	\N	f	\N	\N
530	pbkdf2_sha256$870000$7FX7ns75uD58W9rN7toVS3$zDkJzH1sYS/vq8xFIzAu7WoKZa/80uiBDp30O4lErNo=	\N	f	fredmoran@example.org	9XYY 92	f	f	f	2025-04-15 14:50:44.138131+03	\N	\N	\N	f	\N	\N
531	pbkdf2_sha256$870000$VfXBKsAhmVnpQIWbiW8qEb$lOyeJG7HSXKj+mCIeTvmHKMUh0lNMStGnbfuFR7bdjM=	\N	f	mbeck@example.org	51-V791	f	f	f	2025-04-15 14:50:44.138131+03	\N	\N	\N	f	\N	\N
532	pbkdf2_sha256$870000$jbipJBGRyROeklsQinvEH6$YJln7RVoj1tyamWX0GvkAg+IX9QrrY0uStNfRxYJq/Y=	\N	f	travis15@example.com	1JO 947	f	f	f	2025-04-15 14:50:44.138131+03	\N	\N	\N	f	\N	\N
533	pbkdf2_sha256$870000$gZy3FJNbX7SsjdZROnPvG4$UwEgC0WMMYrGgt5yj6Hx8Yyszt4TOOYl35xmx7hGWFw=	\N	f	wilsonmichael@example.net	9709	f	f	f	2025-04-15 14:50:44.138131+03	\N	\N	\N	f	\N	\N
534	pbkdf2_sha256$870000$DYQNt95sxLSozl3SmnRA4h$IaKykvZHFhAbpTOT0FV4tYkPHNbY7whawtNtNlkJ504=	\N	f	wesley82@example.com	928-ADOT	f	f	f	2025-04-15 14:50:44.138131+03	\N	\N	\N	f	\N	\N
535	pbkdf2_sha256$870000$jGIjUyZsUcSaDs5cKj3RqT$55PMWutPHtM5Uu339bm1bqw3+ajDpW3TVtOExqQPeqw=	\N	f	leecorey@example.net	9-G1197	f	f	f	2025-04-15 14:50:44.138131+03	\N	\N	\N	f	\N	\N
536	pbkdf2_sha256$870000$rxpeikN1hQtLhqGX06NqaR$BOBhq2v6aHnoVgBhZroffKQLG66iv20OD7Zou64EzcE=	\N	f	james65@example.com	94J 587	f	f	f	2025-04-15 14:50:44.138131+03	\N	\N	\N	f	\N	\N
537	pbkdf2_sha256$870000$BBXVrfwrNGM2dT1lTIDDg4$CykUg7j9KXMYlAbziG/dmTqQ/A5vVm6B+Y6gSOH5zVs=	\N	f	reiddebra@example.org	CZ 3867	f	f	f	2025-04-15 14:50:44.138131+03	\N	\N	\N	f	\N	\N
538	pbkdf2_sha256$870000$xGVFp0pjlScdUGtTX5qutG$v0xAGBrcv/aSp8YUXbjXkMBytAx9R4nYdX9oqdU0aTQ=	\N	f	qfigueroa@example.net	MC6 1116	f	f	f	2025-04-15 14:50:44.138131+03	\N	\N	\N	f	\N	\N
539	pbkdf2_sha256$870000$pOtVW9Gx2u2Dt31bpRhMHb$+MRYGT8Etl8iufOGjZH19pDDcXJWHjceAS5UJqcMum0=	\N	f	elizabeth23@example.org	144 TNR	f	f	f	2025-04-15 14:50:44.138131+03	\N	\N	\N	f	\N	\N
540	pbkdf2_sha256$870000$S2kIb9ZNNAoC8qyNVWtSIr$KqWVWic5yiOLUL18DxcxtP/xZ4P90hUfGbzGrHFZ5O4=	\N	f	feliciamoore@example.net	09Z O93	f	f	f	2025-04-15 14:50:44.138131+03	\N	\N	\N	f	\N	\N
541	pbkdf2_sha256$870000$LxFZWAggQSLdMOReQRj5Ij$D5+//5hUXaMkLqMH7Q9UKcfkE0B3OlT+G/k26gwdbDU=	\N	f	khughes@example.com	8G F0991	f	f	f	2025-04-15 14:50:44.138131+03	\N	\N	\N	f	\N	\N
542	pbkdf2_sha256$870000$ZTCq2ShAQasaO2hH2d7IG5$uOKk/UD7BtapHc5bW890I3C/x1hU1buDPInI1ZeAuX4=	\N	f	williamchavez@example.net	AQE2836	f	f	f	2025-04-15 14:50:44.138131+03	\N	\N	\N	f	\N	\N
543	pbkdf2_sha256$870000$gTiNneTv0ZEabQcuzXHruL$ZzwDL4cCmX2Texvvx1UVAMEJ/SypZqcg5tv0rhuBDrU=	\N	f	pcopeland@example.net	EKQ-0828	f	f	f	2025-04-15 14:50:44.138131+03	\N	\N	\N	f	\N	\N
544	pbkdf2_sha256$870000$LnIe18jKm0XJ9LPsJW0EHk$nKzFtfU2gAvMCQVOsw2yqvzlBICIY97vAUfFfWWUkp4=	\N	f	crystal08@example.net	8TMA 05	f	f	f	2025-04-15 14:50:44.138131+03	\N	\N	\N	f	\N	\N
545	pbkdf2_sha256$870000$j9A7qE3BH8ZVZw3JeLhPrY$nbLgFksI3f3+rSd0uo8L3IUhSGP1y9oIL7G9z2nNyOo=	\N	f	jonathan70@example.org	85K H07	f	f	f	2025-04-15 14:50:44.138131+03	\N	\N	\N	f	\N	\N
546	pbkdf2_sha256$870000$YO5CijmoUwdBgLelIUvKn8$ntYx+Mgu4cqgNN9Ju7bRWXEjBTg7C/Ck9rt46tRIGGQ=	\N	f	johnathanboyd@example.com	95P T52	f	f	f	2025-04-15 14:50:44.138131+03	\N	\N	\N	f	\N	\N
547	pbkdf2_sha256$870000$1wxy3OV8OLbtMgPu6i0JAJ$CD3yUotP1JZv8rLLAxrSLmlfEXQMz+37caHZ4YdlAEk=	\N	f	jmcdonald@example.org	140811	f	f	f	2025-04-15 14:50:44.138131+03	\N	\N	\N	f	\N	\N
548	pbkdf2_sha256$870000$Nc7briYS6LrKQ8rSSYwEF0$IrlisY1NNsZQ3/XLRZ7eJSzX0Y/zCPDlP8JM4EXqA9A=	\N	f	jjones@example.org	LOF 625	f	f	f	2025-04-15 14:50:44.138131+03	\N	\N	\N	f	\N	\N
549	pbkdf2_sha256$870000$OzDSh0bzhgCUOqACWHuXxf$DFLK2J9L79QG2lcUJLUCE52frml+LWFsdBZAOWQAzlg=	\N	f	brownnatalie@example.net	7QN2464	f	f	f	2025-04-15 14:50:44.138131+03	\N	\N	\N	f	\N	\N
550	pbkdf2_sha256$870000$YxWr6K5Y0wvQFQW479hUPR$Jn0T10kDCvT2S3kgw472IiUcp19TX8tKWMrOFhqX6ic=	\N	f	kathryncline@example.org	93D 590	f	f	f	2025-04-15 14:50:44.138131+03	\N	\N	\N	f	\N	\N
551	pbkdf2_sha256$870000$ojN2lagUNkB6dv036pwPJQ$aMIaVDv37T05yIEEI7eOwSsjuZTKL9pNp3wMmb+INEk=	\N	f	thompsonscott@example.org	566US	f	f	f	2025-04-15 14:50:44.138131+03	\N	\N	\N	f	\N	\N
552	pbkdf2_sha256$870000$vNijOOx5qMEXCwW60iS6y1$U3I22P9ZP6LmaKMJkivEOBOz7ELxxqF2Mt+M9UNGeEA=	\N	f	jeffrey04@example.net	AIG4178	f	f	f	2025-04-15 14:50:44.138131+03	\N	\N	\N	f	\N	\N
553	pbkdf2_sha256$870000$iOZQGaRnaJRQ7fC2JYbzIo$T5PTnUTjT8LtBEL9TycEE0kvtjISxUvUD8DIbZfZFy4=	\N	f	kevin68@example.com	TWB 183	f	f	f	2025-04-15 14:50:44.138131+03	\N	\N	\N	f	\N	\N
554	pbkdf2_sha256$870000$beaS0JxFiCPJSH31zRM8SB$8QRRP9sW5cixxViRDDs7L/KrHqxkqArjZv/rku0uzZo=	\N	f	joelschmidt@example.com	89E 760	f	f	f	2025-04-15 14:50:44.138131+03	\N	\N	\N	f	\N	\N
555	pbkdf2_sha256$870000$Gbgp07G47PUG3aBAGJmuAM$mnaIxmNvhZ00fjXr219QbxRzPOtn6DUBj8XLtvtfBVs=	\N	f	frankmadison@example.org	WGS 205	f	f	f	2025-04-15 14:50:44.138131+03	\N	\N	\N	f	\N	\N
556	pbkdf2_sha256$870000$iiUAy7Mg2UjSKWEMz4LX3x$IEuiFOKvW+4yLJ3pN1X7PDeJg0fDHzK7h0nuZR8X3xs=	\N	f	justinsims@example.net	44XB6	f	f	f	2025-04-15 14:50:44.138131+03	\N	\N	\N	f	\N	\N
557	pbkdf2_sha256$870000$BxynER1gCfn0Pq1v6qlWS2$7pteti8zbsVU5ZAWqti8xpy3H3WB99p/zr9Zgh+8Yx8=	\N	f	fullercynthia@example.net	XRV-5944	f	f	f	2025-04-15 14:50:44.138131+03	\N	\N	\N	f	\N	\N
558	pbkdf2_sha256$870000$7ycrArlA2CDxe45BRZsGl8$aucdlRs4e+lfTezKcShLlxi9EnDVvPPPzIKGnO2RWDs=	\N	f	edward23@example.com	LN 4792	f	f	f	2025-04-15 14:50:44.138131+03	\N	\N	\N	f	\N	\N
559	pbkdf2_sha256$870000$xnQEOiZAkiSfiDDPAL2hRV$Dq0dpOo1D8qH2VQ5EOs9asifaf3dq0JdiYTDMJHfY5c=	\N	f	mezajohn@example.org	BFQ 236	f	f	f	2025-04-15 14:50:44.138131+03	\N	\N	\N	f	\N	\N
560	pbkdf2_sha256$870000$nD7zasr7S7nwMdaRCMsOGM$1+vX16W/r+023XnV198yhr9U/Txa6iS32PoAAFaCYn4=	\N	f	davidmcfarland@example.net	ZNT-2353	f	f	f	2025-04-15 14:50:44.138131+03	\N	\N	\N	f	\N	\N
561	pbkdf2_sha256$870000$3rSul2FFs9gnODkPsMfxkf$A2rvoAvNBmWyROEoH/NQiyp4H2rFwPPKY6+Y4MACRlc=	\N	f	joshua27@example.org	950 OWV	f	f	f	2025-04-15 14:50:44.138131+03	\N	\N	\N	f	\N	\N
562	pbkdf2_sha256$870000$GPktU6BVEZL9OiXAdybQOM$cZxIe6p+MIvAQGUB0ol6JmFc9xxurtMIzDvSgZmEJq8=	\N	f	oconnorcheryl@example.com	TLJ 334	f	f	f	2025-04-15 14:50:44.138131+03	\N	\N	\N	f	\N	\N
563	pbkdf2_sha256$870000$Qban0e23yQhtiEN6UcunHz$LgK+UUf+NL7IStnmANaQoMCEM41HgnxHQdk3ULjPJEw=	\N	f	tsexton@example.com	3ND0770	f	f	f	2025-04-15 14:50:44.138131+03	\N	\N	\N	f	\N	\N
564	pbkdf2_sha256$870000$nsnkdHSyquq2ae54W6Yccd$99PZ3ST+XHdjz26pje5fqDyGLtSPUMdFV5KPLxMVpeQ=	\N	f	thomaspowell@example.com	6PC 806	f	f	f	2025-04-15 14:50:44.138131+03	\N	\N	\N	f	\N	\N
565	pbkdf2_sha256$870000$Isw0ohJboEolH96mjvHCF6$5HJPaWcM85beL2DKSlLZkm1lea0PbhHZaduAVDdJNLI=	\N	f	williamsjohn@example.org	SDM-389	f	f	f	2025-04-15 14:50:44.138131+03	\N	\N	\N	f	\N	\N
566	pbkdf2_sha256$870000$JpXyStwH2MLL9UwSb25Ivr$AAC2Lg4x7G0Aj3f/GSDBRbhKKbRyCSRfsmpiMkuPwV4=	\N	f	michael56@example.com	DZV 471	f	f	f	2025-04-15 14:50:44.138131+03	\N	\N	\N	f	\N	\N
567	pbkdf2_sha256$870000$NDZ2Els7bPAFKPulNlvFYG$NxLvB4xIl9mKwNIJ3IxXlw9yHQnwlyDNPYq73Hvpaa8=	\N	f	dmcintosh@example.org	E12-UWV	f	f	f	2025-04-15 14:50:44.138131+03	\N	\N	\N	f	\N	\N
568	pbkdf2_sha256$870000$iGnbJGS32COCYg7D82kZ1o$QhKjM0J/GrXTRKXfPonTDthKFNztWrX0YRDyvwC2KrA=	\N	f	joshua34@example.net	946-MODY	f	f	f	2025-04-15 14:50:44.138131+03	\N	\N	\N	f	\N	\N
569	pbkdf2_sha256$870000$6FdxweatpIkTyGWD2D5PyG$hHO6R6UFwDbAuOaQZ18w6sWjh+EmT6uhBCfYgCccgz8=	\N	f	hkramer@example.com	7LJ I99	f	f	f	2025-04-15 14:50:44.138131+03	\N	\N	\N	f	\N	\N
570	pbkdf2_sha256$870000$DrwrFUaR94J2JrkjZR1hdX$plySo6UD09C7zTbX6fllLXa4gibGWBYSqYYn/GPM23M=	\N	f	joepatel@example.com	LTR 039	f	f	f	2025-04-15 14:50:44.138131+03	\N	\N	\N	f	\N	\N
571	pbkdf2_sha256$870000$8T21MXovJFqqVTGNWzuR0N$/cBgVgIqPHtN97pN/G6ZTGBSV0QY7vg37uzS74a61IM=	\N	f	jcastro@example.com	ZSB 617	f	f	f	2025-04-15 14:50:44.138131+03	\N	\N	\N	f	\N	\N
572	pbkdf2_sha256$870000$HRqQS0Sn7Zy8gYkxShsjZ6$fMfX5SfkM/XC1xmkepYbRzz5BVntT52lpu/yhYFFH78=	\N	f	nduncan@example.org	YRJ3981	f	f	f	2025-04-15 14:50:44.138131+03	\N	\N	\N	f	\N	\N
573	pbkdf2_sha256$870000$RivHcDUp7ZAjB9IWGQXwjU$rCeqom2fxg1o0m3bIkd3BM6HYwSYBQRNK/gqaAlCOck=	\N	f	mmartinez@example.org	OFY 060	f	f	f	2025-04-15 14:50:44.138131+03	\N	\N	\N	f	\N	\N
574	pbkdf2_sha256$870000$nC4vcBZo8YTeAjduiluXCi$w1bpUJ7aA9bwrFjXOnxi3lKbJdx0eYbe1ciLvoPyaSI=	\N	f	stephenmiller@example.com	882-UKUT	f	f	f	2025-04-15 14:50:44.138131+03	\N	\N	\N	f	\N	\N
575	pbkdf2_sha256$870000$ZaXnRlgSYatxD8i8Y76L71$iDJa613gsdrXM2yKL6yEovRrG8TCOWIAhII508TgxHI=	\N	f	xharrington@example.org	XY 90127	f	f	f	2025-04-15 14:50:44.138131+03	\N	\N	\N	f	\N	\N
576	pbkdf2_sha256$870000$cCaa29BHhNWtGCgMFYDwMq$sH6wIs9az4jQjXlu0W2dFI2ws/LakwhZpRPKWYJgO1s=	\N	f	ileonard@example.com	2-W9086	f	f	f	2025-04-15 14:50:44.138131+03	\N	\N	\N	f	\N	\N
577	pbkdf2_sha256$870000$1vNbM6RV2ltRAcb4lHJweM$uSsl2dXDIZhPbLl5/GG76sEeZZCeOnB+o4QKOKPb/ro=	\N	f	nina41@example.net	680 ZRM	f	f	f	2025-04-15 14:50:44.138131+03	\N	\N	\N	f	\N	\N
578	pbkdf2_sha256$870000$jKkrWAp8ANuaaFL91Dwi2D$s4jIDbMi/oHdwIeq+6AXff93oo8YvtD8VTJ/y6haTUo=	\N	f	christopherwilliams@example.com	855 EAU	f	f	f	2025-04-15 14:50:44.138131+03	\N	\N	\N	f	\N	\N
579	pbkdf2_sha256$870000$EaLghZ8OwR17ZaBJxK2P3c$JxGoD7c4YHtyLe44GUd1+Ybun5vg5sT2kTtjNcZqFsY=	\N	f	seancontreras@example.com	MDQ 453	f	f	f	2025-04-15 14:50:44.138131+03	\N	\N	\N	f	\N	\N
580	pbkdf2_sha256$870000$IYb1NKl8EUMfYYWTeJs51L$dfRs0sWgXcQFyz3bTx9uUI+g0mztBxIoBMT/FtRmYrs=	\N	f	stanley71@example.com	388 TYV	f	f	f	2025-04-15 14:50:44.138131+03	\N	\N	\N	f	\N	\N
581	pbkdf2_sha256$870000$0KAJDNxapqNJzviXXHgBt4$qpF7gxFyUVlpTuWlxgpg+4Ja1dMOLHJZ5zaC/5WZKGw=	\N	f	julie18@example.org	3YM 855	f	f	f	2025-04-15 14:50:44.138131+03	\N	\N	\N	f	\N	\N
582	pbkdf2_sha256$870000$6etmH87f04w9kZUzxKS7yI$IyHUcE3rAS7iowUHqlXhZRv8AGItycEQ9oa8BKsfB7c=	\N	f	millsjeffery@example.com	EAL9605	f	f	f	2025-04-15 14:50:44.138131+03	\N	\N	\N	f	\N	\N
583	pbkdf2_sha256$870000$lYeimDb8ZineUKAljAP7Q5$eypOuj+02gJL1dP7rR+TcPPQxHY1LZFp0fV4AIH6jOQ=	\N	f	sharonwerner@example.com	2BV8268	f	f	f	2025-04-15 14:50:44.138131+03	\N	\N	\N	f	\N	\N
584	pbkdf2_sha256$870000$DnVmqu3LrnPNYaKaaErNB8$u8xm3MIkC2nomwHOikXc7QkD7914uZFPropRJ8XxUJA=	\N	f	grussell@example.net	8QR Q65	f	f	f	2025-04-15 14:50:44.138131+03	\N	\N	\N	f	\N	\N
585	pbkdf2_sha256$870000$k6lszs4rihjLG3G3Gz2L8M$43O1kf4N0rd5sazDhD8TUdPFNSIWY7oetxta4aKV+8I=	\N	f	ellisonwayne@example.com	7I XK220	f	f	f	2025-04-15 14:50:44.138131+03	\N	\N	\N	f	\N	\N
586	pbkdf2_sha256$870000$Vk5TMRB5TSCmejP4m7kYBK$gh8dO98Wl1rPjyIontxB+GdDpR9DCvRwvb57KuX7wuc=	\N	f	davidmyers@example.net	467 MLT	f	f	f	2025-04-15 14:50:44.138131+03	\N	\N	\N	f	\N	\N
587	pbkdf2_sha256$870000$v3K746V65Y8NZW7Qzpfs93$Sty+nxTwXnrX+Sr3G0eUn+MErRX7U/u/7B1tMVGMee0=	\N	f	frankhart@example.com	UE 9729	f	f	f	2025-04-15 14:50:44.138131+03	\N	\N	\N	f	\N	\N
588	pbkdf2_sha256$870000$7k0o6tFmj1RbMihoPxYLJx$50dQcob8+mZ8C2bIP8Y0iF59RHBVUZih583t812WODQ=	\N	f	igill@example.org	894OO	f	f	f	2025-04-15 14:50:44.138131+03	\N	\N	\N	f	\N	\N
589	pbkdf2_sha256$870000$KqoHXNTqMqyMJgYvMszJxu$NgqynQvQgo4AZy1nqsUOmHriAg71lQzcn8RlRgkdu5k=	\N	f	brockelizabeth@example.org	401-LKP	f	f	f	2025-04-15 14:50:44.138131+03	\N	\N	\N	f	\N	\N
590	pbkdf2_sha256$870000$t6NadvDL0Mwi1iJBRPb54C$94JnsLW/cxaJw/KUupAK8ZSPOE0vcQ7JHmbMdI6dttA=	\N	f	rgutierrez@example.org	3-86551B	f	f	f	2025-04-15 14:50:44.138131+03	\N	\N	\N	f	\N	\N
591	pbkdf2_sha256$870000$W6cgZ35E14DaE4UCpDEhDB$khrlroYv7Qy9JmTvRwvKmQqjQiLmSn4M4r2sEFvgtRs=	\N	f	crossjoshua@example.org	57C 5951	f	f	f	2025-04-15 14:50:44.138131+03	\N	\N	\N	f	\N	\N
592	pbkdf2_sha256$870000$0cbiuehTq4xg8uStLQcobH$DKM4OmoyBR1vyTTfphj3TwHEL5AjMK3JU2ndUDJ4HMQ=	\N	f	cookmichael@example.org	Q54 7FF	f	f	f	2025-04-15 14:50:44.138131+03	\N	\N	\N	f	\N	\N
593	pbkdf2_sha256$870000$FEZdAFxBH9yKLNpj4ZeOf6$PjGzP2LFIRJHv1lbqrT5h0//qqdp3PL6Qj2+cFrMhlI=	\N	f	thompsonrachel@example.org	9N 88961	f	f	f	2025-04-15 14:50:44.138131+03	\N	\N	\N	f	\N	\N
594	pbkdf2_sha256$870000$qnW9P6kvJuZ9Mn17PI0p12$BBS0qNfMJasrnSejjsG9jfiFNyK+p53Tll3+1qBIZ2c=	\N	f	jessica24@example.com	6ME 199	f	f	f	2025-04-15 14:50:44.138131+03	\N	\N	\N	f	\N	\N
595	pbkdf2_sha256$870000$VACRTMmRBFj2UseRKf1ino$LCGENDTsxtp9NbinIrs3LzcMMPo3qAelivh3rwfPmRg=	\N	f	danielhaley@example.net	221VES	f	f	f	2025-04-15 14:50:44.138131+03	\N	\N	\N	f	\N	\N
596	pbkdf2_sha256$870000$FOPQISmEIeUmd8FgVnYlZy$35hbQv8ZzUnBPceWs7GB4FMbcy+90OYtJR59w8K3JhY=	\N	f	hintoncynthia@example.net	2L 52178	f	f	f	2025-04-15 14:50:44.138131+03	\N	\N	\N	f	\N	\N
597	pbkdf2_sha256$870000$7PVdUHoSwT68eLl4MiTFFV$qPI60pOkWTA/C4RnAVJBFySUCGKxfwIj9xL1U99H6IA=	\N	f	brandon07@example.com	2G T8553	f	f	f	2025-04-15 14:50:44.138131+03	\N	\N	\N	f	\N	\N
598	pbkdf2_sha256$870000$Gwk3jgWuJs91i7uhxlTSGZ$6kakK/Jmt4BUBaclYgjBZAnyNx0rfIb64lUW+70aDvc=	\N	f	donnashields@example.net	316497	f	f	f	2025-04-15 14:50:44.138131+03	\N	\N	\N	f	\N	\N
599	pbkdf2_sha256$870000$SQxklai5GwVzXQJ6h0X0In$oc6LZtp7xZcAkSPTKNDnFYML0bvxztjeQbusIURVVFc=	\N	f	adrianchavez@example.com	9GT X61	f	f	f	2025-04-15 14:50:44.138131+03	\N	\N	\N	f	\N	\N
600	pbkdf2_sha256$870000$qOLn7TBfjMInWy5JVDsDzY$GKFKdIijuKI7/K8ZrdpN/3qIpO0zl3LuWkATGGrGvoo=	\N	f	danielle84@example.com	400 NHT	f	f	f	2025-04-15 14:50:44.138131+03	\N	\N	\N	f	\N	\N
601	pbkdf2_sha256$870000$wSfQmIGxeJhQUJvYxHWwHQ$DGXKy4+StkflhEAkmX1gNDCZgL2lhCZFiQq4KGAjSyE=	\N	f	destiny56@example.com	2ANK323	f	f	f	2025-04-15 14:50:44.138131+03	\N	\N	\N	f	\N	\N
602	pbkdf2_sha256$870000$txxvjCfgk17DNYZ2neZZti$0V7zpntFnivHrzEjyehh5IeadhDimwj16UVrgrLrTKM=	\N	f	anthony74@example.org	2EQ S89	f	f	f	2025-04-15 14:50:44.138131+03	\N	\N	\N	f	\N	\N
603	pbkdf2_sha256$870000$2BS8i2ZFYmFF8qIlUj2gQi$lUYRMpq9JDhyJOu//ds3kjF4Y+oXvg+Ep1XBtiYsQAY=	\N	f	westerik@example.org	5419	f	f	f	2025-04-15 14:50:44.138131+03	\N	\N	\N	f	\N	\N
604	pbkdf2_sha256$870000$Bbgwg5Z0wy5MlQXN32XOY9$9/nwGxAaLzBE1XUmaYkPz/GtO34md//6ASYY9Eyp/uM=	\N	f	qdean@example.net	LRK8199	f	f	f	2025-04-15 14:50:44.138131+03	\N	\N	\N	f	\N	\N
605	pbkdf2_sha256$870000$zX6icJkq0ZyK4kWo6ssfbp$2VvxOxIjtIlgkX+oWhxrD/3jt9jS9KDi8PJ4+iBd4TQ=	\N	f	shanebradley@example.com	787 BPZ	f	f	f	2025-04-15 14:50:44.138131+03	\N	\N	\N	f	\N	\N
606	pbkdf2_sha256$870000$WHenljs0PVJbSR4d8LewUj$F4CnfIaJjeS4x9XQ5VARBgOqW55kiHJEPmAjF84aYc8=	\N	f	matthew19@example.net	193 5GA	f	f	f	2025-04-15 14:50:44.138131+03	\N	\N	\N	f	\N	\N
607	pbkdf2_sha256$870000$NLEOa5x2cvRR2zdLg6ZVM1$eHN01hza3Ir5ir5IEALtP0uD/T1mWNLHPkFd8KRUQy4=	\N	f	jonesnancy@example.com	MFR 908	f	f	f	2025-04-15 14:50:44.138131+03	\N	\N	\N	f	\N	\N
608	pbkdf2_sha256$870000$axp42HWTYxBQlxKn4Ya6wS$R05+2NZzHKY46JZiYE9z4ZveCKMJUm8BLxZUZee9hIo=	\N	f	vmullins@example.com	TN 45600	f	f	f	2025-04-15 14:50:44.138131+03	\N	\N	\N	f	\N	\N
609	pbkdf2_sha256$870000$66Vu0i8WW1tjBC3uGugaEV$/bDIUXXIooWdAVrOT/E/ZPsaSmVVsXcXb1UTFnT4PsI=	\N	f	casey42@example.com	IBR9199	f	f	f	2025-04-15 14:50:44.138131+03	\N	\N	\N	f	\N	\N
610	pbkdf2_sha256$870000$y2sCuWUzm7Hg3QoKxECIhx$mhzomHmb04cdjajDuojALkYx0oUEawpTxZeLXJXlvbY=	\N	f	vmurray@example.net	AOJ-722	f	f	f	2025-04-15 14:50:44.138131+03	\N	\N	\N	f	\N	\N
611	pbkdf2_sha256$870000$Lwr9hpJUAvcPFwAkoAO1Ys$4Ysh+Ffc9gnSjiFDZdBqU9cndhxMd8H1dprX7szJ0U0=	\N	f	wkoch@example.com	455 TDQ	f	f	f	2025-04-15 14:50:44.138131+03	\N	\N	\N	f	\N	\N
612	pbkdf2_sha256$870000$FDOjDDsCxqYEndNz7jITOc$e14eXgXQ7tk7SmtCaKCZPiMemtea0XgBrICytrjwcU8=	\N	f	grahambrittany@example.org	498-418	f	f	f	2025-04-15 14:50:44.138131+03	\N	\N	\N	f	\N	\N
613	pbkdf2_sha256$870000$gDt2QPhJIrsnX0rYpnFcTy$gC6qtES7R+2GswTLMVAZY9RNfbfN5c7UyJR7SS+fFCQ=	\N	f	barbara50@example.net	503 7100	f	f	f	2025-04-15 14:50:44.138131+03	\N	\N	\N	f	\N	\N
614	pbkdf2_sha256$870000$JGunpfQdMyTqCDzLtLJEsz$zGBM1wAC6lB2KGWUZ914QuhxXNorofyQycQe0+cwAdM=	\N	f	leeanthony@example.org	D42 3IL	f	f	f	2025-04-15 14:50:44.138131+03	\N	\N	\N	f	\N	\N
615	pbkdf2_sha256$870000$7InCk9xoBFImX65y8B6R7a$uqzN96L5+xwvcmOd8ZtnPIlUQfw7XCDYkHWFv+tUdCc=	\N	f	lgonzalez@example.net	116 VNX	f	f	f	2025-04-15 14:50:44.138131+03	\N	\N	\N	f	\N	\N
616	pbkdf2_sha256$870000$t8DzA1HVkvH4SsO5T0J6bU$7doQQ5C5aj59LNeiqAY2rFu9dUuIX2zLizswGcczCtQ=	\N	f	bwagner@example.net	479 CCY	f	f	f	2025-04-15 14:50:44.138131+03	\N	\N	\N	f	\N	\N
617	pbkdf2_sha256$870000$FqhcC2ZNj2gBLh1trfUP4y$e41LcziprOa99am8pZnlLfxnNYzK6WXlA0q5AHq+48w=	\N	f	stewartcatherine@example.net	TUP-1532	f	f	f	2025-04-15 14:50:44.138131+03	\N	\N	\N	f	\N	\N
618	pbkdf2_sha256$870000$StpTpL9XqvPMdx9ggdhO8o$0yLxHYordcIP1o/WJfDHmrISF43LAEfA+fLufXRLyl8=	\N	f	ashleykennedy@example.net	8IV 057	f	f	f	2025-04-15 14:50:44.138131+03	\N	\N	\N	f	\N	\N
619	pbkdf2_sha256$870000$5XhqllXvjYWkY2ztSkbMNq$RUJKdJWDeKuhV0XtJcv6Wk4TatMxoHYvcXKs9lP5Uvk=	\N	f	collinskrista@example.net	9HU Q46	f	f	f	2025-04-15 14:50:44.138131+03	\N	\N	\N	f	\N	\N
620	pbkdf2_sha256$870000$cWpOhX6agUKyeKjCuiax0b$2exf+LxnaoSAuB4SByw9oOnDqNROt4uuMtjpFzmE09M=	\N	f	chaynes@example.org	098DHH	f	f	f	2025-04-15 14:50:44.138131+03	\N	\N	\N	f	\N	\N
621	pbkdf2_sha256$870000$X4PvfEBEPBjOPjZC8bVeBM$sQqDMiJNPTDJkJEWUeWxc03Ad0tNXvS9/5qiQXvVIN4=	\N	f	david41@example.com	067 KBV	f	f	f	2025-04-15 14:50:44.138131+03	\N	\N	\N	f	\N	\N
622	pbkdf2_sha256$870000$Wtthc8s11twZo8k67KmWyh$OqW5LoiDS43CqaBeHxu2dFsAEZXOzfzd0oj54nUYfbI=	\N	f	rebeccaharrison@example.org	194-017	f	f	f	2025-04-15 14:50:44.138131+03	\N	\N	\N	f	\N	\N
623	pbkdf2_sha256$870000$5emFAjtvPswczVlLU2hXAo$Pda2jXzgtqm1/y/oAvmjgRjNZT3S9ZPfVyuheaEFr4c=	\N	f	amypowell@example.com	86E 021	f	f	f	2025-04-15 14:50:44.138131+03	\N	\N	\N	f	\N	\N
624	pbkdf2_sha256$870000$Tat6jJx53catH7kYSSlkNE$sNN8vMbZrhnwbnNAKCQWxePcA8IAeEfOn2l5ZmBcUJE=	\N	f	cynthiaorozco@example.net	5WAD236	f	f	f	2025-04-15 14:50:44.138131+03	\N	\N	\N	f	\N	\N
625	pbkdf2_sha256$870000$urgMqmuvdVIzQHONLVcnfB$kN2oGBp8tfjBKGOWFDV3jppiP1KE3IkRyezDQY1WUcY=	\N	f	joeweaver@example.org	5D 3511T	f	f	f	2025-04-15 14:50:44.138131+03	\N	\N	\N	f	\N	\N
626	pbkdf2_sha256$870000$rVlvdJRC81rqJ9qbReMx4v$Lwf2D41rGiJNSwMkzd2qknXcMZea1kUuk4XDNiWlZ5U=	\N	f	thomasstephanie@example.com	IWG 356	f	f	f	2025-04-15 14:50:44.138131+03	\N	\N	\N	f	\N	\N
627	pbkdf2_sha256$870000$8k6zK52mpst4zrGiMunkk4$TYUIHtdM7jn7UGyjE/5+rcmiw8CQv2fu6IfPVaSss2Y=	\N	f	parkjacob@example.com	LJM 440	f	f	f	2025-04-15 14:50:44.138131+03	\N	\N	\N	f	\N	\N
628	pbkdf2_sha256$870000$u1fsD0lNlhL0PVR42mBn2J$3XkmxvPVUH/V5w77qPmEocJQiXohiBpgfPJltKeTuLw=	\N	f	kscott@example.com	WS-1377	f	f	f	2025-04-15 14:50:44.138131+03	\N	\N	\N	f	\N	\N
629	pbkdf2_sha256$870000$RvH6rBpN4HmceGW2Iw7j06$FhqajmCVe8k21cdHAzftXj0cKLG1/lBVL3yRO1N54fQ=	\N	f	akaufman@example.org	962GBJ	f	f	f	2025-04-15 14:50:44.138131+03	\N	\N	\N	f	\N	\N
630	pbkdf2_sha256$870000$k1lKndjmC3IThEoSdTbdbS$1CLjxzHpdb4dqv4Fqsp9ek0a4Rlgvz6O8qwm0BqStrI=	\N	f	david39@example.com	YBG1462	f	f	f	2025-04-15 14:50:44.138131+03	\N	\N	\N	f	\N	\N
631	pbkdf2_sha256$870000$ivjmq6L3SN2HOWpzXg0vA8$MFb8W1a4l2VudBGL/048OyDFxICzkUeI16FlQoso5yQ=	\N	f	kristinielsen@example.org	746V8	f	f	f	2025-04-15 14:50:44.138131+03	\N	\N	\N	f	\N	\N
632	pbkdf2_sha256$870000$5zVwdiilADDlQrZl0vYjLF$5A+00zhWWxNOA5FwJxbeD/Q5KZkQzeTZbAzNvCnStvE=	\N	f	hhunter@example.net	954LWT	f	f	f	2025-04-15 14:50:44.138131+03	\N	\N	\N	f	\N	\N
633	pbkdf2_sha256$870000$7ja1eLm1YsKBEb6iHaj3HG$3FC+mqcOye99Md+GjuqZHatpYr2ktz1gJO4TyKs0MO4=	\N	f	barbaracollins@example.org	N47 0KL	f	f	f	2025-04-15 14:50:44.138131+03	\N	\N	\N	f	\N	\N
634	pbkdf2_sha256$870000$rvtDXrchvZj0e3bpd2xixa$rJ0fzdHaBIdpsQYDUDoY4rzcZ0HXGiELaRFHSGhnOGM=	\N	f	rowlandgregory@example.net	YZE 549	f	f	f	2025-04-15 14:50:44.138131+03	\N	\N	\N	f	\N	\N
635	pbkdf2_sha256$870000$Bd29w2K37JysuwSpBNIF99$XZoVwglk2afCcl9bOQuG2sWJu7MGJE0QKrkJVdcCmwI=	\N	f	rchristian@example.net	Y75-45L	f	f	f	2025-04-15 14:50:44.138131+03	\N	\N	\N	f	\N	\N
636	pbkdf2_sha256$870000$qiAY4zRH3OpRHTXReXz4da$6QjQ/TvKeBRLBBBOuC3uGuWwUexOLifVMLWhG9Aw+QE=	\N	f	christina39@example.org	5LZ78	f	f	f	2025-04-15 14:50:44.138131+03	\N	\N	\N	f	\N	\N
637	pbkdf2_sha256$870000$61pwg2Skppri6EUNvgjWjp$9kpFBOeAU9BTRY5CStgzavzJ7/2pRWsijj+r5CiOw5I=	\N	f	monicahoward@example.net	IYO 656	f	f	f	2025-04-15 14:50:44.138131+03	\N	\N	\N	f	\N	\N
638	pbkdf2_sha256$870000$LB97E9oZ5vSkyCwj4csGZH$MTbVewLO8p6K/iE4ez2HrWaczC3OhBEDL1Ps3Lbmmpc=	\N	f	scottcollier@example.org	250 EZZ	f	f	f	2025-04-15 14:50:44.138131+03	\N	\N	\N	f	\N	\N
639	pbkdf2_sha256$870000$Ts2Vlt3KIJde064KYyRIBW$wdUKMDjc7CWZAE4x4EBv2bhUxxV9Swx/vhhaLAWZ4Ew=	\N	f	chelsea97@example.org	215-VTJ	f	f	f	2025-04-15 14:50:44.138131+03	\N	\N	\N	f	\N	\N
640	pbkdf2_sha256$870000$cIbECRexrmfxDx1LFQHYFR$e46sivqYeqkPFoVdFcPfHbwq5K+nSLb6xJr1h0fzvgs=	\N	f	jack36@example.com	440E	f	f	f	2025-04-15 14:50:44.138131+03	\N	\N	\N	f	\N	\N
641	pbkdf2_sha256$870000$pC6QdMxgSBciTc5pNmuXXY$4FgocU+LFGvEhLW/IIlIurkYEeYZmXjje667OFhj4ls=	\N	f	chavezbrandon@example.org	1RX2627	f	f	f	2025-04-15 14:50:44.138131+03	\N	\N	\N	f	\N	\N
642	pbkdf2_sha256$870000$v9Y3aBi2pW112alB9ZL2LI$TOe+iCL+Hxr/mym3kK8cLJZDVfaaBO+ZfA4D0ff0fmE=	\N	f	uperez@example.com	87S DZ1	f	f	f	2025-04-15 14:50:44.138131+03	\N	\N	\N	f	\N	\N
643	pbkdf2_sha256$870000$KqFHSkc20qHlt55TNsAMfE$BgCbCTWPh3wrR4kHdomPHNBGjYoWLEFW6Lgt1QQ6YdI=	\N	f	tuckerjames@example.net	015154	f	f	f	2025-04-15 14:50:44.138131+03	\N	\N	\N	f	\N	\N
644	pbkdf2_sha256$870000$gtcoqNKul5ZGGwUUm5KNoP$jbBqbfuURwOSBI/3NHembHHRl2lWvbFOQHfDWP8SMj0=	\N	f	fbullock@example.com	8P E5962	f	f	f	2025-04-15 14:50:44.138131+03	\N	\N	\N	f	\N	\N
645	pbkdf2_sha256$870000$uv8XSBKoMija3qNdgneHRs$5/y5E0sGNK6v485E254NDPxc7jBh//MusxYfEkt3oMM=	\N	f	heidi53@example.org	ZTA 8887	f	f	f	2025-04-15 14:50:44.138131+03	\N	\N	\N	f	\N	\N
646	pbkdf2_sha256$870000$SCR1XFR9HmvN9yhC4lZNju$ZsdIdRO15WXz8thrOkFfYCrh/PDrzRPa+lZOMPO9wtA=	\N	f	george24@example.org	98-BK02	f	f	f	2025-04-15 14:50:44.138131+03	\N	\N	\N	f	\N	\N
647	pbkdf2_sha256$870000$LTJybYQskcC7gP87RGbdx4$12ZDmYD3WbnQh3SwmiVGhQS8R8M4t1g2nihEOhPNj7s=	\N	f	gomeznicholas@example.net	973 JTY	f	f	f	2025-04-15 14:50:44.138131+03	\N	\N	\N	f	\N	\N
648	pbkdf2_sha256$870000$lHzLWkIEBWZtXGWoM93Pzo$wUYq0eTlNgnjJwzs/PMfX4Rj7gnoOJD8vqKC2EHdPMc=	\N	f	amy24@example.com	8S 14546	f	f	f	2025-04-15 14:50:44.138131+03	\N	\N	\N	f	\N	\N
649	pbkdf2_sha256$870000$FDueotJeNiMTSq0TAhuPz9$xa0TkeQH7KOHI/aPYxJb43dhPYZ2VoH6F8fPmBalFBY=	\N	f	rodriguezdavid@example.org	7QW52	f	f	f	2025-04-15 14:50:44.138131+03	\N	\N	\N	f	\N	\N
650	pbkdf2_sha256$870000$CyT3hqMulhSUTi5BavVTBm$PsIxGUu9wqhYDcO6GupP/0iWZF/UdbuCcF4lC2kOqFE=	\N	f	brianna85@example.com	974WSF	f	f	f	2025-04-15 14:50:44.138131+03	\N	\N	\N	f	\N	\N
651	pbkdf2_sha256$870000$KUtGYNrGPV4fcdPDAedN4D$rLXgDKcxkmiTpgCtf98Ejmcqigfg+kSHJ12+Yq5BT/I=	\N	f	brandy24@example.com	4-6443O	f	f	f	2025-04-15 14:50:44.138131+03	\N	\N	\N	f	\N	\N
652	pbkdf2_sha256$870000$aPnFA3Mnwj4aC2fViyCK3l$b4/5EbLyP10ICjbOTlqJQkyoZGZ1/dYukuDuj4WvCb8=	\N	f	susan73@example.com	10-U952	f	f	f	2025-04-15 14:50:44.138131+03	\N	\N	\N	f	\N	\N
653	pbkdf2_sha256$870000$GNvXLkV39KE8eTsgjobqyw$982ZjAwGLOJusnnwRGV4kt0rSIkAXERTFhRFS4Ut75w=	\N	f	samanthajones@example.net	XTX 166	f	f	f	2025-04-15 14:50:44.138131+03	\N	\N	\N	f	\N	\N
654	pbkdf2_sha256$870000$osXvmPo8aMk7apPOrT2Ra7$5MUJ2XIZq9QjBvIQEQGbMS+iemNKeOynrxQaA2Ku0Ks=	\N	f	dmora@example.net	71SW837	f	f	f	2025-04-15 14:50:44.138131+03	\N	\N	\N	f	\N	\N
655	pbkdf2_sha256$870000$PWjyP3UhbxQghr9SKdZ1n9$a7J0uR6S0OwwSWu2TYwTTKnuJtbS71UsIy0nDsHwoX0=	\N	f	tmorrison@example.com	221-OKY	f	f	f	2025-04-15 14:50:44.138131+03	\N	\N	\N	f	\N	\N
656	pbkdf2_sha256$870000$shaefpaQg48hyxiECzHcBJ$QxSGMpFCr4jKOUBh390lhGabR2Ey5bKZJpurQaeujUk=	\N	f	hrodriguez@example.net	9MDA 31	f	f	f	2025-04-15 14:50:44.138131+03	\N	\N	\N	f	\N	\N
657	pbkdf2_sha256$870000$CSTdRzjoU2cvg4Lqys7Dls$mWdGZKn+AS4BHDRAv9ef+7y9Ot7nroAqiReVCGnI7t0=	\N	f	jeromejenkins@example.net	62-YS18	f	f	f	2025-04-15 14:50:44.138131+03	\N	\N	\N	f	\N	\N
658	pbkdf2_sha256$870000$pu2LxbryGpyAXjPrVAEWgx$sdWyYGpxX1iVIy8ohCJJR/G9OCvPsae2VNcRlNUB9NA=	\N	f	charlesramirez@example.net	6W 62120	f	f	f	2025-04-15 14:50:44.138131+03	\N	\N	\N	f	\N	\N
659	pbkdf2_sha256$870000$Ik9ZYXIqk6gKnAcbwE1ZTZ$oOyXuoVuhmueP4VjGnqgh1y81ufdiRv7iu3fczKvOig=	\N	f	bryangarcia@example.net	99F•206	f	f	f	2025-04-15 14:50:44.138131+03	\N	\N	\N	f	\N	\N
660	pbkdf2_sha256$870000$hwMm3MPRw8BdQLELsIF8Bx$rf+KeR0HM8uWhsuJLPcfab/Cptei7IMmciFAGSMX1cE=	\N	f	hansonaaron@example.net	ZHL-3049	f	f	f	2025-04-15 14:50:44.138131+03	\N	\N	\N	f	\N	\N
661	pbkdf2_sha256$870000$xXsiu2uUm9toEQkeHqZI6H$c1LqmXn0if7ak5BwW8Q7PoAS8lgDg6VXM0KeFgBYJNY=	\N	f	thomasjohnson@example.com	726 XLY	f	f	f	2025-04-15 14:50:44.138131+03	\N	\N	\N	f	\N	\N
662	pbkdf2_sha256$870000$fJptHruLxVD4CkY8gyCCxD$obOQA12/gfTKL2mCogj/7hxhTLTDPe5sHtIzq83NqdY=	\N	f	johnrivera@example.net	850-895	f	f	f	2025-04-15 14:50:44.138131+03	\N	\N	\N	f	\N	\N
663	pbkdf2_sha256$870000$UBxY08jFQSKJ8t3ZUAgHBs$Pdz5uTKn2g4cNr4Quzg7qcNJY+ptrRcbQFMqjV/I9YY=	\N	f	baileyconnor@example.com	343 RCX	f	f	f	2025-04-15 14:50:44.138131+03	\N	\N	\N	f	\N	\N
664	pbkdf2_sha256$870000$7wJfHso27qdjwtnWPUMgqo$JdO3dkvQvlIFWqea33gdIWGBrltcOQQ7d6DbIRHXTkg=	\N	f	holdennathaniel@example.com	28N N05	f	f	f	2025-04-15 14:50:44.138131+03	\N	\N	\N	f	\N	\N
665	pbkdf2_sha256$870000$hiPeP4tN6t8hAvtDWN44A9$h3sAyVir2nSCW08Fax3M9egHeqEHlHqlt4lbR3xGdl4=	\N	f	ogarza@example.com	6LMV 64	f	f	f	2025-04-15 14:50:44.138131+03	\N	\N	\N	f	\N	\N
666	pbkdf2_sha256$870000$qFgXLyEjvZ3tSpxslwPPk6$K84GbulnneBtBhET20NYb6wA7AHr8kWLj+7/UOQXmjw=	\N	f	virginiakoch@example.org	49T DJ8	f	f	f	2025-04-15 14:50:44.138131+03	\N	\N	\N	f	\N	\N
667	pbkdf2_sha256$870000$W0J83LMexR0y9Q5JnTGb7h$qaVp3bP9AW6XsziyttcNatBvhxQ+rKqu+XPu1f7DrUA=	\N	f	eric03@example.com	9104 QJ	f	f	f	2025-04-15 14:50:44.138131+03	\N	\N	\N	f	\N	\N
668	pbkdf2_sha256$870000$DRgRckFkqUhb2VpGgx4nXa$GgqMpHcXcRE9jxe2dAJ1ME7p13B91kjd9/AbChiVaZ4=	\N	f	jeremy70@example.com	UWE 982	f	f	f	2025-04-15 14:50:44.138131+03	\N	\N	\N	f	\N	\N
669	pbkdf2_sha256$870000$oKMASn6ICkUhRThxiZRhQz$PcI6BPTbKvxOQP5uVaEZJocaN1fWFUFSlhnS7DybcF0=	\N	f	cookjessica@example.com	JJF5039	f	f	f	2025-04-15 14:50:44.138131+03	\N	\N	\N	f	\N	\N
670	pbkdf2_sha256$870000$ZDPE6tGKLqRppozoL09ZaD$aNtJ/3Zq+VjQP96aL6EJu+CKlcitKmYq1NWpUXMH0XY=	\N	f	mary97@example.net	K06-GQS	f	f	f	2025-04-15 14:50:44.138131+03	\N	\N	\N	f	\N	\N
671	pbkdf2_sha256$870000$t51t0TKWlnYrSpAD4T4pbF$cb24wDSLOaaOdcl64iHRvVEk7uqHgIr3hevQ+4xNXUQ=	\N	f	wwilliams@example.net	66V ZX9	f	f	f	2025-04-15 14:50:44.138131+03	\N	\N	\N	f	\N	\N
672	pbkdf2_sha256$870000$XZEAzAmAv18P2AfyIVzBVn$UfxaGc8RShONd/vlHrz0yMH+BefscwwLp4qkA3juEFI=	\N	f	thompsonelizabeth@example.org	TCA-6454	f	f	f	2025-04-15 14:50:44.138131+03	\N	\N	\N	f	\N	\N
673	pbkdf2_sha256$870000$x4Gb8kSnprIlnkgnGFhtdc$gC3G6ZGaQ3sA5BOIHWCtDDlBv5c6P397HALH5XFqK2o=	\N	f	michael87@example.org	JIP-8936	f	f	f	2025-04-15 14:50:44.138131+03	\N	\N	\N	f	\N	\N
674	pbkdf2_sha256$870000$R9KA3cJyBqn4J3fQbMx9YO$I0osSh0+iHqxEY40GfLl+Ov6F8szAZWgaIuvgw/AOko=	\N	f	crossjennifer@example.org	770ITR	f	f	f	2025-04-15 14:50:44.138131+03	\N	\N	\N	f	\N	\N
675	pbkdf2_sha256$870000$h3dpq1Bv0pjuwfjzBt6Av0$EzzA5Igj6IMLThL3c6Zu7MPm1KyURMxNFSbls8FKl5U=	\N	f	angela22@example.net	70-7027O	f	f	f	2025-04-15 14:50:44.138131+03	\N	\N	\N	f	\N	\N
676	pbkdf2_sha256$870000$RNZ6ftjzrc3rMcGyR42jBt$kKa8h/YkSvGb1U/01Org3bUtgbGeGuqtDZIlj2oOXuE=	\N	f	brandon22@example.com	745 3SU	f	f	f	2025-04-15 14:50:44.138131+03	\N	\N	\N	f	\N	\N
677	pbkdf2_sha256$870000$LN9xuTg33qpE6XZu7fkMdV$yM6W8DmMRvuX6TmmejnO1ky+JHDJBjTxvPGNZwkpB+Q=	\N	f	patricianelson@example.com	90UG948	f	f	f	2025-04-15 14:50:44.138131+03	\N	\N	\N	f	\N	\N
678	pbkdf2_sha256$870000$dMWHTDlNEP6FPRyQFEuv6X$D9LIsSOmhcZ1RRUhtlUfX7rqjRoNJxm8W4T7qnpaSAw=	\N	f	hardystephen@example.net	KCH 383	f	f	f	2025-04-15 14:50:44.138131+03	\N	\N	\N	f	\N	\N
679	pbkdf2_sha256$870000$21TOOBTnCW2GtFGDZJat10$cU2HLuVDI778q/aiLWikux0LpQIC2ZGbFdGgax8aKK4=	\N	f	salazarchristopher@example.com	31B 1191	f	f	f	2025-04-15 14:50:44.138131+03	\N	\N	\N	f	\N	\N
680	pbkdf2_sha256$870000$ktNWtAvdZqyv39pWYimOHF$CCQBwHxzX7hpvTuUnk9TOHJ04JeRSh+93xHd1rn0FJs=	\N	f	seanclark@example.org	3-I9423	f	f	f	2025-04-15 14:50:44.138131+03	\N	\N	\N	f	\N	\N
681	pbkdf2_sha256$870000$2z8nszG5HO4a8pMIYjnoHS$iKm+dEknznGD3t+dWzg5kzlKiRO1eZHmTPRkyRRMj9g=	\N	f	paulhale@example.org	7-9290Q	f	f	f	2025-04-15 14:50:44.138131+03	\N	\N	\N	f	\N	\N
682	pbkdf2_sha256$870000$OFDCyJKrYZvfvo7jhMO9DY$VBIX6C33M08Lr6hVyre83V/oomSM+kYnP7+9Q8q2/Ek=	\N	f	thomasallen@example.org	559-OYY	f	f	f	2025-04-15 14:50:44.138131+03	\N	\N	\N	f	\N	\N
683	pbkdf2_sha256$870000$0nndZO9dwnmWfsgJlOQIJE$rL6YfenmlrRgH1kgIIdY57oQDt9hASEXBYuYMnlkReY=	\N	f	cathy03@example.org	98Y Z91	f	f	f	2025-04-15 14:50:44.138131+03	\N	\N	\N	f	\N	\N
684	pbkdf2_sha256$870000$9IqbqWHVJiUdoLUrr10JB1$KvEOftcg+l7EJyNYgQJY05Z4RnG8UyuNz8hSV9UvMco=	\N	f	gregory59@example.net	444 DMV	f	f	f	2025-04-15 14:50:44.138131+03	\N	\N	\N	f	\N	\N
685	pbkdf2_sha256$870000$llmY5CzgvQZZFB2zsqHmMX$O8/kNEFq+CjSDHx1s17oLKjFutZJ9smJt84mJzWeY3g=	\N	f	davidgarner@example.net	647-QIH	f	f	f	2025-04-15 14:50:44.138131+03	\N	\N	\N	f	\N	\N
686	pbkdf2_sha256$870000$elEDzAiRlj8ZGXUANP1GkN$MQOxcYifFNOQKig8sKt5Xuo8deIDUi8IGAgK4c9FmFw=	\N	f	robert78@example.net	802T	t	f	f	2025-04-15 14:50:44.138131+03	\N	\N	\N	f	\N	\N
687	pbkdf2_sha256$870000$CvPDnRJZ50LBdqHOrjdn5c$Q/kASma2TKxku7lTXKbn+7OgTTrcZCa2n3cZBTLIBQA=	\N	f	walkermary@example.org	7Z 9U7ORT	t	f	f	2025-04-15 14:50:44.138131+03	\N	\N	\N	f	\N	\N
688	pbkdf2_sha256$870000$YvsbTRXHjIAaUjkHzX7paY$0VGHfm21VGR3VyBuA2nF2WfLqHjFlDy8XPfVY7Vu9Fc=	\N	f	umartin@example.net	WTH 302	t	f	f	2025-04-15 14:50:44.138131+03	\N	\N	\N	f	\N	\N
689	pbkdf2_sha256$870000$pVwFnkLwYZgAeLRkueFoYw$/E44/8vsFtMQeau9hkTGJ8WrOG2vzgAK8wUhMRx+TjM=	\N	f	caitlinwhite@example.net	354 HCH	t	f	f	2025-04-15 14:50:44.138131+03	\N	\N	\N	f	\N	\N
690	pbkdf2_sha256$870000$s8wOMXK7yo7s2KzkfofoOB$BLciGTSYHABNYLHuLcJj3PCgdB3CQq3IzW5J9HGU+T8=	\N	f	williamsanthony@example.com	789 6DD	t	f	f	2025-04-15 14:50:44.138131+03	\N	\N	\N	f	\N	\N
691	pbkdf2_sha256$870000$TbSIcumNaUztKDo2pqrtyi$UGZf7WNWTNw2rzZq1xvxEZncLAFV84KlJ0YXrR3bc6g=	\N	f	craighudson@example.net	9-9119C	t	f	f	2025-04-15 14:50:44.138131+03	\N	\N	\N	f	\N	\N
692	pbkdf2_sha256$870000$UQHoDnsaMcEoDWTwrVmOcW$9UeILUikTIwC8sSNfYZwQjCWV2TDpwR4QxNHtt47W4g=	\N	f	sarah36@example.org	LOV 460	t	f	f	2025-04-15 14:50:44.138131+03	\N	\N	\N	f	\N	\N
693	pbkdf2_sha256$870000$eFeZgzyihlZzZ90L4aZw2t$4gy6yttPT7Oy4NWFgCPAkC02Ntd/6SjJTvfx0D5tEsg=	\N	f	kathrynmorton@example.org	FWH-8644	t	f	f	2025-04-15 14:50:44.138131+03	\N	\N	\N	f	\N	\N
694	pbkdf2_sha256$870000$Ciz0jL1gX9OgF9uspd1FY6$6GN/mC23AHeukFY/nsbcST1PJ2IhksvPapymIPh2Aas=	\N	f	jefferyjohnson@example.net	422 CEG	t	f	f	2025-04-15 14:50:44.138131+03	\N	\N	\N	f	\N	\N
695	pbkdf2_sha256$870000$xQCbCegDFR8ChueZgYlMzD$1NZ9mI3A3YyvIbdxa8R7BFVdmD0D2aeStoOQ5abstf8=	\N	f	amy01@example.org	OWK-1103	t	f	f	2025-04-15 14:50:44.138131+03	\N	\N	\N	f	\N	\N
696	pbkdf2_sha256$870000$rgDOhpXlFFlC3MNY0YwSPZ$zvJLZQxrEogiFBiLindufN5Nlv+gFQwaaHWcjOv9qog=	\N	f	calebmckinney@example.org	ET 2648	t	f	f	2025-04-15 14:50:44.138131+03	\N	\N	\N	f	\N	\N
697	pbkdf2_sha256$870000$OlNZWzdWgQD76J6wEZPeUY$BXFQinNsGvJf0Ueas9H8jxZywFbgr0mWUUlo36LwJfs=	\N	f	fpetersen@example.com	8-24064	t	f	f	2025-04-15 14:50:44.138131+03	\N	\N	\N	f	\N	\N
698	pbkdf2_sha256$870000$RQfLnIgbCJ8CeshmWAKXmv$ieipJcgp8i4fcbVE6swDLz6sGa355DFZbo2sDixY/sY=	\N	f	valdezkari@example.net	QLS 085	t	f	f	2025-04-15 14:50:44.138131+03	\N	\N	\N	f	\N	\N
699	pbkdf2_sha256$870000$r22ypULBAg3CaPdM0vL3SA$dWKd5soscm1CE35K/vSB5QsE7xsjQaqNJF107Uumsz8=	\N	f	andrew49@example.com	4469 YJ	t	f	f	2025-04-15 14:50:44.138131+03	\N	\N	\N	f	\N	\N
700	pbkdf2_sha256$870000$j1kp7WzcU7TLUa9kkv2vba$12/TIIQ4bwR2Uh6c8sIl5sf6dSkNDZYGVA/uchF6Wxs=	\N	f	jeremiahvaldez@example.net	0-P3636	t	f	f	2025-04-15 14:50:44.138131+03	\N	\N	\N	f	\N	\N
701	pbkdf2_sha256$870000$8AW8Yzk9I3RQE7726J6ECn$2qLosJ59haqSWzOWqXPTbClOEIAFhhdk9AitDN5y/xA=	\N	f	ybarnes@example.org	4028 FY	t	f	f	2025-04-15 14:50:44.138131+03	\N	\N	\N	f	\N	\N
702	pbkdf2_sha256$870000$XbcKXQfHLv7xq7a2vaSsTL$Edo8gwtzo5lr3R2w5yimJpYz/aebyg6mUH1qGAoX/24=	\N	f	dale41@example.net	5R 7C3TJG	t	f	f	2025-04-15 14:50:44.138131+03	\N	\N	\N	f	\N	\N
703	pbkdf2_sha256$870000$9edhJ9EtksPDHBUUq79EUG$pAQWVKGhV/359Xauky1eZT1le/RzhfxpUdstkm1hxyU=	\N	f	dianebarrera@example.net	197 YHI	t	f	f	2025-04-15 14:50:44.138131+03	\N	\N	\N	f	\N	\N
704	pbkdf2_sha256$870000$M2yiOwPveUqz7zKSI6QRms$hpaLdvZGiIhbKcB4PSNwmxEis9FR3785TUX5fHvanHk=	\N	f	clarkcarla@example.com	YTY-7143	t	f	f	2025-04-15 14:50:44.138131+03	\N	\N	\N	f	\N	\N
705	pbkdf2_sha256$870000$MsmfmTzfWL0QZwYsgMdPaR$efOQpeynwOWArrMSBWq7+4xDazpy+okwWt3aS8S+Fig=	\N	f	linda81@example.org	9C287	t	f	f	2025-04-15 14:50:44.138131+03	\N	\N	\N	f	\N	\N
706	pbkdf2_sha256$870000$F87hIUNrFyEjB9lQYjMqa8$FLJWSgH2sWLslRNkwwYg/QLE5Dv9+zFfQg/cZcV3qnE=	\N	f	rodriguezandrew@example.com	8497 JA	t	f	f	2025-04-15 14:50:44.138131+03	\N	\N	\N	f	\N	\N
707	pbkdf2_sha256$870000$whneWk9A3iPEsde4uvqiH3$8MyXQPOWa94wiUzbjzAnmYqbDUT7Z8QzKsZ8eLVUzAg=	\N	f	johnwilcox@example.org	LRG 429	t	f	f	2025-04-15 14:50:44.138131+03	\N	\N	\N	f	\N	\N
708	pbkdf2_sha256$870000$o3zSTOaDEqwJQ5AQ12pLZn$9shJbayDpnhxFkGjurJiVX4S0lCtSeTGKl1tgjNN5R4=	\N	f	jessica96@example.net	LEX 337	t	f	f	2025-04-15 14:50:44.138131+03	\N	\N	\N	f	\N	\N
709	pbkdf2_sha256$870000$W0iWXeb6yXQTWUcB03Y2lC$UIArCIE6u7E9x5y8/WP8PVIup06QJEj+IVn/W2eYEmo=	\N	f	johndavis@example.org	44G 043	t	f	f	2025-04-15 14:50:44.138131+03	\N	\N	\N	f	\N	\N
710	pbkdf2_sha256$870000$xWymZY4koB3smQyBy7zNsa$1pe9+xfjd/h0mWc/o/dd11x2QnFQG+//TqXA+V21blA=	\N	f	taylorgarcia@example.org	16-K525	t	f	f	2025-04-15 14:50:44.138131+03	\N	\N	\N	f	\N	\N
711	pbkdf2_sha256$870000$0VylBCht6fB5Wt18b6afVa$UM0IldIKi6cjd2gNOSrd4iiPYVt+daN3yJg91lSxEyM=	\N	f	plowe@example.org	90V U01	t	f	f	2025-04-15 14:50:44.138131+03	\N	\N	\N	f	\N	\N
712	pbkdf2_sha256$870000$OhxFFbNl8WlQdLRnpi19eI$UUTQ3y32aXsQDMll6Y7CATXpFWtmIDDe9tVc7AFuyyI=	\N	f	markstevenson@example.net	3WF38	t	f	f	2025-04-15 14:50:44.138131+03	\N	\N	\N	f	\N	\N
713	pbkdf2_sha256$870000$hQCBHxypSBBLgciRgEe94A$V4xt8YSSOBWpwq7puLOWBebISwclDKyTaZW+/b23dtw=	\N	f	susanbaird@example.org	8Y845	t	f	f	2025-04-15 14:50:44.138131+03	\N	\N	\N	f	\N	\N
714	pbkdf2_sha256$870000$eHUBkTK7CX4eeqO3ZSp2So$VFHx6x5dtVeAElzLRMkT5p9csve/xC+/7k3md5T0CQw=	\N	f	randy31@example.com	140 JPF	t	f	f	2025-04-15 14:50:44.138131+03	\N	\N	\N	f	\N	\N
715	pbkdf2_sha256$870000$gMGZpzBlf50jJmsBe0rPpu$joP2GYiz42lEAM2ivSTByuUQeeCD4t08UYYHwoAMmFA=	\N	f	hatfieldjason@example.net	LWL6512	t	f	f	2025-04-15 14:50:44.138131+03	\N	\N	\N	f	\N	\N
716	pbkdf2_sha256$870000$a5YRPkQRS4XdP7OlMdNu7s$xbvzWWp11E7vNXZbt/8hVvKBX+6AfrADrlI/1DymuBM=	\N	f	burtonchristie@example.com	FEI 931	t	f	f	2025-04-15 14:50:44.138131+03	\N	\N	\N	f	\N	\N
717	pbkdf2_sha256$870000$RCzIEWknaawiqTg8XHC8e6$6AplBb6wv5EC0kTT4bs9Yypxku3ndAasz+DT64EVsNU=	\N	f	spearssean@example.org	461UWW	t	f	f	2025-04-15 14:50:44.138131+03	\N	\N	\N	f	\N	\N
718	pbkdf2_sha256$870000$nIl6SYQaFszpLycKWoDjwH$TqYRRRWQ0gOUU+IMip5TH1xNwaeFmOMfhOZhNYzyfck=	\N	f	snyderjustin@example.org	SYA 705	t	f	f	2025-04-15 14:50:44.138131+03	\N	\N	\N	f	\N	\N
719	pbkdf2_sha256$870000$MNAROtP8NyDCeHu8V6JSzI$rFnQx3aHWgOSCFCWGX5OhyTGmhBQkQVc6F3WDI1LgUQ=	\N	f	vpotter@example.org	KQB 410	t	f	f	2025-04-15 14:50:44.138131+03	\N	\N	\N	f	\N	\N
720	pbkdf2_sha256$870000$0ZEsb6A66Ar7O3UotWJnzK$37DmPcGpy5saTk0cU5bAHZFPenVCGgZH2EQTDSMbYpU=	\N	f	marshdebra@example.org	UV9 7193	t	f	f	2025-04-15 14:50:44.138131+03	\N	\N	\N	f	\N	\N
721	pbkdf2_sha256$870000$awvYfckIkEV7tK603L8ZYG$pix0c3xok2Tksu9XEnTzrkc98Az3047YqC/t/L2by80=	\N	f	rpeters@example.net	5EZ0148	t	f	f	2025-04-15 14:50:44.138131+03	\N	\N	\N	f	\N	\N
722	pbkdf2_sha256$870000$5IqxWVzdO0ruPRbGHPvfDn$Ul4Kk/ELTvmPBovqW9NXjb+9Dcpa61AJMPx/pLhV5a8=	\N	f	justindaniel@example.org	0P CL120	t	f	f	2025-04-15 14:50:44.138131+03	\N	\N	\N	f	\N	\N
723	pbkdf2_sha256$870000$kUOCWPGTYPtdund63crxH8$0Phd1kCpzxX3ZzwE1zqlJPPLBGZAmdcAmRj+dX/4P9s=	\N	f	ericpatrick@example.org	033 XIA	t	f	f	2025-04-15 14:50:44.138131+03	\N	\N	\N	f	\N	\N
724	pbkdf2_sha256$870000$q3UpcRonOY18t7nnGn7lZb$cfsjEUlK+JJRslXS2lGibRZW9zA+nFCV4nstp6Is0UQ=	\N	f	petersenjoseph@example.com	7CV42	t	f	f	2025-04-15 14:50:44.138131+03	\N	\N	\N	f	\N	\N
725	pbkdf2_sha256$870000$Qu15BDPgZcQRi9xhDGlLy3$gTsT4nZFJnqPsI/t+YWM4FmAQ50yMPs9Dgap3KLzV0U=	\N	f	kim07@example.org	72-44634	t	f	f	2025-04-15 14:50:44.138131+03	\N	\N	\N	f	\N	\N
726	pbkdf2_sha256$870000$tT21Jy0m84hWml0jWvgI3w$eSnOGm7SmqqRRxeiEK1wbCo4nD8/FapDglI/o3AMMSk=	\N	f	ihahn@example.org	NAB-3021	t	f	f	2025-04-15 14:50:44.138131+03	\N	\N	\N	f	\N	\N
727	pbkdf2_sha256$870000$JypRbCNdUJRo0f1loHcF19$2ffFeRTXlu9/eWqqW+ktxH1gISSvSDMlkX1icXkBhbc=	\N	f	cherylwall@example.org	UUU-901	t	f	f	2025-04-15 14:50:44.138131+03	\N	\N	\N	f	\N	\N
728	pbkdf2_sha256$870000$Dhz6T01Gq49PnoGG7Mcoqx$6xqWZBQNOIpcjbYmxa2kkYpl17gNgawPHIhQE2oNreM=	\N	f	matthewflores@example.net	523YHK	t	f	f	2025-04-15 14:50:44.138131+03	\N	\N	\N	f	\N	\N
729	pbkdf2_sha256$870000$QIsv6kPd64rqfSOIF8BvC7$2MTZXtC9j05TezjfJFndmG9FTqQK/MXPqgL3C91PmWk=	\N	f	monica60@example.org	487-LOD	t	f	f	2025-04-15 14:50:44.138131+03	\N	\N	\N	f	\N	\N
730	pbkdf2_sha256$870000$c8qJqtmzL7NnE5OoUwNVeq$palB4EPhvLVQcMFRPCSSqt4u2XaGclh1ATSYMHQ+Dkg=	\N	f	benjamin81@example.net	J01 6DX	t	f	f	2025-04-15 14:50:44.138131+03	\N	\N	\N	f	\N	\N
731	pbkdf2_sha256$870000$hbZm0GXvfsgR6JTe2vJl5L$hoJbwFUuIzL712VStOFpOWrdSoyEeEVfRZYP4kYxHnE=	\N	f	dnewman@example.org	7U 6840N	t	f	f	2025-04-15 14:50:44.138131+03	\N	\N	\N	f	\N	\N
732	pbkdf2_sha256$870000$v7ZMbHKYaKHJxNehtCsE4d$5SmjBGGlaC86+AqNXadzBjLm8PCE5VqjE56AnTbXz2c=	\N	f	adam58@example.com	0U UE147	t	f	f	2025-04-15 14:50:44.138131+03	\N	\N	\N	f	\N	\N
733	pbkdf2_sha256$870000$4PTnsA1rJ2O36vuJwR16bk$1aFVoOnJF7wA3sc5Cc/8LRR9TQfr1LNNr+53jJPLaTY=	\N	f	leerussell@example.com	JG2 R9R	t	f	f	2025-04-15 14:50:44.138131+03	\N	\N	\N	f	\N	\N
734	pbkdf2_sha256$870000$p2TrsDDdLPJzyuIr7BHeVJ$i3MgWYHer5ba0o2wzO/z9AMl/ZmBwijRvWO5iMDyw/U=	\N	f	gloriachung@example.net	HQB 808	t	f	f	2025-04-15 14:50:44.138131+03	\N	\N	\N	f	\N	\N
735	pbkdf2_sha256$870000$N2kr2nqHldqu6u7OUTOwVt$XjEE8qn4/ZthUEHZaJd38M7XImfurgs8OlcMjKJ6ZHs=	\N	f	xmoore@example.com	27U 0901	t	f	f	2025-04-15 14:50:44.138131+03	\N	\N	\N	f	\N	\N
736	pbkdf2_sha256$870000$bM8BEUGkc6140wZmRk7mnS$JKtz0dpXBl5dNfNtuyFseIERH3K6Lgug/OUowxW2ju0=	\N	f	marksjames@example.net	VCB 587	t	f	f	2025-04-15 14:50:44.138131+03	\N	\N	\N	f	\N	\N
737	pbkdf2_sha256$870000$1g5FQcXsU9Q7DV2c0PP1yk$oVDFDYyN6Jzx0I3JYBJALhi3uaKJKP7hVuwvG96p/m4=	\N	f	vargasandrea@example.com	DF 8362	t	f	f	2025-04-15 14:50:44.138131+03	\N	\N	\N	f	\N	\N
738	pbkdf2_sha256$870000$d3sTwYurwklwRmCmjpCqe4$9yxw6dy4kDciKPoXVNZtLKoziQD0R+ZcgixDl99XZrQ=	\N	f	aguirrepatricia@example.org	648 QRV	t	f	f	2025-04-15 14:50:44.138131+03	\N	\N	\N	f	\N	\N
739	pbkdf2_sha256$870000$B0VWSMBLN6Z8nZNxoMN8vv$xXhA6CkZOmB5xzr0pmqC2LEZPc8rQaCoiq6HQ/6K4TQ=	\N	f	kellyrichard@example.org	7YU0093	t	f	f	2025-04-15 14:50:44.138131+03	\N	\N	\N	f	\N	\N
740	pbkdf2_sha256$870000$YWWlEC3HNx6A16FFosOV9l$Fef4fiyxRUyosBeSfbH8b5PttcX3X0gK7ivW17GMGiE=	\N	f	rosseric@example.org	LY5 T8R	t	f	f	2025-04-15 14:50:44.138131+03	\N	\N	\N	f	\N	\N
741	pbkdf2_sha256$870000$KZnQFEEoFbCBzMoCZtuBer$m/Q1nSwcubawvEKO0SNaH0FU1m8qcKnD2ZQr+tauuN4=	\N	f	nathaniel67@example.com	JMM 046	t	f	f	2025-04-15 14:50:44.138131+03	\N	\N	\N	f	\N	\N
742	pbkdf2_sha256$870000$OiDocwPOEMLnXqgLM4M2ny$ewd1fx+BiA78bB/mjvAv1V4ZRkE6omVOWT0po7GGhv4=	\N	f	ymiller@example.org	490T7	t	f	f	2025-04-15 14:50:44.138131+03	\N	\N	\N	f	\N	\N
743	pbkdf2_sha256$870000$EWQG0Tt6GRXHVKrspiXFzK$PD8yGTVIiTdEbKlFA/pGpAYziRdWiBgDSQLJmBjNdvw=	\N	f	christopherherrera@example.com	578 3AC	t	f	f	2025-04-15 14:50:44.138131+03	\N	\N	\N	f	\N	\N
744	pbkdf2_sha256$870000$z4K2dCUkH6pORLlLAWsf1e$eEW2qN7aNEnZCYrcStY1l9GKZT1IYO4TTx8pkOUNpAc=	\N	f	charles54@example.org	723 1326	t	f	f	2025-04-15 14:50:44.138131+03	\N	\N	\N	f	\N	\N
745	pbkdf2_sha256$870000$ivntNRwbMrik3gZmKqacmP$zyM+y6vbWU+e8OcPMJ12WUIyfAwcOKmZuyb55bd2Rew=	\N	f	ymolina@example.net	CBD-5723	t	f	f	2025-04-15 14:50:44.138131+03	\N	\N	\N	f	\N	\N
746	pbkdf2_sha256$870000$vJ7NjSb9AqscoCUHFZX4ja$/8hUFnh7hYH/7hhWI27ub3SGMRNX5ZxHgvrASvPrif4=	\N	f	normandavid@example.net	8AL 100	t	f	f	2025-04-15 14:50:44.138131+03	\N	\N	\N	f	\N	\N
747	pbkdf2_sha256$870000$P59IxXtuwVq8tPRItadJWw$w7nVqjWPQ0na5XV50Jk0oVR7VAgdUf4hbxtkspw2Rhg=	\N	f	urichardson@example.org	153JDL	t	f	f	2025-04-15 14:50:44.138131+03	\N	\N	\N	f	\N	\N
748	pbkdf2_sha256$870000$6KKNMse4JVNmSj3Z4aJBaN$xU1XXAdBr3X/wWyRr+hqjzUHOmRf4Ik0Xh+tCCAodao=	\N	f	jgarrison@example.org	LSK 503	t	f	f	2025-04-15 14:50:44.138131+03	\N	\N	\N	f	\N	\N
749	pbkdf2_sha256$870000$skzCtpR9KByW5c48DcAlus$RRmF5I3j/SLkZsvSzP7HJHCY5Yv1N8ZXgVCHRepCXyY=	\N	f	harrisonrobert@example.org	P82 9XV	t	f	f	2025-04-15 14:50:44.138131+03	\N	\N	\N	f	\N	\N
750	pbkdf2_sha256$870000$Qje2xAwJkerVz3vFgGukVA$lOqtBZuiDDzRlTW3BChqqq3Qm19+ASRay3GD07Rky6U=	\N	f	kimnguyen@example.net	508N	t	f	f	2025-04-15 14:50:44.138131+03	\N	\N	\N	f	\N	\N
751	pbkdf2_sha256$870000$Pjb9pXN0U3L3TjQZaQyEPa$hS28GM+1wQBRlLM/w50OYump49CdJuxeyP9BKK5Ut3k=	\N	f	rramirez@example.com	TR 25070	t	f	f	2025-04-15 14:50:44.138131+03	\N	\N	\N	f	\N	\N
752	pbkdf2_sha256$870000$9MQ3RqPXyKMRrDjRD3jAnK$XgXJSLIXe0Rfzy3/JDVqJ3m1/sRuHerkDcTs8cLOE/c=	\N	f	michaelhebert@example.net	ZW1 7776	t	f	f	2025-04-15 14:50:44.138131+03	\N	\N	\N	f	\N	\N
753	pbkdf2_sha256$870000$ojDDM0mJHyDWv76pLbkwWj$mg3CVlkoi0k4aKsfmD1Gu1qr6ELCPrMXFpD6Ybfwek8=	\N	f	anita08@example.com	2A WS118	t	f	f	2025-04-15 14:50:44.138131+03	\N	\N	\N	f	\N	\N
754	pbkdf2_sha256$870000$mBmSjdva2HhbDHu5hxwXJz$I/aiI5/a1U9LfLqoOWTG9j8D3EqF5YijVHAOpS+Lz34=	\N	f	torrestyler@example.net	070 2AK	t	f	f	2025-04-15 14:50:44.138131+03	\N	\N	\N	f	\N	\N
755	pbkdf2_sha256$870000$IKs49ysolFGuLkKJQYliLZ$aE5cueKZtA4h+/W/Rs3eMMcWHtN3rt+3xa3vrF9ecxY=	\N	f	bergallison@example.com	T24 7SY	t	f	f	2025-04-15 14:50:44.138131+03	\N	\N	\N	f	\N	\N
756	pbkdf2_sha256$870000$jJtydAaWGFDT2s4oiRMRBK$GTS7LflU5WZHCr/7xHbZ/FHifbrPVe3tv8M03SKmrQk=	\N	f	kenneth57@example.net	9-R2479	t	f	f	2025-04-15 14:50:44.138131+03	\N	\N	\N	f	\N	\N
757	pbkdf2_sha256$870000$qtyAfbs2no1Ishf9mlBZWD$6hZ0wPRwjdpzruAOjOwR+ovj/nXVzqOyVY9UWAXfHo8=	\N	f	laura74@example.com	NVC 9187	t	f	f	2025-04-15 14:50:44.138131+03	\N	\N	\N	f	\N	\N
758	pbkdf2_sha256$870000$VvFOWYGPyPLVVrQBVwPRSr$yVBRBrdzjRRbNX1N+lK+Zhf/yiQSn6N8MHJw9HHiyh0=	\N	f	wrightcatherine@example.org	B35 4WB	t	f	f	2025-04-15 14:50:44.138131+03	\N	\N	\N	f	\N	\N
759	pbkdf2_sha256$870000$ElgHJhTLJENUbduPBa0sUe$MlK2q2aziIdpyTatbJYR058wY3bSLbJZv2VKTiTNajg=	\N	f	hmorris@example.net	575 VDY	t	f	f	2025-04-15 14:50:44.138131+03	\N	\N	\N	f	\N	\N
760	pbkdf2_sha256$870000$U6xXenSUQ2R3Wvum0QzHDv$WJtKSHV6rPaWOxa43PWKCFtP+k5VXYQtw3I/WAFRUgQ=	\N	f	xsalinas@example.org	24-61467	t	f	f	2025-04-15 14:50:44.138131+03	\N	\N	\N	f	\N	\N
761	pbkdf2_sha256$870000$lAJSp8IHdzDpTr9Bmc0JFi$PNHmI9W6wjRkAhgb/Q/bO3lYhy6ZrHfKAYvMtQX7Wis=	\N	f	oaguirre@example.org	56-7964H	t	f	f	2025-04-15 14:50:44.138131+03	\N	\N	\N	f	\N	\N
762	pbkdf2_sha256$870000$2RiJzzcNYnP3f6rWK1vAdN$edswnmgP6HEuoc2OZzRTj92dSKuujKsqKaz8MRj+cfc=	\N	f	james25@example.org	KNC-4408	t	f	f	2025-04-15 14:50:44.138131+03	\N	\N	\N	f	\N	\N
763	pbkdf2_sha256$870000$1bJjUn1D8jlKowRpjUUL7B$NLn9Obd5MJ+/Fm2GRhR2MnVLD7JiSIHVis3wYN7/aYA=	\N	f	andersonholly@example.com	202 OIL	t	f	f	2025-04-15 14:50:44.138131+03	\N	\N	\N	f	\N	\N
764	pbkdf2_sha256$870000$vHBkAbjRzyIrzf2RrnydFA$NRdPdJlWax5Ow9J754nn29Y7tCi7KQrFu870nBgbdlw=	\N	f	raymondlopez@example.com	038 3QA	t	f	f	2025-04-15 14:50:44.138131+03	\N	\N	\N	f	\N	\N
765	pbkdf2_sha256$870000$LPoGnmbBYQnpqhx4zQgnKM$2cBtMvLu8PtYqK3b5Ve4iH0/JU2J679HHirckIhwbw4=	\N	f	tfreeman@example.net	40J IK7	t	f	f	2025-04-15 14:50:44.138131+03	\N	\N	\N	f	\N	\N
766	pbkdf2_sha256$870000$cgPk0LrgyltFdG073mpsCR$8aYAVNVxHgYgv0fHgBhlCdYN78hrI9c5hOjN2T3LN0s=	\N	f	ymanning@example.net	917-ZVE	t	f	f	2025-04-15 14:50:44.138131+03	\N	\N	\N	f	\N	\N
767	pbkdf2_sha256$870000$y2gAWLqImE22Ck2YxbzO1X$474pwvQElDDivmzYVCUenbWqwL1ngUe8jZZYiTjmCjM=	\N	f	aaron69@example.net	DYB-3063	t	f	f	2025-04-15 14:50:44.138131+03	\N	\N	\N	f	\N	\N
768	pbkdf2_sha256$870000$PvqGf0OsBD78lWXBMp8Iud$Q3SOFNX+D6J4ZPNvf5FNpUGM//anSSa0WpZ6+I2FoqA=	\N	f	jasongonzalez@example.com	404 BF5	t	f	f	2025-04-15 14:50:44.138131+03	\N	\N	\N	f	\N	\N
769	pbkdf2_sha256$870000$oG3vg4O8indtcCKqkQwFWw$V8TnQ3VE8dKC8re6p5GBnEAzxjn+69LWyb8tZLz7jBQ=	\N	f	lance55@example.org	KMW 668	t	f	f	2025-04-15 14:50:44.138131+03	\N	\N	\N	f	\N	\N
770	pbkdf2_sha256$870000$sxpQdY8rFZJDme4xiV5RUL$WGCJD5xbWsH9FjR474t905z9pSUBr1c3R/DEDUtIdHw=	\N	f	rodriguezkristi@example.org	9IWH153	t	f	f	2025-04-15 14:50:44.138131+03	\N	\N	\N	f	\N	\N
771	pbkdf2_sha256$870000$NMVcWZArLaRsq3jl6MtQCu$RtBE6RNoKjc7MqBxijsKIgwKy6695YfOgj4VTI4IK+Y=	\N	f	jasonclark@example.org	1AK M34	t	f	f	2025-04-15 14:50:44.138131+03	\N	\N	\N	f	\N	\N
772	pbkdf2_sha256$870000$XI7VGHIDEVTkwj71eJfg7b$de8+Ue+nuN5WdFC+f2IGo5ufCtsfoBebP9LYe2agGMw=	\N	f	paigegutierrez@example.com	731 NDV	t	f	f	2025-04-15 14:50:44.138131+03	\N	\N	\N	f	\N	\N
773	pbkdf2_sha256$870000$1NklioqkuWwtjyvbfbxl9K$MEwAFLrcnN/xBXlsLATIr7hKqtFVFMxBoAyLrgo7LLM=	\N	f	jessicadrake@example.net	XWL-1733	t	f	f	2025-04-15 14:50:44.138131+03	\N	\N	\N	f	\N	\N
774	pbkdf2_sha256$870000$sVN8heOz4ru9ciYL2VT5KH$GmCtlGb+f63dYpb3DwJfnP/ECNcJQ1YUIoMwKU+qSHo=	\N	f	mthomas@example.org	CC1 0741	t	f	f	2025-04-15 14:50:44.138131+03	\N	\N	\N	f	\N	\N
775	pbkdf2_sha256$870000$MQjwTasrbDOgFRL8aHKN5w$HEC5/TtXbYPK2AdJZGbHJJZQUSy+ukz3f6lb9kQEgFs=	\N	f	katelynrobinson@example.com	206 7FP	t	f	f	2025-04-15 14:50:44.138131+03	\N	\N	\N	f	\N	\N
776	pbkdf2_sha256$870000$W5VtfXf320VOIUQ6UiPhL8$cDoropxHcpLZ6cNCHw3nAQScY7cd5ufkkmMEsubl3rI=	\N	f	danielle90@example.net	447-PPQR	t	f	f	2025-04-15 14:50:44.138131+03	\N	\N	\N	f	\N	\N
777	pbkdf2_sha256$870000$2o76ZSp8mtnjbtW4Cndrbj$gqdWo0+ZXBfvn/cMRpBmsYMuyEmAhAaiUsZz2+b2dfQ=	\N	f	liaustin@example.com	DEH-2554	t	f	f	2025-04-15 14:50:44.138131+03	\N	\N	\N	f	\N	\N
778	pbkdf2_sha256$870000$DutikoKB8Ab7Y8Qy9N50ZH$OlDd3PuLGTs6sVWMkjr1p5cpclUMRGvTITJcW4W8tl4=	\N	f	spencerjohnson@example.net	3Y PE521	t	f	f	2025-04-15 14:50:44.138131+03	\N	\N	\N	f	\N	\N
779	pbkdf2_sha256$870000$Y3mHaNgPJt8ghfIFsnxqz6$ni+WOWJ2sXtp+oomIqA3VPClUzk+LfkftEj+7/74Pfg=	\N	f	flee@example.org	4OQ4030	t	f	f	2025-04-15 14:50:44.138131+03	\N	\N	\N	f	\N	\N
780	pbkdf2_sha256$870000$ZMsySLmN2Ynts6vYOsjMdq$aYyafdCQ5mLll3NA+WRqEYqMkQ1din3AZRTj1eRx2CA=	\N	f	hernandezmatthew@example.net	02-MW38	t	f	f	2025-04-15 14:50:44.138131+03	\N	\N	\N	f	\N	\N
781	pbkdf2_sha256$870000$5oHXey5qlp54rMa37wkE8Z$sS/az9YR5IsLmHxWk4mU9YwQTZRHDh0+PtbL+y37uUE=	\N	f	qzamora@example.net	036 5ZQ	t	f	f	2025-04-15 14:50:44.138131+03	\N	\N	\N	f	\N	\N
782	pbkdf2_sha256$870000$S2ZOmXqoNJZ9eWcyRMKOre$8ChiMdXiQYvh4HgGwURQ2k/ClrI6SiqFzAE8bMx+N5E=	\N	f	lisa14@example.net	ZRO 057	t	f	f	2025-04-15 14:50:44.138131+03	\N	\N	\N	f	\N	\N
783	pbkdf2_sha256$870000$IoR8nur6InSgqnPxBrO0Hi$mGW19HbZUu3foqaI6R+o0R32WiqHebmt/gmWCASYxJg=	\N	f	lawrenceryan@example.com	533 7RK	t	f	f	2025-04-15 14:50:44.138131+03	\N	\N	\N	f	\N	\N
784	pbkdf2_sha256$870000$7Fje8qUEhoCbhiJ3Ajwzil$j8mIWZqE2hlHdvnoF4Ny6CCybbUH1xRHm9xEXJinvzA=	\N	f	madelinejoyce@example.org	Q83-XSV	t	f	f	2025-04-15 14:50:44.138131+03	\N	\N	\N	f	\N	\N
785	pbkdf2_sha256$870000$qUXoLD5bLTYycPR5QspIuU$1S4uFrw1UhnL4OBgkPuA8nUKVWCaUC+Y7Msr/ylfb2M=	\N	f	englishtiffany@example.com	JGZ-925	t	f	f	2025-04-15 14:50:44.138131+03	\N	\N	\N	f	\N	\N
786	pbkdf2_sha256$870000$adRXx4LxYnXAhubJ2tXvMP$g3rEqTSMw9nXP66nm9vWFGCKGGYH9T9amEcYsOad4TQ=	\N	f	lbailey@example.com	530 XLK	t	f	f	2025-04-15 14:50:44.138131+03	\N	\N	\N	f	\N	\N
787	pbkdf2_sha256$870000$g9TklXbfTxQnMk5YLt893w$B76PlGXxSDbEaROth1c2ChXwAJFsg3P+5agb9rbHNlQ=	\N	f	danielsimon@example.net	144F3	t	f	f	2025-04-15 14:50:44.138131+03	\N	\N	\N	f	\N	\N
788	pbkdf2_sha256$870000$H0J9g9Q2zzx13DpW8Q2bqS$vrY+e4mUgT/P/3L4G2fAKbi6RnUFglaseA2nJ+UlAuk=	\N	f	heatherhamilton@example.org	0L619	t	f	f	2025-04-15 14:50:44.138131+03	\N	\N	\N	f	\N	\N
789	pbkdf2_sha256$870000$JhCz8ja65QQBqG9I5bpUy7$gKMmVygkc5AH45mDOZELwkL83UzFuzn3zAakwei8OnA=	\N	f	awilliams@example.com	06-7536A	t	f	f	2025-04-15 14:50:44.138131+03	\N	\N	\N	f	\N	\N
790	pbkdf2_sha256$870000$I7s7ayoBNjbeJoRfmAUsxQ$NR2r3Ae30bFo3BA5YwVUA5P/jIs0ypYlyVz0caD490g=	\N	f	spruitt@example.com	75-QP36	t	f	f	2025-04-15 14:50:44.138131+03	\N	\N	\N	f	\N	\N
791	pbkdf2_sha256$870000$oKlKSzzXFvNJyTB7jlkDhp$l6XUBMAF5pnCV1oEKTt1kjSpCJoioU9NkL6LMYykpOg=	\N	f	hernandezmark@example.com	J12 9XT	t	f	f	2025-04-15 14:50:44.138131+03	\N	\N	\N	f	\N	\N
792	pbkdf2_sha256$870000$n6vCQqRC2QAPba55Nlk9Op$L1RL0eXGeX++Ts79PwpnS6LIfC5KCmQ1IgmrpcW0+YQ=	\N	f	amanda18@example.net	57HO5	t	f	f	2025-04-15 14:50:44.138131+03	\N	\N	\N	f	\N	\N
793	pbkdf2_sha256$870000$klCoFA58IgJz4yJB64Mt3p$5ZwqUXPLTJVNUajqBxYroPui7yqowzqDBLHWTgUYKI4=	\N	f	tracy09@example.net	0CE 337	t	f	f	2025-04-15 14:50:44.138131+03	\N	\N	\N	f	\N	\N
794	pbkdf2_sha256$870000$iXlgwJXZQFzXfa1yBC3ZOB$GMnQpMnQ+hYPp/+kYoKWKenrBKqwFmZ83mFrXWx6Cj0=	\N	f	briggsjamie@example.org	403 XFA	t	f	f	2025-04-15 14:50:44.138131+03	\N	\N	\N	f	\N	\N
795	pbkdf2_sha256$870000$8smZiWpY9WQKQ8YnA0Yh7I$FJ9bHkGVP6RFFgpERJXkITmHW3cFl6LcmLA2HfMcwng=	\N	f	wrightmaria@example.net	3ASM089	t	f	f	2025-04-15 14:50:44.138131+03	\N	\N	\N	f	\N	\N
796	pbkdf2_sha256$870000$1KSTc7bKV3x91o1Lee5AB0$ekNrws08B/QAxoKD0LeB5gYerXT3yXjjm7ghCJSAshk=	\N	f	wisenicole@example.org	7X285	t	f	f	2025-04-15 14:50:44.138131+03	\N	\N	\N	f	\N	\N
797	pbkdf2_sha256$870000$CzQnahXMQT8ykBXHDNzbGL$tBt2MVJPsmTqpq2INxBbpo243uv98FP7WT5Vm+e8ygM=	\N	f	rmiller@example.org	2P 5557E	t	f	f	2025-04-15 14:50:44.138131+03	\N	\N	\N	f	\N	\N
798	pbkdf2_sha256$870000$iVtvWJ7rw4jK2v6RRWnYV8$r6Dr5lD6821AV9bmBju2wWJOppRyQWYgwNyATk/uTEU=	\N	f	william01@example.com	30M IS7	t	f	f	2025-04-15 14:50:44.138131+03	\N	\N	\N	f	\N	\N
799	pbkdf2_sha256$870000$6SUtNMH2IVZ5hxkYq877y3$52PbI5xkEpGEUJoQPN5HE9HEWMLAEbb7B+Rm3ZMUEs8=	\N	f	cartershane@example.net	FU 85027	t	f	f	2025-04-15 14:50:44.138131+03	\N	\N	\N	f	\N	\N
800	pbkdf2_sha256$870000$8XhLWtfaYXH2goZNDoX03X$JlTcQvP3sb/BGMcNSiTEhAk7rs1cZDMJfvGNt6vEvuE=	\N	f	maryjones@example.com	GUO4654	t	f	f	2025-04-15 14:50:44.138131+03	\N	\N	\N	f	\N	\N
801	pbkdf2_sha256$870000$wpEq2joPLNxwafsPZ0Bd6R$4pX55jSTuerOTD8m5r96rhqPse1ulP0AykS1zcJLYYA=	\N	f	kristen40@example.org	504M	t	f	f	2025-04-15 14:50:44.138131+03	\N	\N	\N	f	\N	\N
802	pbkdf2_sha256$870000$hqEEYz3oVvowi01XRlk9L9$9XpdRq43cuufQqRnpmrUIuF2lNCjDL099EOYmUGfgSI=	\N	f	miguel51@example.com	HHK X09	t	f	f	2025-04-15 14:50:44.138131+03	\N	\N	\N	f	\N	\N
803	pbkdf2_sha256$870000$KbW6DWEU9BNJOUDUKRwdkW$1N4nZ+eqzcJzzWhjQ3AdKn7SdOsgXvej7RhMU45zRcA=	\N	f	coxmelissa@example.org	35-2368T	t	f	f	2025-04-15 14:50:44.138131+03	\N	\N	\N	f	\N	\N
804	pbkdf2_sha256$870000$cQDaP8ZcOmb9er5io4MUBX$VvdJvfaKTvDasS3MpwR2wrjqgfr3H5jjhi5seZH/p6U=	\N	f	jacksonlauren@example.com	585ATQ	t	f	f	2025-04-15 14:50:44.138131+03	\N	\N	\N	f	\N	\N
805	pbkdf2_sha256$870000$QDYk18nvemIT9bKwu4s9Bp$OiCoXLSHNfHVsquxcZVrBJHA432WLwQjV8NSkZ0OTFM=	\N	f	melissaparker@example.com	EI8 2847	t	f	f	2025-04-15 14:50:44.138131+03	\N	\N	\N	f	\N	\N
806	pbkdf2_sha256$870000$pS6TXaNHsBpkPeR19DEiTl$IPtvl/ItL/Hydak+rrDXdBY/7oexnW/mOcc+j5PV8D0=	\N	f	rlevy@example.com	SI 8536	t	f	f	2025-04-15 14:50:44.138131+03	\N	\N	\N	f	\N	\N
807	pbkdf2_sha256$870000$EUD1bTvrSgQNGDCCDQR4FV$Jh9GlX+KFtenRw7xrwEM1aoqsy6HxK/w69+vpAHMFSQ=	\N	f	stevencampbell@example.net	N94-SDT	t	f	f	2025-04-15 14:50:44.138131+03	\N	\N	\N	f	\N	\N
808	pbkdf2_sha256$870000$oNZDm7mt62P6QAeF32kG5l$yts3VrrKVBDCWKbdsfXhZ302fXyFYODC93qPIQuuv/g=	\N	f	ashley97@example.net	XQA-2392	t	f	f	2025-04-15 14:50:44.138131+03	\N	\N	\N	f	\N	\N
809	pbkdf2_sha256$870000$Zmh09GUItmjxofzWm5K7mc$i3sjAqEkbn9He7MPbky7MK2ZLm57v9ZHQYcOMll8Ouo=	\N	f	bradleyramos@example.com	51I C29	t	f	f	2025-04-15 14:50:44.138131+03	\N	\N	\N	f	\N	\N
810	pbkdf2_sha256$870000$3f2yfkgGSdbsbwRhU2azbX$sCzKci9sI1rBoGWtO/QkGcYu/ImmDp3m1Y2YxTUKs8E=	\N	f	bturner@example.com	8D 8203A	t	f	f	2025-04-15 14:50:44.138131+03	\N	\N	\N	f	\N	\N
811	pbkdf2_sha256$870000$egQewITxchlnc9lx7PKYqk$h9s6wp0HWexplf57NTH9RG3DvJ4aKZIUOpmY+AImZYY=	\N	f	jason21@example.com	331-QAQO	t	f	f	2025-04-15 14:50:44.138131+03	\N	\N	\N	f	\N	\N
812	pbkdf2_sha256$870000$ATBZXirXdTenh03SoXYOdf$R7D+2vm0xdtXSh6ur00hKRVgOs5WrhvpNTAaL2EWIjU=	\N	f	lindseythomas@example.org	Q65 1ZB	t	f	f	2025-04-15 14:50:44.138131+03	\N	\N	\N	f	\N	\N
813	pbkdf2_sha256$870000$5hvesHO4U8BW81mLoqKgsV$WIxWXtoPSKphxU47ZegGnIPGe93I7ZtQeYBQRighXz8=	\N	f	pachecodanielle@example.net	429-BNFM	t	f	f	2025-04-15 14:50:44.138131+03	\N	\N	\N	f	\N	\N
814	pbkdf2_sha256$870000$DdGAZMUdiIp5CW0KlG4Bpv$CjVyRFYgq4rtakPINnLk0CSWW+KurJ5r87PT/YHBIF8=	\N	f	sanchezkaren@example.org	7KE0464	t	f	f	2025-04-15 14:50:44.138131+03	\N	\N	\N	f	\N	\N
815	pbkdf2_sha256$870000$OTAqv09YdcOMaMgz62DK9j$aAeQagKYXJP7t0mWmpnB13LFt1s9bOwPHhkPkZyF6nk=	\N	f	rjones@example.org	196 MHF	t	f	f	2025-04-15 14:50:44.138131+03	\N	\N	\N	f	\N	\N
816	pbkdf2_sha256$870000$Qx4PuhdzEb5V0HYRgA4E1V$k6QoMStJ7hW/Ho59PeaE16UzZqyOkhmOUeNUY4e5cZg=	\N	f	angelagreen@example.com	SAG 836	t	f	f	2025-04-15 14:50:44.138131+03	\N	\N	\N	f	\N	\N
817	pbkdf2_sha256$870000$cbUtS7Tswf1Ld7KAlQN7zi$ZXSW7UM09kNMjMNuYT5yl0c7vJbDyPa6xllawNqXHp8=	\N	f	adamsrichard@example.org	2O992	t	f	f	2025-04-15 14:50:44.138131+03	\N	\N	\N	f	\N	\N
818	pbkdf2_sha256$870000$xtoRQ0YPrSwOvJjKYPA2zP$msiqSZ2PyUCwSnbPhS5VZfUYFA8EbXhcCP+JHB7NCGw=	\N	f	debbiewright@example.net	8CIZ 79	t	f	f	2025-04-15 14:50:44.138131+03	\N	\N	\N	f	\N	\N
819	pbkdf2_sha256$870000$vHOtYQhC9Q2UiLJ6b3fbde$+T4L7+LJuvCSw/eFtG1r+rJ/lD/XTQqkj9be1sH3T04=	\N	f	hamiltonbrandon@example.net	DLW 041	t	f	f	2025-04-15 14:50:44.138131+03	\N	\N	\N	f	\N	\N
820	pbkdf2_sha256$870000$YsCbfD7gsTCqbLNqoZBM5k$2g13qtsYmt6lKKZ08aX2cVIRDtkkCueFskbsVNm/7os=	\N	f	russelljenna@example.net	77-A896	t	f	f	2025-04-15 14:50:44.138131+03	\N	\N	\N	f	\N	\N
821	pbkdf2_sha256$870000$265n0ZbUewSSzRz37DrxEX$dUm1MDia05H+Xn4uXZKKcWI3C0h9Q7s5CYIJ9UsSTkU=	\N	f	johnsonmichael@example.org	BDC T56	t	f	f	2025-04-15 14:50:44.138131+03	\N	\N	\N	f	\N	\N
822	pbkdf2_sha256$870000$IpZ5IVLaz3hGdvAV4u6739$M7F5uUxO4ZS68tdYb9QYNUMhdp/KP3eSrZC/ndrZGIo=	\N	f	valdezmorgan@example.net	89M Q86	t	f	f	2025-04-15 14:50:44.138131+03	\N	\N	\N	f	\N	\N
823	pbkdf2_sha256$870000$53AKCQwu6F13cPe1rB5heF$yXhAXcjfrJJPvUpQHyec5MW97OFBrDKMSJAm+l9zutA=	\N	f	gutierrezjoshua@example.org	AXY 0373	t	f	f	2025-04-15 14:50:44.138131+03	\N	\N	\N	f	\N	\N
824	pbkdf2_sha256$870000$2YRBReS78lOiBsSuILyijK$x7LIP0xbtPtvzamO0ncBfQO14byThfk+0w2WV09w0Tc=	\N	f	bettyberry@example.net	46Y 759	t	f	f	2025-04-15 14:50:44.138131+03	\N	\N	\N	f	\N	\N
825	pbkdf2_sha256$870000$6RBipcDFo19VDfCGkm87H5$YL5yh0lHob8XTXpJmC/vXcutL5gj/FxObyOUMlgCIlg=	\N	f	xmcguire@example.com	ODX 154	t	f	f	2025-04-15 14:50:44.138131+03	\N	\N	\N	f	\N	\N
826	pbkdf2_sha256$870000$dopPUWHLPHtqzrhUjig1qH$8OOKVZY5hlZSvhEiL8LLOGvf4WIGsrEj+ZGSaYA/RAw=	\N	f	ashleyjason@example.com	WXR-843	t	f	f	2025-04-15 14:50:44.138131+03	\N	\N	\N	f	\N	\N
827	pbkdf2_sha256$870000$9R5BGV059ZHouPXXJbPXD9$apiW28c5EB/0OdZJZNfmNA+HBOXxBuLeCeJInWDi2gQ=	\N	f	crystaljones@example.org	298-YUEZ	t	f	f	2025-04-15 14:50:44.138131+03	\N	\N	\N	f	\N	\N
828	pbkdf2_sha256$870000$7fp9qy4HEOxgCDkqAgxUgE$T5cx4Ux1xqF+qXjOVrDI6awvDq5HNI6/2Zv/3ffLRo4=	\N	f	onichols@example.net	920 JCN	t	f	f	2025-04-15 14:50:44.138131+03	\N	\N	\N	f	\N	\N
829	pbkdf2_sha256$870000$J1HPW0AvD0gxjZqc2ZAhrr$JqFnrAAwodw9quA+lvcpdE6xVgruJjc9tM3LfpJ7QNg=	\N	f	paceshane@example.org	33WK4	t	f	f	2025-04-15 14:50:44.138131+03	\N	\N	\N	f	\N	\N
830	pbkdf2_sha256$870000$Ntww7sm06cqbmsSv49D3Ga$ahXtTqnbjy57G3woZNcqSbueq70HoOURkUvn27TGU5Y=	\N	f	nashdeanna@example.org	1ZX50	t	f	f	2025-04-15 14:50:44.138131+03	\N	\N	\N	f	\N	\N
831	pbkdf2_sha256$870000$iOdk4QV8H4juLsxTDaL4hH$b0ocozXoZZV9o4KoTubK/xw3WWt6Ry+PkODXJrKVyFc=	\N	f	haydenheather@example.org	7-0875I	t	f	f	2025-04-15 14:50:44.138131+03	\N	\N	\N	f	\N	\N
832	pbkdf2_sha256$870000$FSmz6DDoc8mtoMv4P0QzV2$C7Jla5lRPrXAdROiBYUJzOvt5W1h+xq1XqmBnL74Uc8=	\N	f	ejohnson@example.com	6880	t	f	f	2025-04-15 14:50:44.138131+03	\N	\N	\N	f	\N	\N
833	pbkdf2_sha256$870000$RLu8PtsHR7kaKmGHsyoqLC$QVT64w9Z35X31TULQ+CpUfiwucP7AsFo6azG/EtNEI0=	\N	f	hunter15@example.org	597-KXCI	t	f	f	2025-04-15 14:50:44.138131+03	\N	\N	\N	f	\N	\N
834	pbkdf2_sha256$870000$lwVtXwim8G6VQdf6NYX1lw$cc8UGwbHIPH0ltUZ7bNUFIX4v4Fyq8CuXEJTr5/OJjo=	\N	f	pfranklin@example.org	1Q GJ988	t	f	f	2025-04-15 14:50:44.138131+03	\N	\N	\N	f	\N	\N
835	pbkdf2_sha256$870000$edpszQW4w9mLLkDDxRwWLC$qRVv7m9JgGBcd0mcLoPGaVVJWxFLcK7Q1oYX0tyywug=	\N	f	joannawarren@example.net	1798	t	f	f	2025-04-15 14:50:44.138131+03	\N	\N	\N	f	\N	\N
836	pbkdf2_sha256$870000$uyvdpW122w0YhbbUT1j9ax$hExVwvxatS2XqMX2IkMlGMP8DcpYyT+kAYOrEuwshTo=	\N	f	kellymark@example.net	37-P109	t	f	f	2025-04-15 14:50:44.138131+03	\N	\N	\N	f	\N	\N
837	pbkdf2_sha256$870000$DEICAEWei4fVL2e4ktw5Ff$mzFTHYMckSLkAaHEndwf30VaRh4jmig3Whntb71P43s=	\N	f	rangeltimothy@example.com	804 EPT	t	f	f	2025-04-15 14:50:44.138131+03	\N	\N	\N	f	\N	\N
838	pbkdf2_sha256$870000$kNN8c7g7b9pTYbB2jCmYg0$TaW77h4+sDErP6VIMSyiSdnGfsC+RnWTmjepaXH4nSs=	\N	f	davidmaynard@example.org	885 MPY	t	f	f	2025-04-15 14:50:44.138131+03	\N	\N	\N	f	\N	\N
839	pbkdf2_sha256$870000$XHXQD8jcYShrIbxtrhtTmH$7+4iVrxWL7iWrhdCvzI9CfofYTjUsByFCm+ukUXPphw=	\N	f	trogers@example.org	XBQ 308	t	f	f	2025-04-15 14:50:44.138131+03	\N	\N	\N	f	\N	\N
840	pbkdf2_sha256$870000$eucIDQ85cJoQLDUwnb2wNk$tM9fMKOupYJJrxh+vyOF9WsjF4bDU7VZ4A18n+U5rGU=	\N	f	jonathondaniel@example.com	UKC 275	t	f	f	2025-04-15 14:50:44.138131+03	\N	\N	\N	f	\N	\N
841	pbkdf2_sha256$870000$HTRBHWzBzmjKJCm6ZtgKnr$b3A2GsLTS9MPEudEA9Pl69V8/VOpdMGCPi1xMYPgvWw=	\N	f	jose55@example.org	OQX0086	t	f	f	2025-04-15 14:50:44.138131+03	\N	\N	\N	f	\N	\N
842	pbkdf2_sha256$870000$VrYIIRhdnbrIKqE1ORs1MX$0TfxPwqgrjipyM1qh3sIx71p8ptNb99UxB0ivGloUB0=	\N	f	ehenderson@example.com	7I 1114J	t	f	f	2025-04-15 14:50:44.138131+03	\N	\N	\N	f	\N	\N
843	pbkdf2_sha256$870000$KIFTm8IwMBRzntuL8f6bY7$Q1WIZsxDAMoDMz57dcCaAymdH4Fh0kzuQVRx9p1YlwI=	\N	f	ricklara@example.net	824-547	t	f	f	2025-04-15 14:50:44.138131+03	\N	\N	\N	f	\N	\N
844	pbkdf2_sha256$870000$11PzQTXpgFQmv0pJ72pI2f$Eui4ZW2kZzEIfwkqFSyw93rS+aw+YvthBJEPCSC3+dE=	\N	f	barrerajohn@example.org	01WG704	t	f	f	2025-04-15 14:50:44.138131+03	\N	\N	\N	f	\N	\N
845	pbkdf2_sha256$870000$l6EMI073oLKSfJFxjObIgk$fWMsIt0vhLcWSD6I/dIdcZme8txSEHxdzdOx3+Hsvx8=	\N	f	xyoung@example.com	G86 5AF	t	f	f	2025-04-15 14:50:44.138131+03	\N	\N	\N	f	\N	\N
846	pbkdf2_sha256$870000$xGpzYTvk8GMzLdhZcgKuTl$IoxlCMyPpdCsAtGLG9BnVTd/9ZWecjVt0NnHFmh/nVs=	\N	f	villarrealbrandy@example.org	3-57688V	t	f	f	2025-04-15 14:50:44.138131+03	\N	\N	\N	f	\N	\N
847	pbkdf2_sha256$870000$eQEatzwjUzKarN97mOMmrU$9AZbQDdvDZ+FMJPaWIVhCLtLC1ZwQpRZG3xOpFtfIpM=	\N	f	harrisjames@example.org	P 069076	t	f	f	2025-04-15 14:50:44.138131+03	\N	\N	\N	f	\N	\N
848	pbkdf2_sha256$870000$0CoIpo650XWcnyqt6PzLff$0aTOr3d4W53HMPPDuALZq/Gf7uyLs0LfRxM57XZPI+E=	\N	f	qolsen@example.org	1-90033	t	f	f	2025-04-15 14:50:44.138131+03	\N	\N	\N	f	\N	\N
849	pbkdf2_sha256$870000$odRaHOQ3Zu2uO3Iaz6FPSU$m9ynHxiJxK1IyDJ2mxjGAP9RTkOAG2xVcEFFIaWKmt0=	\N	f	reginaflynn@example.com	MLH 763	t	f	f	2025-04-15 14:50:44.138131+03	\N	\N	\N	f	\N	\N
850	pbkdf2_sha256$870000$7q6fEd2ETOgjfTtv1zPlXj$iNFtskOIvPm43BjSl8FiuqicODhOrmJtq6qa61L+DIs=	\N	f	pmartinez@example.net	8-50661C	t	f	f	2025-04-15 14:50:44.138131+03	\N	\N	\N	f	\N	\N
851	pbkdf2_sha256$870000$HwuMAF2VQH7Xx2Wt0lYu9U$fTFEheiiOFB/PxJeuy6QvcMfO67UAyw9m3vzMOyq/e4=	\N	f	xjones@example.net	583-ORO	t	f	f	2025-04-15 14:50:44.138131+03	\N	\N	\N	f	\N	\N
852	pbkdf2_sha256$870000$RUS57eAOXZsilzVsRxhDQh$qyZ9/A/ICy+Id13d8kwtyjf6a2fYIVi080rZHfA3ptA=	\N	f	christopherstewart@example.com	QR0 T9Y	t	f	f	2025-04-15 14:50:44.138131+03	\N	\N	\N	f	\N	\N
853	pbkdf2_sha256$870000$spRGGb7RzwrYn1Olat09bq$3Beq48YUDJjcXmVwNJiMX6JsQcfnWV/V8M/qMaVUhJ0=	\N	f	ginacole@example.net	AQF 0737	t	f	f	2025-04-15 14:50:44.138131+03	\N	\N	\N	f	\N	\N
854	pbkdf2_sha256$870000$VGg6h42PGrrJfXj0aKtqjJ$fAeqBgtttO7Haidci3Lx7a9xjUm8bXOKOZPGr2WA6lw=	\N	f	ohall@example.org	8PS 299	t	f	f	2025-04-15 14:50:44.138131+03	\N	\N	\N	f	\N	\N
855	pbkdf2_sha256$870000$Eud8EoOELUQngmkujn5ezo$KqBkHKM074QQar+7cxWwKwusWsc/2xkkUH3bXznCg9Y=	\N	f	rbennett@example.com	753-ILY	t	f	f	2025-04-15 14:50:44.138131+03	\N	\N	\N	f	\N	\N
856	pbkdf2_sha256$870000$H8gglf1b7EfP4TLrdIQ6i2$mGpZW65hjOu8/g2AiYQaa18446KWivh71GEr6bU/dhE=	\N	f	bethanythornton@example.net	6FG75	t	f	f	2025-04-15 14:50:44.138131+03	\N	\N	\N	f	\N	\N
857	pbkdf2_sha256$870000$BHmzPlaWBEsSIGB5lp5pYY$EGcTc+vAjLWWJQmUnpoNtR8UqoX63rdXgEfrm4Zq76o=	\N	f	christianbush@example.org	923 HYB	t	f	f	2025-04-15 14:50:44.138131+03	\N	\N	\N	f	\N	\N
858	pbkdf2_sha256$870000$0QdrqAm4jHwUke1qwJA2Fy$rocVDEd3RH4PXGi/TQ1I/+4zC3+vfZBcPXSyIlTbDWU=	\N	f	morrisrebecca@example.com	5334 RV	t	f	f	2025-04-15 14:50:44.138131+03	\N	\N	\N	f	\N	\N
859	pbkdf2_sha256$870000$fKnrx2r5WE6HMjQUmOGPd9$jqRnoyDoc2aSpA7wDLxWPKjvKSQSpXHOLMtoVDsqTMk=	\N	f	martindonna@example.com	B97 8QF	t	f	f	2025-04-15 14:50:44.138131+03	\N	\N	\N	f	\N	\N
860	pbkdf2_sha256$870000$dsWBg5iT2uS6J5JhaxdTot$40gHCVFVlN0NC7HW3rPxD68ebWn+5b65wO+n2aI74sM=	\N	f	burgessstephanie@example.net	576-JQQ	t	f	f	2025-04-15 14:50:44.138131+03	\N	\N	\N	f	\N	\N
861	pbkdf2_sha256$870000$NhhSMEroLPpGIMItZgVMXo$IOa5S0pUFg8W+JCN64UhxkWRPn3XmzlB1tYfXlYT/og=	\N	f	kellyhall@example.net	VP-2706	t	f	f	2025-04-15 14:50:44.138131+03	\N	\N	\N	f	\N	\N
862	pbkdf2_sha256$870000$nFQHCMMr1HQsGjiTauitqy$++zARsnowhbqj1CtYSERAuENuZIhvLsnGn8FLHaoTyI=	\N	f	joneschristopher@example.org	2XQ2019	t	f	f	2025-04-15 14:50:44.138131+03	\N	\N	\N	f	\N	\N
863	pbkdf2_sha256$870000$DkxMi81GAs2Uh37svlOdxr$OIsiAIGfOJi+ouSGOoqw6Urtu8BZsf1JMNbFg5K78bU=	\N	f	cynthiabennett@example.com	FRQ-1272	t	f	f	2025-04-15 14:50:44.138131+03	\N	\N	\N	f	\N	\N
864	pbkdf2_sha256$870000$eQGogRQyXgZYrWQvle4Kds$d1ZPamccEap6b5Py1gz5CnBCehCI7sbpctzVHx8EBhY=	\N	f	brianmunoz@example.net	308-007	t	f	f	2025-04-15 14:50:44.138131+03	\N	\N	\N	f	\N	\N
865	pbkdf2_sha256$870000$lxvFxfKg0Gh9J5eBCvCCtg$hVopvgo3sIA8rPY2oPeMk39wehECD61SSksx2U1bcWA=	\N	f	samantha78@example.net	70K R48	t	f	f	2025-04-15 14:50:44.138131+03	\N	\N	\N	f	\N	\N
866	pbkdf2_sha256$870000$aOt0Os6mXnGqiFlzGb6B0D$o5od6cyJxqHsE4YiI71JUbEjDY5gOE+/5/bgLIhwMEw=	\N	f	bergermaria@example.org	903 WGX	t	f	f	2025-04-15 14:50:44.138131+03	\N	\N	\N	f	\N	\N
867	pbkdf2_sha256$870000$XCZ5gv3u5xWGCWA7T3I8g3$B0kGXpHkXV8O3CcqFpfrogCpmSkLPTjhTMPuOzW9yGc=	\N	f	marcuscoleman@example.com	5-Q3599	t	f	f	2025-04-15 14:50:44.138131+03	\N	\N	\N	f	\N	\N
868	pbkdf2_sha256$870000$Jw2tsbjoNZSA6UNZQKouAS$M0Mis4pnw7Fcr+b/ReqMWZHLaABWwBz/nz4ZbkjDOZQ=	\N	f	ujacobson@example.net	B43 0JG	t	f	f	2025-04-15 14:50:44.138131+03	\N	\N	\N	f	\N	\N
869	pbkdf2_sha256$870000$jipzXdSfe1vz7TTxsUGqTv$20QAOr2K641dZfOseTv9gbeBe/D2tx8q3QLfn+5MdAo=	\N	f	glenn34@example.net	JT-7157	t	f	f	2025-04-15 14:50:44.138131+03	\N	\N	\N	f	\N	\N
870	pbkdf2_sha256$870000$pSv1eqaOsfL6BGOXN30H7r$lSCBKkaA69UY2pmZdWjFiUPgQ0tG1fRb3UWUvQJXiOE=	\N	f	austin18@example.net	PV 6909	t	f	f	2025-04-15 14:50:44.138131+03	\N	\N	\N	f	\N	\N
871	pbkdf2_sha256$870000$J8NuDDQatRi3s9YlD02TkH$xXHfHqT9oOdfAbgw65rsjC/0JEVkic4AAf6FOEWnaT8=	\N	f	gorr@example.org	567-JRJ	t	f	f	2025-04-15 14:50:44.138131+03	\N	\N	\N	f	\N	\N
872	pbkdf2_sha256$870000$T8A2HhgaOfrteQPqTFjWVD$LCrf5e28ih5cFZhmHB0nICNMz82c+gY+i/i72YaFX9Q=	\N	f	odelacruz@example.net	3BK 588	t	f	f	2025-04-15 14:50:44.138131+03	\N	\N	\N	f	\N	\N
873	pbkdf2_sha256$870000$m0ojqPmG5aCWJomrlwtxhp$1bvb7NSYOz9iItmzvNXYhAJNvYD2WVl5FAMW8FAihb8=	\N	f	nthompson@example.net	DKZ N01	t	f	f	2025-04-15 14:50:44.138131+03	\N	\N	\N	f	\N	\N
874	pbkdf2_sha256$870000$jwBTTBADZDUVCrGSD1bGa1$ZLGOkLOQFrCTqNjYxsQfXRHjGcIGHG7TdY6Z7tzzezM=	\N	f	kurtrowe@example.net	74O 636	t	f	f	2025-04-15 14:50:44.138131+03	\N	\N	\N	f	\N	\N
875	pbkdf2_sha256$870000$V09fh9mxGEKy5GkGwPqwEL$TBKHOmihWwFwAsUtssdXHhmDkDGzYlfMWTw0Tai5+AI=	\N	f	martinezsamantha@example.net	67S 992	t	f	f	2025-04-15 14:50:44.138131+03	\N	\N	\N	f	\N	\N
876	pbkdf2_sha256$870000$ekLmacXwQOnALYwHHa6w1U$wpst99T76zt9bZ6SDbrdnIg9m2y9G7k43/EH8XHnZjI=	\N	f	tmeadows@example.com	007 VVN	t	f	f	2025-04-15 14:50:44.138131+03	\N	\N	\N	f	\N	\N
877	pbkdf2_sha256$870000$8CmmDJz31CHuWc4jn453d5$wgCFkCQXdq7YFB21ZAlyaD6VjklXuUKp2UYLVgdMTf4=	\N	f	solomonrobert@example.com	NSP 007	t	f	f	2025-04-15 14:50:44.138131+03	\N	\N	\N	f	\N	\N
878	pbkdf2_sha256$870000$Ak9FZFMStdNkw4WOL9BlcP$gB+kSebWGb6Xx3p+UHNZsk2+B3GZlrzRLNGpQ+/6R9s=	\N	f	xsanchez@example.org	SF3 4208	t	f	f	2025-04-15 14:50:44.138131+03	\N	\N	\N	f	\N	\N
879	pbkdf2_sha256$870000$7RoRVazBs4RoQZqXKG0JRj$g0oJ7Wny17+DGGlBf7la2qMUXDQz9HW95s1xUcYuPrg=	\N	f	andreawalker@example.org	ZW5 Z1O	t	f	f	2025-04-15 14:50:44.138131+03	\N	\N	\N	f	\N	\N
880	pbkdf2_sha256$870000$3lPbEsShNGu6v8npemMt1f$6tx4kVY5Kdeg2ja6NvFs/yfIOqC3Xpsu+RpXgJ/0b8s=	\N	f	kaylasmith@example.org	10B 804	t	f	f	2025-04-15 14:50:44.138131+03	\N	\N	\N	f	\N	\N
881	pbkdf2_sha256$870000$iI90iuX9BiF6rYFdBUJTNB$2TGl36bieYG7muZt0TH5qfdGHFO9vNuXdUK3GSSccqg=	\N	f	lopezheather@example.net	K06 8QG	t	f	f	2025-04-15 14:50:44.138131+03	\N	\N	\N	f	\N	\N
882	pbkdf2_sha256$870000$3KDu5Beq8SVValziAG4vmU$DCXPSs6R51bpTk0O5fFvq1W3zUtstkVFbcVV7VEqL0I=	\N	f	osimon@example.org	FXS-3970	t	f	f	2025-04-15 14:50:44.138131+03	\N	\N	\N	f	\N	\N
883	pbkdf2_sha256$870000$Lv8I840F5nW8IYlFeLoTUV$k0nvyfKqJvb68yylNZP3EedCEoTUUXXf+sdZ+44n7e0=	\N	f	campbelljames@example.net	58-78662	t	f	f	2025-04-15 14:50:44.138131+03	\N	\N	\N	f	\N	\N
884	pbkdf2_sha256$870000$n1kBcr1n9vapHfABtCcTNK$cXFOjKJ1ZT8AKGwODJq5NmfyQOIcwcaeqX+K8ByFfhQ=	\N	f	maynardjeffrey@example.com	5MBT 34	t	f	f	2025-04-15 14:50:44.138131+03	\N	\N	\N	f	\N	\N
885	pbkdf2_sha256$870000$Aj50TdaOwIE9Soo8zVj0ac$eCkfT31nCLhBYPGTz93aOLVg+WXY4vneKRi2iAB/vrY=	\N	f	hmorgan@example.net	AGA-3542	t	f	f	2025-04-15 14:50:44.138131+03	\N	\N	\N	f	\N	\N
886	pbkdf2_sha256$870000$lyZIHde5xwQKpa6n8tQu8f$RfNJavZqN8ownwpFfGvqyFzc5kdgyW0mBEcguNZI6ws=	\N	f	pamela63@example.com	R51 2JW	t	f	f	2025-04-15 14:50:44.138131+03	\N	\N	\N	f	\N	\N
887	pbkdf2_sha256$870000$VhdXeMwBqtPMW6440hkBbT$KJSQLnN4Zn1rasK1X0b/5hFft1HggEy/BAbTRncOD5A=	\N	f	yzuniga@example.com	14-76036	t	f	f	2025-04-15 14:50:44.138131+03	\N	\N	\N	f	\N	\N
888	pbkdf2_sha256$870000$kDVPgbEG7QNCfHy5ympiWV$8+CLAeEBUU8LzgmMgCkus2TasRtX1BiyH39Mvq44b4I=	\N	f	michelle25@example.org	160 CQ0	t	f	f	2025-04-15 14:50:44.138131+03	\N	\N	\N	f	\N	\N
889	pbkdf2_sha256$870000$GhOBJNrcpji0XeREGZ7Bdr$+LwQ257i/1QK0rljFMplCtWkuXNMysm5Za7j4oM8MLs=	\N	f	shane80@example.org	51B YV4	t	f	f	2025-04-15 14:50:44.138131+03	\N	\N	\N	f	\N	\N
890	pbkdf2_sha256$870000$CemgtT3gEyYNSOwlzG1b8N$N6nv41LHsfScsYKEU2f/RXFuXLQh4RPjIEC11tJEwyM=	\N	f	ayersanita@example.com	KKA-963	t	f	f	2025-04-15 14:50:44.138131+03	\N	\N	\N	f	\N	\N
891	pbkdf2_sha256$870000$NHm5QTo6O1xsQ8ES9NfdS1$DEhEnSa61ff/mNznXQPr5hnjcyWj6n8aRQKaPCKUf6I=	\N	f	sanchezbeth@example.net	416MOL	t	f	f	2025-04-15 14:50:44.138131+03	\N	\N	\N	f	\N	\N
892	pbkdf2_sha256$870000$g6fIVyv5Gp3mj3FQRSOMP9$3/tpGFTie6jzrymHnWPHOfmm6WaJ0l93bkcZVhEgwuY=	\N	f	rjohnston@example.net	3EC98	t	f	f	2025-04-15 14:50:44.138131+03	\N	\N	\N	f	\N	\N
893	pbkdf2_sha256$870000$HJvN2Pb2iy7GUY9RkOkyXm$qGEOncLaW2hhYcsRkPEUA+C1SjnEFcjl5vkajwrXJjI=	\N	f	martincory@example.net	2JU G87	t	f	f	2025-04-15 14:50:44.138131+03	\N	\N	\N	f	\N	\N
894	pbkdf2_sha256$870000$fZmAjmXpph80898R0ESDnP$rCUtMUmIdjaP8cXQcneCXKirmVBAPtmaCwJD11Y0JRc=	\N	f	rasmussenmichael@example.net	0CMM 34	t	f	f	2025-04-15 14:50:44.138131+03	\N	\N	\N	f	\N	\N
895	pbkdf2_sha256$870000$y1HW7EIZA9qmxEYGrJYHkm$Mrib1iHJ0en2g1tB+AsqOx9DN4GlpqqSysH1uuf9EX4=	\N	f	nhuffman@example.net	1N 70275	t	f	f	2025-04-15 14:50:44.138131+03	\N	\N	\N	f	\N	\N
896	pbkdf2_sha256$870000$gw89lolVyBuF10JlZkKJyf$rtM62uhK6xBHpLuoUKZgzuCwQrDjju8HmrmMK4NkWNU=	\N	f	tracey31@example.com	456 NSC	t	f	f	2025-04-15 14:50:44.138131+03	\N	\N	\N	f	\N	\N
897	pbkdf2_sha256$870000$dopyLoxzKKzg5lbFIwaGta$EcmTrQI4q1zVV1E5IqlYDiXP/6Nb3pBPPipvvomQHP4=	\N	f	tammy29@example.net	309O	t	f	f	2025-04-15 14:50:44.138131+03	\N	\N	\N	f	\N	\N
898	pbkdf2_sha256$870000$hhlwdxVDc3oFF8CFv6Q37X$yeHw8CZ8TxReg/5W07Uct2y7s4ALujR4aaCZh/7p+io=	\N	f	cshaw@example.net	917AUP	t	f	f	2025-04-15 14:50:44.138131+03	\N	\N	\N	f	\N	\N
899	pbkdf2_sha256$870000$cycU2zid4sQjd4NAkA1kOq$zJiRUEuRmWsCdWDMyoaEh3wrD4oJ4KnTotkPEVIW3Ss=	\N	f	veronica42@example.com	XPC-3537	t	f	f	2025-04-15 14:50:44.138131+03	\N	\N	\N	f	\N	\N
900	pbkdf2_sha256$870000$2Prco3COgFdEIYiXIAb1Vl$b/wOgSdxAg1xvMupIuiN1HIm4Cg7jparF1lYwmrone8=	\N	f	phillipscharles@example.net	465VP	t	f	f	2025-04-15 14:50:44.138131+03	\N	\N	\N	f	\N	\N
901	pbkdf2_sha256$870000$O8RQJlm0LTFdb0XkyLpJMA$BfPO7mVaM7hqhlRTWwD+DohuwQwUTcXMvG7/Us3Rt88=	\N	f	zrichardson@example.org	ZTI 034	t	f	f	2025-04-15 14:50:44.138131+03	\N	\N	\N	f	\N	\N
902	pbkdf2_sha256$870000$QlNCLJZN7u9Xv0IxEc5j6Z$+w4wJ/4qX2eJxo7JuAlMtxHeC4Jxgny+dQpgCizhEOM=	\N	f	zacharycarter@example.net	KLZ 676	t	f	f	2025-04-15 14:50:44.138131+03	\N	\N	\N	f	\N	\N
903	pbkdf2_sha256$870000$eCxlJ6PBJmdsy23Ks2eyPL$W0QRQ24wxxj8VCQB5G68dRg1Vc0nOvpEA+H1iAtzDlA=	\N	f	debra15@example.com	043NYN	t	f	f	2025-04-15 14:50:44.138131+03	\N	\N	\N	f	\N	\N
904	pbkdf2_sha256$870000$fyv14SwSxbyU1z8bY1FFEB$ZheUJuLFeJdQ7FQpUjtmUgpOCBxEuzab43grFS2lG2A=	\N	f	sancheztimothy@example.net	MYX 053	t	f	f	2025-04-15 14:50:44.138131+03	\N	\N	\N	f	\N	\N
905	pbkdf2_sha256$870000$fG5VZNTCkXqBbXbbugOwEh$oravzoRPgxbStduVrLooWuX6r1vu6V0MZOahwdQOd7o=	\N	f	johnsontyler@example.org	B29 7VR	t	f	f	2025-04-15 14:50:44.138131+03	\N	\N	\N	f	\N	\N
906	pbkdf2_sha256$870000$F3WqmroFMva4arGmIccuu7$RXQSeDrlrj9eToPlKhV8/hamCNH+k0ZTuf14eT94BSE=	\N	f	tara05@example.net	IDW 966	t	f	f	2025-04-15 14:50:44.138131+03	\N	\N	\N	f	\N	\N
907	pbkdf2_sha256$870000$Gn2fM1lcs3kDbE4VBU9Wld$LoFrDOWF8thK97zA2FCbjdDNn/wfoNJFS7cBnY3dmSY=	\N	f	awilliams@example.org	YIE-9224	t	f	f	2025-04-15 14:50:44.138131+03	\N	\N	\N	f	\N	\N
908	pbkdf2_sha256$870000$UoRvneUQXkRJQaNZio3gQ5$7C0g8Ra/qz8um5T19g+IH+nSpdfl0SUhWK1EmrXjQuk=	\N	f	parkerjermaine@example.com	53L 932	t	f	f	2025-04-15 14:50:44.138131+03	\N	\N	\N	f	\N	\N
909	pbkdf2_sha256$870000$DkHfTCup6F5Ie5kkIwbKs3$p7q32p0pfo2erW8t5Oou9546C4JVVHrRZOAVXYcvNcg=	\N	f	johnny08@example.com	4KA2320	t	f	f	2025-04-15 14:50:44.138131+03	\N	\N	\N	f	\N	\N
910	pbkdf2_sha256$870000$bTSKULRcOBLN6OKIf7MxRK$r0EU9Z/RX/B32ZPltrxqWowU4yZqJc1lepx58bIpxnE=	\N	f	stephen01@example.net	QTR-6340	t	f	f	2025-04-15 14:50:44.138131+03	\N	\N	\N	f	\N	\N
911	pbkdf2_sha256$870000$NaU0FN41KvuL8XcluPW0Tw$RfzfXgx3Cl92E8tDvg9PnXtY3TsTIHvolzyLHuUH5Lk=	\N	f	andrewadams@example.net	220 LOR	t	f	f	2025-04-15 14:50:44.138131+03	\N	\N	\N	f	\N	\N
912	pbkdf2_sha256$870000$jLR2es7IKkwquLzbKJUpdY$6L0IovHH3L+0FepJ286L1+ZzT7sOwbw3Cab8IOX5oDE=	\N	f	bartonmolly@example.net	NEC-991	t	f	f	2025-04-15 14:50:44.138131+03	\N	\N	\N	f	\N	\N
913	pbkdf2_sha256$870000$RRZkkzLtECV6kiKuXYP6Fx$xV4vsb25taaXZDKajSRFebQO0sGw/gL4c3Fem0uCwXM=	\N	f	carrie61@example.net	949-OHI	t	f	f	2025-04-15 14:50:44.138131+03	\N	\N	\N	f	\N	\N
914	pbkdf2_sha256$870000$6imvJaWTdD7r8HCwu3YL9b$Q4LW6DwGup4w4/ex/SXhRet5TtcDnTHDWUi5SbzrExg=	\N	f	jacquelinelowe@example.net	9-45893J	t	f	f	2025-04-15 14:50:44.138131+03	\N	\N	\N	f	\N	\N
915	pbkdf2_sha256$870000$d6nzcHUavnoXjODvXCgNrs$r7ebNmUcPd8aZqIdJtDHb8JwW1GXY+919nqoWTKRthg=	\N	f	hcampbell@example.net	L66-DMV	t	f	f	2025-04-15 14:50:44.138131+03	\N	\N	\N	f	\N	\N
916	pbkdf2_sha256$870000$TJe4S1E1RqxUc5cOXlc9PZ$aIahI+o6NZxYuiz7U1QZgOiL6lsIDh7lhwz6Pf/iV0I=	\N	f	medinakaren@example.net	89Q O86	t	f	f	2025-04-15 14:50:44.138131+03	\N	\N	\N	f	\N	\N
917	pbkdf2_sha256$870000$8VKXVe39O3sQRoIbzPsKIl$R73SYOo0afAmEQSCrSnWNsUdjE1Xr5spVDoRieKz6uw=	\N	f	edwinmaldonado@example.net	886 QMU	t	f	f	2025-04-15 14:50:44.138131+03	\N	\N	\N	f	\N	\N
918	pbkdf2_sha256$870000$tdslCaFBQPQ8PNYfaSVlLm$A2X0MhyIlACmfhL8dycSBx12X8OTahm/tcwRlTdDVhI=	\N	f	michaelallison@example.org	03-34897	t	f	f	2025-04-15 14:50:44.138131+03	\N	\N	\N	f	\N	\N
919	pbkdf2_sha256$870000$HP5ooPx9yw3rvfQ7bSwlkQ$nIUpZRD+qcl2n5n6nMc8BwQCV4oV0SQ0WLMNWXn+gMw=	\N	f	jennifer12@example.com	366 BMP	t	f	f	2025-04-15 14:50:44.138131+03	\N	\N	\N	f	\N	\N
920	pbkdf2_sha256$870000$DeQ0c5MQMKmYSw6BNUljBn$G3mvvglpGpET1RE2gp7N1ytM0EacV1p54/ZGHoK/9fc=	\N	f	brendasmith@example.org	076-CIG	t	f	f	2025-04-15 14:50:44.138131+03	\N	\N	\N	f	\N	\N
921	pbkdf2_sha256$870000$DNPKmigFcyFYWOc6tU3jxh$aHNlt/9Yn51FN0apB2mYLKgpZQitZCdZLQBqRJYuVB0=	\N	f	jeromeclark@example.net	0-31965	t	f	f	2025-04-15 14:50:44.138131+03	\N	\N	\N	f	\N	\N
922	pbkdf2_sha256$870000$GurYfxuVy7M65Mi6FdueMW$0u2qIANNBCOHfi4SqlnC1egKn9AcA7gwgoX6ycfSbSM=	\N	f	vward@example.com	03CJ4	t	f	f	2025-04-15 14:50:44.138131+03	\N	\N	\N	f	\N	\N
923	pbkdf2_sha256$870000$zW9JJtDZgMhxFfFWKnwHTl$W6GVV2JOsoM3/nM6ip7cs8ORnffCbFKm5NWkfIsn5Zk=	\N	f	mayjonathan@example.org	WC5 P2U	t	f	f	2025-04-15 14:50:44.138131+03	\N	\N	\N	f	\N	\N
924	pbkdf2_sha256$870000$TRzubSxJKEca1XldC7qiNt$8CNWcpipyac0loCI+U6B/73onJb5S0cBmZbqGDGkFUw=	\N	f	jonathanmiller@example.net	185EFN	t	f	f	2025-04-15 14:50:44.138131+03	\N	\N	\N	f	\N	\N
925	pbkdf2_sha256$870000$KMgJxHDH27clQ2hRj9Gf2B$cPGWtVK/XH2TbF0so1+mZ7LwG4uvpqIZ49XtkQGwRxg=	\N	f	mparker@example.org	7UJG778	t	f	f	2025-04-15 14:50:44.138131+03	\N	\N	\N	f	\N	\N
926	pbkdf2_sha256$870000$8cvaw6JAluK5vjxhzbzZiZ$ckmanybmXgWQotXc7v512mfw1/V7A/E7KLGzPT6RGGs=	\N	f	patrick26@example.com	SKE 378	t	f	f	2025-04-15 14:50:44.138131+03	\N	\N	\N	f	\N	\N
927	pbkdf2_sha256$870000$Q1VSfGBDfmm4JHaB6elqed$4kyY+5Dh7u12EAj8xcupI39cgbctXmT/nOAVYR21QPU=	\N	f	eric43@example.net	S 058359	t	f	f	2025-04-15 14:50:44.138131+03	\N	\N	\N	f	\N	\N
928	pbkdf2_sha256$870000$vRx24YDzw5qmgQ4bwbPIxo$KLbPUCgVn2ID8UTQY8Lkz9xjjZv5xBN2oiwP8JXFev0=	\N	f	margaretscott@example.com	JFV-502	t	f	f	2025-04-15 14:50:44.138131+03	\N	\N	\N	f	\N	\N
929	pbkdf2_sha256$870000$wHRSTXoRi6ZrbR6bIdYWq3$oy02RkSwtiWR0kN+iAsgJEGGmfP7i0PaoQ1NfIf4sfE=	\N	f	jenniferadams@example.net	646-JBUM	t	f	f	2025-04-15 14:50:44.138131+03	\N	\N	\N	f	\N	\N
930	pbkdf2_sha256$870000$xqWQPy1DN7DlV8EyvPmbCY$mHznqdOJy3Wg988iC5SljnmZdLqWkXvdixsyHzZQocM=	\N	f	brownjoshua@example.org	ZRM 730	t	f	f	2025-04-15 14:50:44.138131+03	\N	\N	\N	f	\N	\N
931	pbkdf2_sha256$870000$W48vUYAfJVgetoaiYeCuAC$DkaK3e2ckdOsG92HE+FB7MCxAKzElOctKCv5JqNUaec=	\N	f	mia99@example.net	785GCT	t	f	f	2025-04-15 14:50:44.138131+03	\N	\N	\N	f	\N	\N
932	pbkdf2_sha256$870000$ptZV0e2mtR8jV3Jj6kGg3g$RGq1/cY2hO9dsrGCvDjY8Loo400fcQDSs1eYbZchrAY=	\N	f	lturner@example.org	PKA-9204	t	f	f	2025-04-15 14:50:44.138131+03	\N	\N	\N	f	\N	\N
933	pbkdf2_sha256$870000$z6WRXjkkMqKeMeUtTndF5D$8Kk5i3sYLzW4pXqxSMjMD7ZSoJwBVFb82KCsYdE73gI=	\N	f	buckleysteven@example.com	QIO 948	t	f	f	2025-04-15 14:50:44.138131+03	\N	\N	\N	f	\N	\N
934	pbkdf2_sha256$870000$zgPkp5NLMxCUpRnQVcOirw$cQrWd1qqs1vcpuclsYMyyJ1hIS6hbFnzaNzOpzi+aXI=	\N	f	ojames@example.com	3GS S93	t	f	f	2025-04-15 14:50:44.138131+03	\N	\N	\N	f	\N	\N
935	pbkdf2_sha256$870000$ZZ1mBYPthGh8W8uY9DE5RN$SBpOW2cijPXkjhvh/16D8mFXi46AOeHI/2lX76UlwP0=	\N	f	kirbystacy@example.net	L46 1ZI	t	f	f	2025-04-15 14:50:44.138131+03	\N	\N	\N	f	\N	\N
936	pbkdf2_sha256$870000$0TIF6KUNKOzKHAWyvXaeS1$+7rkbKzDUnDuah8DMAVJTR5un/kqmT5us4CteOFlQ2c=	\N	f	kristen34@example.org	MIP 741	t	f	f	2025-04-15 14:50:44.138131+03	\N	\N	\N	f	\N	\N
937	pbkdf2_sha256$870000$PvnNOcwgOIWnicvebsiM4k$aSrVo/iH2HmAWFbuKtCQKmm4p9NbG361mQJGFQ9wFuw=	\N	f	annawarner@example.com	092ND	t	f	f	2025-04-15 14:50:44.138131+03	\N	\N	\N	f	\N	\N
938	pbkdf2_sha256$870000$zThCxUIgYSWX6ouQHz2iIq$T52P5lXOOmqkBIoeL2P17R8ZwLAQGp8JPoVQF9Jzuz8=	\N	f	scooper@example.org	4LS 650	t	f	f	2025-04-15 14:50:44.138131+03	\N	\N	\N	f	\N	\N
939	pbkdf2_sha256$870000$i8SU8ghi2hdB3dgtOnOGuM$2yf0mbn4ELCzZVFQNvAdms3Fzck1/xclFyc3FqFjB90=	\N	f	margaret59@example.org	YVH3887	t	f	f	2025-04-15 14:50:44.138131+03	\N	\N	\N	f	\N	\N
940	pbkdf2_sha256$870000$lurwobroX8ImWNvW0uf33d$x9q7kpQ3Y3y3yPpr8nTCPHUiNYnlksOphJTgrDEzs5M=	\N	f	shawn49@example.com	0K 53507	t	f	f	2025-04-15 14:50:44.138131+03	\N	\N	\N	f	\N	\N
941	pbkdf2_sha256$870000$1AlEzekTw2h924gCCRJ6Im$qVnsaGayoycbdMsSp2cSxFKn42zfxkL1+j2MwQqz+TA=	\N	f	pmarsh@example.net	24S T08	t	f	f	2025-04-15 14:50:44.138131+03	\N	\N	\N	f	\N	\N
942	pbkdf2_sha256$870000$cXpGqzbGrNzYynp2Qdjymv$GGYyKitYR/UiJzordOVIfcg6o2nnMt+iYzH70oRsdDg=	\N	f	ygill@example.org	GSI-994	t	f	f	2025-04-15 14:50:44.138131+03	\N	\N	\N	f	\N	\N
943	pbkdf2_sha256$870000$JyekzM8h9TwTwX9MOmfn6k$skVXeZkKfZLvx6IVuEBKAgeCWClG5SrcAyTkrClWvwQ=	\N	f	edwardswhitney@example.net	260-JCO	t	f	f	2025-04-15 14:50:44.138131+03	\N	\N	\N	f	\N	\N
944	pbkdf2_sha256$870000$Hj72n6HA5fSUza2bC9lhNn$G1D2CgvJHxQSWXbuvBPYD/S5FrZvm/B3NGqRodfdW1U=	\N	f	andreaholland@example.org	KTP 0068	t	f	f	2025-04-15 14:50:44.138131+03	\N	\N	\N	f	\N	\N
945	pbkdf2_sha256$870000$DVM0Ou1KPwwJM8kzqnGfps$7C/5b2NLR2wXAJmfHgo5Jg7nQ4deLt4pNRE37KGGy6U=	\N	f	gonzalesspencer@example.org	18-6279S	t	f	f	2025-04-15 14:50:44.138131+03	\N	\N	\N	f	\N	\N
946	pbkdf2_sha256$870000$oSncFtgWYddI4Gy2LouaSi$kEEjbAwbl7NhR/bdQvj4e0HOYW78JQZitdbenli2SG4=	\N	f	richardbarron@example.net	PC 34597	t	f	f	2025-04-15 14:50:44.138131+03	\N	\N	\N	f	\N	\N
947	pbkdf2_sha256$870000$oEHUOKCP5iWlzjCUT7pdhx$lmxJGgP8aoSZX163FephafhaeikG9sfaPsiX7XW+N6A=	\N	f	tracywoodard@example.org	631 3EH	t	f	f	2025-04-15 14:50:44.138131+03	\N	\N	\N	f	\N	\N
948	pbkdf2_sha256$870000$uUaStFsQug0E2DAu9vPoyQ$binWkN9Bjr0YS1iLwA+eHlaZ58VzTO/41d6naVBYK9A=	\N	f	jeremy62@example.net	MUW 049	t	f	f	2025-04-15 14:50:44.138131+03	\N	\N	\N	f	\N	\N
949	pbkdf2_sha256$870000$inMmY8uplKLL0Nwo9OmkLY$QS5o2eVc1sJKBzcZ3ZmJNCiiiriESwVc3hwGDQAYffI=	\N	f	amanda01@example.com	92IE0	t	f	f	2025-04-15 14:50:44.138131+03	\N	\N	\N	f	\N	\N
950	pbkdf2_sha256$870000$tywmUIhzQGz4xc5wWgiL7Y$nMTa/g2UrMfq+KcVMxjrR8C7lZ3zUY25rF2IEee6TR4=	\N	f	lauren54@example.com	07-F968	t	f	f	2025-04-15 14:50:44.138131+03	\N	\N	\N	f	\N	\N
951	pbkdf2_sha256$870000$moIB0fUsPB0sNMNLFBh9Cf$knzAJMt8nSONSWyyv3sn6gN8JCliRBgo78xFNDdot84=	\N	f	munozjane@example.net	8KH 690	t	f	f	2025-04-15 14:50:44.138131+03	\N	\N	\N	f	\N	\N
952	pbkdf2_sha256$870000$xzdMNZLZoSK4c2d9gUJqCn$3PRhah/FDasLl9qiSJOgf8IPp6HzznD6Vv0sbHP7a+0=	\N	f	barbara84@example.com	814 DXW	t	f	f	2025-04-15 14:50:44.138131+03	\N	\N	\N	f	\N	\N
953	pbkdf2_sha256$870000$j1U9Ala4NOH243MMHAqQee$1NL6M/5WdkjYXzZkf457yY9B0sUx/0T8Q8U1zMysQPY=	\N	f	jose94@example.org	SYE-7988	t	f	f	2025-04-15 14:50:44.138131+03	\N	\N	\N	f	\N	\N
954	pbkdf2_sha256$870000$LfduF1A5aMYiWJPx77U5xQ$d0O923k0WXFWgP40Kge0WhW2sQNpHmv/EFCO5NA/1Mc=	\N	f	millscraig@example.net	MWE 933	t	f	f	2025-04-15 14:50:44.138131+03	\N	\N	\N	f	\N	\N
955	pbkdf2_sha256$870000$0rCOHikzIL4iKXrqqS4Sj6$k06NgOkYu1whEGWcY8QJh7KawLmNqTIiGpVPGhMdF/c=	\N	f	mgutierrez@example.com	3LD1365	t	f	f	2025-04-15 14:50:44.138131+03	\N	\N	\N	f	\N	\N
956	pbkdf2_sha256$870000$xUsERwNIJZQ40sVbqxnsAZ$P0ylPbVqX6V4v6Cxfwwhmm7CRDxcrL7a4EMaA0hz+z8=	\N	f	erodriguez@example.net	PLI-021	t	f	f	2025-04-15 14:50:44.138131+03	\N	\N	\N	f	\N	\N
957	pbkdf2_sha256$870000$ZcxdGYPZNKF6Rj61nBa30k$CoCoT6HhCEsmV8v0VYuPdCb2bJ7c8SJtYPgUQeGT4Lw=	\N	f	kimberly12@example.net	019 2ES	t	f	f	2025-04-15 14:50:44.138131+03	\N	\N	\N	f	\N	\N
958	pbkdf2_sha256$870000$0CI0QqMFFfA1I2tzwECaIX$zPJ+ghjsOveYZK3e/ELszfKYpCPq+u7KsT3mhIjA+mc=	\N	f	ray98@example.net	JER-2497	t	f	f	2025-04-15 14:50:44.138131+03	\N	\N	\N	f	\N	\N
959	pbkdf2_sha256$870000$4oIu78UScfH2wiTRpQclJ7$MEaJ6DC/oyXR663apOohRRlNQXbCdjfBpz6mTDSb9mw=	\N	f	tamarahoffman@example.com	968-MLJ	t	f	f	2025-04-15 14:50:44.138131+03	\N	\N	\N	f	\N	\N
960	pbkdf2_sha256$870000$F0m5oAL6rwhT3ZhK0txG0z$C+bojN1PEk9T2Gl+KN0mlUpRZ3OEkMJ8F0kF4lY9lPw=	\N	f	brownrebecca@example.net	UWY-019	t	f	f	2025-04-15 14:50:44.138131+03	\N	\N	\N	f	\N	\N
961	pbkdf2_sha256$870000$oeksM2pbO4zfgSLdHmNAS6$zsI9Ye7JfDY2WXnFt5yrMok38JbPX1Fs2HuycLQhXIk=	\N	f	hernandezchristopher@example.org	HLC-3524	t	f	f	2025-04-15 14:50:44.138131+03	\N	\N	\N	f	\N	\N
962	pbkdf2_sha256$870000$ykRItHFXyEzxaEolGkomY4$eqHAo69bNw9fcnokSpo7YJ5UX3VOVYLLkXf3XZqAa9k=	\N	f	allisondiaz@example.org	144-HXT	t	f	f	2025-04-15 14:50:44.138131+03	\N	\N	\N	f	\N	\N
963	pbkdf2_sha256$870000$5YeBaHuvPhqpmwU8axnNT9$oio4aakq/vhp9zEULsA4v4+3zsr+jeMFwQyINEKSqV4=	\N	f	rnewman@example.net	392 5OY	t	f	f	2025-04-15 14:50:44.138131+03	\N	\N	\N	f	\N	\N
964	pbkdf2_sha256$870000$Jo6n9sU3EeaAhrBNitS9eT$IgGYQmQ8TJsGS3Hr57L4IoFxuuiUW8XDDN3TGNmLV9A=	\N	f	lynndaniel@example.com	130 PKL	t	f	f	2025-04-15 14:50:44.138131+03	\N	\N	\N	f	\N	\N
965	pbkdf2_sha256$870000$6FqWE7uzeZZSiY9O6qyH7a$eaESCwsET/gw6mBDUJLXXQRaMfbsXaOXR2TMJejWRkw=	\N	f	amanda17@example.net	405D	t	f	f	2025-04-15 14:50:44.138131+03	\N	\N	\N	f	\N	\N
966	pbkdf2_sha256$870000$ZPjnEluu8lgYK4kLUb5eQ5$YLXHt5Y2CbkEtEIFk9pRu5Nual+WR5iCBqnzOuuvG4o=	\N	f	tracyallen@example.net	ZK8 Q4I	t	f	f	2025-04-15 14:50:44.138131+03	\N	\N	\N	f	\N	\N
967	pbkdf2_sha256$870000$4yw4fuK5OzQTWaz2RM67gr$m/YCuB4ZZ/apWugEoXssFMox6751pydf2stnUryr+1Y=	\N	f	stevenfisher@example.net	14-AO30	t	f	f	2025-04-15 14:50:44.138131+03	\N	\N	\N	f	\N	\N
968	pbkdf2_sha256$870000$587Cmys2YI4UO51y0j0AiG$cE6vhoUTnLfNWjsBJDT5AbyCGbSbFjMLM3LKwLTDskI=	\N	f	jenniferobrien@example.com	1SJ 206	t	f	f	2025-04-15 14:50:44.138131+03	\N	\N	\N	f	\N	\N
969	pbkdf2_sha256$870000$mZYraMz7SAvlOtP7B6EMdB$oSjpXG8OG42dCO+gW9+Y2z1XPYGY3Do1xe20K8MGQck=	\N	f	amartinez@example.org	168-ZQN	t	f	f	2025-04-15 14:50:44.138131+03	\N	\N	\N	f	\N	\N
970	pbkdf2_sha256$870000$HjgEoH3FrSDuHG2XAZHoJp$H4h+un7HQ11+eD8NUIC2j3Ha53OGalcQ+l9vrHpld9I=	\N	f	kim39@example.net	5YS Y32	t	f	f	2025-04-15 14:50:44.138131+03	\N	\N	\N	f	\N	\N
971	pbkdf2_sha256$870000$w4MVKEvxTKlQLVjqDewtkP$HiZHzBw9PevTjbbKniwbTROPljUkMESpHDzW7w2G8k0=	\N	f	crystal92@example.net	854I	t	f	f	2025-04-15 14:50:44.138131+03	\N	\N	\N	f	\N	\N
972	pbkdf2_sha256$870000$795Qc6Cp1ym4KGdgxYt5HV$wS1RoJNcG/8a51gnMODkgNN+kaN/Z1FB0DcpL8ucOwk=	\N	f	rsmith@example.com	133 NQK	t	f	f	2025-04-15 14:50:44.138131+03	\N	\N	\N	f	\N	\N
973	pbkdf2_sha256$870000$1infH8EEnZVvguESeCAfs3$DIy9H4v08+FJOj1+d96BzHj5VhhA1wD/hHY/HQjfJkU=	\N	f	meganrodriguez@example.com	29-L436	t	f	f	2025-04-15 14:50:44.138131+03	\N	\N	\N	f	\N	\N
974	pbkdf2_sha256$870000$8JJKxiXf11J5NKhDHzJeau$AjRrI6UpH7IMUtniRqGoDhAugevydq4UOOYHYxykWzo=	\N	f	pattersonmaria@example.com	VVD 268	t	f	f	2025-04-15 14:50:44.138131+03	\N	\N	\N	f	\N	\N
975	pbkdf2_sha256$870000$8zwGjjxm5zAmpyx5R6UpBR$iXXO0ZqBgEm2W8LDImAUYdB8qCeIcmRK+jTQpGdrhO4=	\N	f	patricia55@example.org	EI 1485	t	f	f	2025-04-15 14:50:44.138131+03	\N	\N	\N	f	\N	\N
976	pbkdf2_sha256$870000$kHKaEHYcyadwxwShfd4l6y$O/8nocv/rsEYZmWP5DQWrrEtd2mTqVODAQ1LjWxPxaY=	\N	f	mstewart@example.net	AWI 1883	t	f	f	2025-04-15 14:50:44.138131+03	\N	\N	\N	f	\N	\N
977	pbkdf2_sha256$870000$4l81iVssnXHWohwCJirNNo$YrFFPT1QlT5dgbqeyRuXvsm2CIT4tDG1RqkTwujTflE=	\N	f	mharris@example.com	CLM 912	t	f	f	2025-04-15 14:50:44.138131+03	\N	\N	\N	f	\N	\N
978	pbkdf2_sha256$870000$orRirGZUwz5ZyEJyoOj9gc$TLEB1rnmbuTpG/U+gK0Jy7z+T44L3KQRwdGvIzbN5tw=	\N	f	deborahbryant@example.com	FF 1919	t	f	f	2025-04-15 14:50:44.138131+03	\N	\N	\N	f	\N	\N
979	pbkdf2_sha256$870000$eZXgwkhsfQaXReNJb60oM3$y5PEglYXChfmvAYgdGLJRwly27q5A18L5Q1FIXjsowU=	\N	f	natalieramirez@example.com	1IH8166	t	f	f	2025-04-15 14:50:44.138131+03	\N	\N	\N	f	\N	\N
980	pbkdf2_sha256$870000$Jmzw4QilhK9FI0ccRJKum8$NXlW7lz0m2nHxnwi51kBOKWNIkfucv/xVXEdjJbPkOc=	\N	f	lindsay29@example.com	76-U464	t	f	f	2025-04-15 14:50:44.138131+03	\N	\N	\N	f	\N	\N
981	pbkdf2_sha256$870000$SQo0lvjQQoPfWHKGQ5Is6L$3iM2GGVDU/VG+ljeGwsGTgZmCgNxXWz2lVzk22Vu2Sc=	\N	f	amcgee@example.org	67-59040	t	f	f	2025-04-15 14:50:44.138131+03	\N	\N	\N	f	\N	\N
982	pbkdf2_sha256$870000$jgNIKfRXHk5EFRoRTeDXdT$oKcH5xNj9AQmoXLPNE+sFeSb/TRGB5aHAz2EGMVJ1xc=	\N	f	richard05@example.com	RZI 124	t	f	f	2025-04-15 14:50:44.138131+03	\N	\N	\N	f	\N	\N
983	pbkdf2_sha256$870000$Nc5LYkvbLh4kGJMtfc5c5J$JycYpE0y87tcikvVQ82yRIdO+6aish8ukWw7EDa6ZFM=	\N	f	ymorris@example.org	94F W64	t	f	f	2025-04-15 14:50:44.138131+03	\N	\N	\N	f	\N	\N
984	pbkdf2_sha256$870000$2RScTKiTBj7zk5pI3xDrky$vXiSTupd5OcRrtj5vvt36hjb3nfQuw2r51s/pmZT1uY=	\N	f	knightjeff@example.org	HLG1344	t	f	f	2025-04-15 14:50:44.138131+03	\N	\N	\N	f	\N	\N
985	pbkdf2_sha256$870000$aOeFzsKiCDCkd6NshW6BFS$Jeg/WE/kseU3BERKSU+NlXkDPZFtz+XWEa8fTDLYX+o=	\N	f	natasha74@example.org	6CA8504	t	f	f	2025-04-15 14:50:44.138131+03	\N	\N	\N	f	\N	\N
986	pbkdf2_sha256$870000$Is3YntZmjuPKOLtU7OpVCy$Ig3r1eIpIJZ903IbK6B03bo09MVMJbb0iHl/JBBgsd0=	\N	f	mccallstacey@example.net	4Q 0T2ORE	t	f	f	2025-04-15 14:50:44.138131+03	\N	\N	\N	f	\N	\N
987	pbkdf2_sha256$870000$wQdmsORMB4fSo7KtfPzFZV$thm59IvX294iD8EazP7BVJEhwRpF00ndEtUzxgze9uk=	\N	f	megan60@example.net	7-3805X	t	f	f	2025-04-15 14:50:44.138131+03	\N	\N	\N	f	\N	\N
988	pbkdf2_sha256$870000$MUMs8vzdCAjt0SZrNmeWJu$gP4g5Ve7FnXTNZ88JZb0PVkUGp8RddsWTW/nOYLPR/U=	\N	f	amanda31@example.org	IHO-1589	t	f	f	2025-04-15 14:50:44.138131+03	\N	\N	\N	f	\N	\N
989	pbkdf2_sha256$870000$7j6lKQYDGvxFcZ7BO1bshG$dbSeipTU7omyN4oqOFQzUKrzdi0V1wVY74Yr4iqFrz4=	\N	f	murphymichaela@example.com	6WMB 75	t	f	f	2025-04-15 14:50:44.138131+03	\N	\N	\N	f	\N	\N
990	pbkdf2_sha256$870000$AqoAC1y1TbFBn6ryc4Kw8D$P8qLs5Ow0Owff7Zuz9g9oCPQDI0IeOM/SFYYbqj7eA4=	\N	f	iperez@example.net	6P 0X5LMZ	t	f	f	2025-04-15 14:50:44.138131+03	\N	\N	\N	f	\N	\N
991	pbkdf2_sha256$870000$5bwDCR1aoUhY2Yvc9IQo3w$o9TYaS6q9egWkG894/0mEFBXYVt8fd482xEsuopgxpo=	\N	f	tyler79@example.org	985 THA	t	f	f	2025-04-15 14:50:44.138131+03	\N	\N	\N	f	\N	\N
992	pbkdf2_sha256$870000$hMwxTZmPw0hKZnNYO4RzzQ$LdOQCyyw2h/3LQ+TGpKz5H3OHhRTowZjlqMuMaCcOHI=	\N	f	phansen@example.net	72L K25	t	f	f	2025-04-15 14:50:44.138131+03	\N	\N	\N	f	\N	\N
993	pbkdf2_sha256$870000$S8pMtfNR6g4hN7ZDDmcb1b$jD3fjsrX0uu9GNmoNGxvSf12yMslTYAlJNzgYJUyetk=	\N	f	joshuahenderson@example.com	95WI4	t	f	f	2025-04-15 14:50:44.138131+03	\N	\N	\N	f	\N	\N
994	pbkdf2_sha256$870000$7dafPW6UdrUXHIyUZRkZJf$IUxqKg86Ol8PQIELT3yvKCurCIKX/uNM0YYSDImnNhM=	\N	f	amandarhodes@example.net	39V 2245	t	f	f	2025-04-15 14:50:44.138131+03	\N	\N	\N	f	\N	\N
995	pbkdf2_sha256$870000$NtoQ9uNCTTEf4XHLuBHH0Z$M0BysmvH2p9A7Kfsa2oa6lkyYIL+yF7odbDvJzqDgrU=	\N	f	rodgerscharles@example.com	88IX5	t	f	f	2025-04-15 14:50:44.138131+03	\N	\N	\N	f	\N	\N
996	pbkdf2_sha256$870000$1pUFQk90TpKBnk40wGy6Jb$twJb8zoqeuZzDZPGoL1aH74QSglVpJFswnw2WyaN+jw=	\N	f	debra69@example.com	MRU 187	t	f	f	2025-04-15 14:50:44.138131+03	\N	\N	\N	f	\N	\N
997	pbkdf2_sha256$870000$E45BsCuYLVbqn2QpxUdfT0$PpSkJTEmn5dvX150P1ONXn5p4l7cnf2WWW8ylRdTve4=	\N	f	estradakeith@example.net	ADO7581	t	f	f	2025-04-15 14:50:44.138131+03	\N	\N	\N	f	\N	\N
998	pbkdf2_sha256$870000$Dj4ViJ4pxUn1wR1b5zMQBw$XojcdJ+A4FHT4cWCEXzHqRpRJwzXQt43zB3sAiZB+as=	\N	f	gmartinez@example.com	927QHI	t	f	f	2025-04-15 14:50:44.138131+03	\N	\N	\N	f	\N	\N
999	pbkdf2_sha256$870000$u86aW4ciujOfTaP2xpmhna$L/GVFCD3+23Ck/khQfVsEObyq0I+WbwB2TpOLOHxK3o=	\N	f	winterspatrick@example.org	0-88434R	t	f	f	2025-04-15 14:50:44.138131+03	\N	\N	\N	f	\N	\N
1000	pbkdf2_sha256$870000$J443fZGNzJ5Ht04HFe7YC1$gx79vIqbVPTp1jAqDH92lFAmoyOrVBA9qv6ehzWcaqI=	\N	f	latoya09@example.org	78-CK74	t	f	f	2025-04-15 14:50:44.138131+03	\N	\N	\N	f	\N	\N
1001	pbkdf2_sha256$870000$QCBpkgGD3mlIyx8IIXp2fj$k1AVUOWUoK/GVsg+5CGwsEkBUQbOs+1WymBw8dG1iwo=	\N	f	hkrause@example.com	532 LDW	t	f	f	2025-04-15 14:50:44.138131+03	\N	\N	\N	f	\N	\N
1002	pbkdf2_sha256$870000$ZcVQWK6CM6FVQO4aH8PcpW$n/gyt6ozexJxUwbwE+vecAnhiTTU1AfZg4mGdp6NWio=	\N	f	bkim@example.org	OBV1623	t	f	f	2025-04-15 14:50:44.138131+03	\N	\N	\N	f	\N	\N
1003	pbkdf2_sha256$870000$7HUBEeqOgbROMSeVj2bun4$ifSh25sjLzsfzgc3lHF9e4qVLL4DPPQUH1wpttU7zhQ=	\N	f	brianruiz@example.net	8HM 777	t	f	f	2025-04-15 14:50:44.138131+03	\N	\N	\N	f	\N	\N
1004	pbkdf2_sha256$870000$9CZb4LsDgxwIRfUQmEq4zG$u91zMPtRwfk0L5ndmN1tQc+TCB1m2bw7POoFYUW9DME=	\N	f	cweaver@example.net	AI1 T4P	t	f	f	2025-04-15 14:50:44.138131+03	\N	\N	\N	f	\N	\N
1005	pbkdf2_sha256$870000$eTuaxW4rFKs9mUfMCxBOqI$Bg1px2HsirEKb00goiLNkQpYr8dLkQLCRCMCRDibcSc=	\N	f	mwilliams@example.com	54X XO4	t	f	f	2025-04-15 14:50:44.138131+03	\N	\N	\N	f	\N	\N
1006	pbkdf2_sha256$870000$B0PMNydzYO8HekKTbb9k9Z$8pZ5u18H2i1zIfkjLdRCu8RInllpqzACTJmVRSceMOs=	\N	f	brandonliu@example.org	IPZ4114	t	f	f	2025-04-15 14:50:44.138131+03	\N	\N	\N	f	\N	\N
1007	pbkdf2_sha256$870000$xQcOBdBt3pi3Dr52j1AqSn$+55q+wNVBulHJ/2ap3CqSeKqQvEdiCWwck9MknP2Gq4=	\N	f	christopherferguson@example.net	LUH 697	t	f	f	2025-04-15 14:50:44.138131+03	\N	\N	\N	f	\N	\N
1008	pbkdf2_sha256$870000$yIY2rIFHE3v7ObbCbY5eVP$hqi6RWz0LiVV6mto7RbUfFXK0PuaUQWHvp5tLdqihPg=	\N	f	cherylwright@example.net	CVT-3795	t	f	f	2025-04-15 14:50:44.138131+03	\N	\N	\N	f	\N	\N
1009	pbkdf2_sha256$870000$UaQDQF0Jric9OyDOzZfOx3$RGDCuUoew4QgGzAHPCVwRKuOfHTvuBwEGw486KUrAAo=	\N	f	michaelmorrison@example.org	4GY4438	t	f	f	2025-04-15 14:50:44.138131+03	\N	\N	\N	f	\N	\N
1010	pbkdf2_sha256$870000$u1ey9Bd52MLipgiDW3nNU2$+UD9ODzLutG/B7tBedag1Z8gy6qYb/WrFUAVQGqfIkQ=	\N	f	ewilliams@example.com	878 GX4	t	f	f	2025-04-15 14:50:44.138131+03	\N	\N	\N	f	\N	\N
1011	pbkdf2_sha256$870000$csdOuZUa09LSnUruTElsMF$dsyEoOcFTXsKSqEfwHOo6AVcUSJN659DyHABT/XE8C4=	\N	f	nhobbs@example.org	665-KBRV	t	f	f	2025-04-15 14:50:44.138131+03	\N	\N	\N	f	\N	\N
1012	pbkdf2_sha256$870000$vFhRJJxcPb6KlFxYo2nIQ8$02K2fqUXMpY+J0CP0iUVjxiokAuajpI7Yo10QTYjUiU=	\N	f	bennetttamara@example.net	624 8673	t	f	f	2025-04-15 14:50:44.138131+03	\N	\N	\N	f	\N	\N
1013	pbkdf2_sha256$870000$3LSME6qJSIA8XnlwTHgv1t$YDCEfrjJNV7fRAPiUA/Ba4xUW4/wZ5OZVNGQeGQM7OE=	\N	f	coopernathan@example.org	669 HNB	t	f	f	2025-04-15 14:50:44.138131+03	\N	\N	\N	f	\N	\N
1014	pbkdf2_sha256$870000$STusqXTuiUSljHNPfomV3b$bqWpVmySho3b9nUc10z4VUAOmzWVPRgAX3nQj80Ex1Y=	\N	f	jenniferrodriguez@example.com	11Y AH7	t	f	f	2025-04-15 14:50:44.138131+03	\N	\N	\N	f	\N	\N
1015	pbkdf2_sha256$870000$7AcC30tN0k1wTyJnSYetHB$dvg9WpROXnDknw8eQfgYabOrQUnClZAQVX1XS3Jd+0U=	\N	f	loripatel@example.net	9C M1487	t	f	f	2025-04-15 14:50:44.138131+03	\N	\N	\N	f	\N	\N
1016	pbkdf2_sha256$870000$o79tsfTRsIqFvIUjpU0OYg$LQ06I8wZ6pawUrWi0E4MG0Z6ph3ZZ34uh8Xe26Ep7Lc=	\N	f	bowmankevin@example.net	MEQ 883	t	f	f	2025-04-15 14:50:44.138131+03	\N	\N	\N	f	\N	\N
1017	pbkdf2_sha256$870000$YnoVCyGVHW0xYxnff8ocWF$E0h/c8kCUoWu/HBNfK10heZ7vlsnO1nFgdsUtk0judw=	\N	f	justin99@example.net	2A I9976	t	f	f	2025-04-15 14:50:44.138131+03	\N	\N	\N	f	\N	\N
1018	pbkdf2_sha256$870000$Zi9HGD7rAH3B6IQfyqGeyj$53LqqqbzcBrPxmxicEtf8x1C2avIeWqTpF3/VrH1guM=	\N	f	robert93@example.com	MRY-4177	t	f	f	2025-04-15 14:50:44.138131+03	\N	\N	\N	f	\N	\N
1019	pbkdf2_sha256$870000$LIGi9yJC1HPcCtBaDfuMf3$4DK/RTiy7MzpZCtUUqAQ9Ij+uovOaEI3yA+K2SGw84c=	\N	f	gloriaschwartz@example.net	CCE-739	t	f	f	2025-04-15 14:50:44.138131+03	\N	\N	\N	f	\N	\N
1020	pbkdf2_sha256$870000$ksGgtYICQY2oE0jHubboU1$QYSuKn8JtQKpyXC3DiDROc7wuM9JzTEVXxIACSYJ1VI=	\N	f	antoniosmith@example.org	33-87780	t	f	f	2025-04-15 14:50:44.138131+03	\N	\N	\N	f	\N	\N
1021	pbkdf2_sha256$870000$KIwGFsHiUvMOs1xROa4XMf$PHynrZNOfZN/x11XkTMfgSW1TTuAnomIBCqiIf1vgv8=	\N	f	treed@example.net	2V 0977N	t	f	f	2025-04-15 14:50:44.138131+03	\N	\N	\N	f	\N	\N
1022	pbkdf2_sha256$870000$kyrjmy5s4a4slz4kc0eANp$p/rP3dUwNmh+ZwExXN6GMDeWMsbCOlJnLamEKrt3UVo=	\N	f	jessicagarrett@example.com	039 NR0	t	f	f	2025-04-15 14:50:44.138131+03	\N	\N	\N	f	\N	\N
1023	pbkdf2_sha256$870000$akakQggLpVv1OY8G4yrdEO$mPWObjXB4KfjfG83WfJsWBzZD0NQX2sT30tFUImwxZE=	\N	f	juliecruz@example.net	1NQ 520	t	f	f	2025-04-15 14:50:44.138131+03	\N	\N	\N	f	\N	\N
1024	pbkdf2_sha256$870000$ORkOneMmAaQmicKsldtkNe$2OqYxm/VmBaclKbDZguMk0e2pPvvEA5fUGq7nfZ5WTs=	\N	f	alex34@example.org	985 XTB	t	f	f	2025-04-15 14:50:44.138131+03	\N	\N	\N	f	\N	\N
1025	pbkdf2_sha256$870000$iLmEZzg2tNuiWg8E3TTNSy$kvW8fCBh2jtSdFT4nFSy/cNUt2i3YPFwCdCbxXeE6MA=	\N	f	gibsonparker@example.net	GPP-7039	t	f	f	2025-04-15 14:50:44.138131+03	\N	\N	\N	f	\N	\N
1026	pbkdf2_sha256$870000$udXWjMAmzahifUxy3l5Gft$5tyEhZd8OX1cLQ6YgdWF3zab6+S03l8F+KY1Xzumx7Y=	\N	f	johndawson@example.net	882 GQE	t	f	f	2025-04-15 14:50:44.138131+03	\N	\N	\N	f	\N	\N
1027	pbkdf2_sha256$870000$W1j8HxFWl9q45FnxC3xLCV$1gIk/Tdw7rGzBfE0BqxCN6DAm6c6kzp1ap33ukijrnA=	\N	f	millerjustin@example.org	86R X79	t	f	f	2025-04-15 14:50:44.138131+03	\N	\N	\N	f	\N	\N
1028	pbkdf2_sha256$870000$MNDB2aaAm8Vtn4qWlcdoYT$5pUvtZBbNR5EC8/sXr7LNaTXAU6J6QqXwioaziwBj+0=	\N	f	rebeccadecker@example.org	60H XC1	t	f	f	2025-04-15 14:50:44.138131+03	\N	\N	\N	f	\N	\N
1029	pbkdf2_sha256$870000$0lwnucekLxCgfncBsiML8W$QGspaSCSX+OyEuuXB7PSJGMHz2TZKZKmvAUJSyF7tK8=	\N	f	uschroeder@example.com	DGG-665	t	f	f	2025-04-15 14:50:44.138131+03	\N	\N	\N	f	\N	\N
1030	pbkdf2_sha256$870000$CeJKg9GRAOjCcZkidtoxuJ$y06bMMI1sv65dTkHyRFnjE8ZsUKA4GqnjI8to8BHFBE=	\N	f	michaelanderson@example.org	T33 8LC	t	f	f	2025-04-15 14:50:44.138131+03	\N	\N	\N	f	\N	\N
1031	pbkdf2_sha256$870000$0G1BcIlmeJw50PN07Teus0$ojE1Kf+VC8VnsD1VfiB2Wm29nsmhXNfTFsSmppiJpDo=	\N	f	jacksonpaul@example.org	KAD4504	t	f	f	2025-04-15 14:50:44.138131+03	\N	\N	\N	f	\N	\N
1032	pbkdf2_sha256$870000$rIIa7s3VGAbaCybD0rbr9t$d33zNm5mba0xm3a4YB4uceE0wyLNdSqRZ3PpmnwDqRs=	\N	f	faith10@example.com	S79 8XW	t	f	f	2025-04-15 14:50:44.138131+03	\N	\N	\N	f	\N	\N
1033	pbkdf2_sha256$870000$KxlwIQcBRalDJAh37hDBxF$kgyS4dtcWVmYjRLZp+7nqrgPzmkTegh2XA69n1CkfBU=	\N	f	jennifermoran@example.com	9RIG682	t	f	f	2025-04-15 14:50:44.138131+03	\N	\N	\N	f	\N	\N
1034	pbkdf2_sha256$870000$b6wjtX6nTSFcxlbTrqZSyq$BzDWD/Raur2yQhjLO0YxU0Hfue4Q9RDYdgGFyFjiI/E=	\N	f	wrightmichael@example.net	004-VLQ	t	f	f	2025-04-15 14:50:44.138131+03	\N	\N	\N	f	\N	\N
1035	pbkdf2_sha256$870000$JxnQg0AggTSGblPm7aJd66$8vMS/N1ryDKGWL+2N9Pps2hRSKRdbBsxplkm6UDB6sI=	\N	f	debra60@example.com	1SC8041	t	f	f	2025-04-15 14:50:44.138131+03	\N	\N	\N	f	\N	\N
1036	pbkdf2_sha256$870000$EZ7gxbAC00nrG3vC0Vua2j$NeiyRhkuiRjtiYCN++gyFWxn9XjgfF1rp5rKKpLezrc=	\N	f	kyle00@example.com	3V 08415	t	f	f	2025-04-15 14:50:44.138131+03	\N	\N	\N	f	\N	\N
1037	pbkdf2_sha256$870000$maO4aoeuvxVd3CU1Wljqqs$4tdzgKnpxWuR4zZ4KwEw/F7kNVbvk+hPWBXA7j1g68Q=	\N	f	sarahshort@example.org	8CED 67	t	f	f	2025-04-15 14:50:44.138131+03	\N	\N	\N	f	\N	\N
1038	pbkdf2_sha256$870000$gQ9gldruOBczOc2K561rVu$2sQCAS+nkpIfYKemSmu3wYNBmU3pVgB2Q4SNaCR52Ow=	\N	f	terricampbell@example.org	ZKP 814	t	f	f	2025-04-15 14:50:44.138131+03	\N	\N	\N	f	\N	\N
1039	pbkdf2_sha256$870000$3E60IVb1ewtT0NvDZcIXxu$/qaDhEn02wbZjOBCgWEdT6DzCxVUT2yJcHxR3Af5qu0=	\N	f	psimmons@example.com	351-TIR	t	f	f	2025-04-15 14:50:44.138131+03	\N	\N	\N	f	\N	\N
1040	pbkdf2_sha256$870000$2jTLpBmES5En5zvsnPl7mv$S8NbM4guuSweE1TvYTBU6ut4pYfa23UOHxSj7myedPo=	\N	f	mestrada@example.com	KFT 053	t	f	f	2025-04-15 14:50:44.138131+03	\N	\N	\N	f	\N	\N
1041	pbkdf2_sha256$870000$8ZpO4ubyPXvYJFig4tPJcf$aiGqiV4ItsXlv4/xSf2uOMplvdqs7rPvW22p0NV+ePM=	\N	f	caseyellen@example.com	5ZW 079	t	f	f	2025-04-15 14:50:44.138131+03	\N	\N	\N	f	\N	\N
1042	pbkdf2_sha256$870000$dlssVdeSTkdVSZ8wCa09lc$Ta4kLY6jVzfLXKDb4eTpH1C6/ubOLXuXrh5cYKg5QMU=	\N	f	rileyolivia@example.net	345-CCQ	t	f	f	2025-04-15 14:50:44.138131+03	\N	\N	\N	f	\N	\N
1043	pbkdf2_sha256$870000$UkIoPQavplT9L2LrNnuWzZ$4rsKba9vUuoMYyMaYdhPQoo5baBXUkuUrfU4qGaZEC4=	\N	f	payala@example.net	NEZ 202	t	f	f	2025-04-15 14:50:44.138131+03	\N	\N	\N	f	\N	\N
1044	pbkdf2_sha256$870000$DMKRDokiMwKuqOFNVgZlDu$UeN79LILkuZbeTOU5HPaUUBy4uXFOaF+06gykULg528=	\N	f	matthewhernandez@example.net	0F PZ800	t	f	f	2025-04-15 14:50:44.138131+03	\N	\N	\N	f	\N	\N
1045	pbkdf2_sha256$870000$sy1LufnEQnB4oGqMDmOk03$RkDrNd8W54DOLJ1f+WUN1XXkP/O0MM0FEBCx/z2Fhgs=	\N	f	alicia01@example.net	6QV 722	t	f	f	2025-04-15 14:50:44.138131+03	\N	\N	\N	f	\N	\N
1046	pbkdf2_sha256$870000$Y3bzlLiCDyG2rWpNrEmnUD$WH8kFHGnCAlYZRXrieUNSOCuSeQdR/oUWn4EwKeWoOs=	\N	f	jill88@example.net	HMM 484	t	f	f	2025-04-15 14:50:44.138131+03	\N	\N	\N	f	\N	\N
1047	pbkdf2_sha256$870000$CXASfSlHpNXnAQS496jibO$hgGAoP6Q1QAOjONiafOnwjDFOo0pfsoeU84WvpSz9wk=	\N	f	thompsonchristopher@example.com	7-8580H	t	f	f	2025-04-15 14:50:44.138131+03	\N	\N	\N	f	\N	\N
1048	pbkdf2_sha256$870000$GhCBMTjqjUKF0rC9BqUAZe$9oY+xmNv3YKXBR9paancqfMIPaT5M5ANpDBt5lMlDtw=	\N	f	jameswood@example.net	HTF-6263	t	f	f	2025-04-15 14:50:44.138131+03	\N	\N	\N	f	\N	\N
1049	pbkdf2_sha256$870000$aT6kD6c1ks7agfwv2XInmG$8wQvG8A45jKgIONkoRwzaLJinPdW+1zoL8d+tM+NmBw=	\N	f	grahamcody@example.org	5T 20738	t	f	f	2025-04-15 14:50:44.138131+03	\N	\N	\N	f	\N	\N
1050	pbkdf2_sha256$870000$mnToytn4wNl7BVmiSdyAQu$UEYejOXUkytA0dcN4ZCQkN8C4Munk4ck0s0CN+cYolY=	\N	f	burnettkelly@example.net	1V 4287B	t	f	f	2025-04-15 14:50:44.138131+03	\N	\N	\N	f	\N	\N
1051	pbkdf2_sha256$870000$sbTH0VuVYqeSH7Jcj8ph9s$RWovLUdp28Bsv7P2MgyFrb7P7Y4a1qQW0OsAFpdOE74=	\N	f	alejandrogalloway@example.com	549 PWZ	t	f	f	2025-04-15 14:50:44.138131+03	\N	\N	\N	f	\N	\N
1052	pbkdf2_sha256$870000$oVVsJGnsfVWWrSKYD5ADwF$F9DR/IlaUJBeTCbUCFsEybrGt7ZkJ5zFRCjLTZMseNg=	\N	f	ryan79@example.net	070-628	t	f	f	2025-04-15 14:50:44.138131+03	\N	\N	\N	f	\N	\N
1053	pbkdf2_sha256$870000$Ibf9eSAj3ukoznAfOIFvWd$V5sAf4zIofkKnvug9B7lyiKtv1TNhmOa1V5qcwg9bOs=	\N	f	ryan37@example.com	1OQ 391	t	f	f	2025-04-15 14:50:44.138131+03	\N	\N	\N	f	\N	\N
1054	pbkdf2_sha256$870000$vBRzyVoJlCDDwCJOux6wlP$xJQKgOqTKr4D5mQ+050STp66SKq+mhALP5aGQkqVkm8=	\N	f	skline@example.net	F67 8VH	t	f	f	2025-04-15 14:50:44.138131+03	\N	\N	\N	f	\N	\N
1055	pbkdf2_sha256$870000$nAo5DsosZGDEh6B736rxMS$jHDbWvT8z0qB7gwj9LV4svwGGA7jVHCEc5HdkqBqK/A=	\N	f	gabrielle92@example.net	8FL 544	t	f	f	2025-04-15 14:50:44.138131+03	\N	\N	\N	f	\N	\N
1056	pbkdf2_sha256$870000$dfmfBgx76oAinHOxcgkr6S$wUBFRTTIuJZe5aPkbOwhR73Z2CAgu102LQYnqO12KOw=	\N	f	thoover@example.net	1S533	t	f	f	2025-04-15 14:50:44.138131+03	\N	\N	\N	f	\N	\N
1057	pbkdf2_sha256$870000$lMtlXytRg5G5US1nULndmo$P6lhJzDPBJRwZHc1SjFN1Z3+XAuTHFSoWzV352+cj2Q=	\N	f	williamfrederick@example.org	173P	t	f	f	2025-04-15 14:50:44.138131+03	\N	\N	\N	f	\N	\N
1058	pbkdf2_sha256$870000$AdOUINHhS2aSl15o8meEfz$I6FFiJm7sQakFlGXwgN1+JA0t0UyVHaLFhQqwCzURrg=	\N	f	iwillis@example.net	7IZ22	t	f	f	2025-04-15 14:50:44.138131+03	\N	\N	\N	f	\N	\N
1059	pbkdf2_sha256$870000$OzjPeBhuNTzLb4fvmwTNe1$9Y0Edq47JEViF0sLWNSwFMtpGjsLIxUjrrMeukVrHEA=	\N	f	leenicole@example.org	1G 5M8BDT	t	f	f	2025-04-15 14:50:44.138131+03	\N	\N	\N	f	\N	\N
1060	pbkdf2_sha256$870000$RVxa4IMXZ8oSbTGbCiZdLh$PpSeApP/QqumeevqzEqB1w0aA3wIx1bBcTKCUe0+Gt0=	\N	f	nicholsanthony@example.com	308 VN4	t	f	f	2025-04-15 14:50:44.138131+03	\N	\N	\N	f	\N	\N
1061	pbkdf2_sha256$870000$VpZcHaMK4Owy73BQcikjfP$8Sl+2l4XSVDAAhH7hyb+K64RpGhuYzoZ0nc6OpWXUYQ=	\N	f	kramirez@example.net	L 866534	t	f	f	2025-04-15 14:50:44.138131+03	\N	\N	\N	f	\N	\N
1062	pbkdf2_sha256$870000$kItx6GZ1o05Ul3bnE3RQKw$EAlHdhRH5x2uSe+p420dc+7E/2100OUzeFEsFTJvZq4=	\N	f	quinnaaron@example.org	283-552	t	f	f	2025-04-15 14:50:44.138131+03	\N	\N	\N	f	\N	\N
1063	pbkdf2_sha256$870000$8ePU54jT636fsOiWuiSUZZ$6b46J+wG+P3Vs5UFb44wzOypIsmsZKnGGS9JKSOFIAk=	\N	f	taylorcarolyn@example.net	KOP 508	t	f	f	2025-04-15 14:50:44.138131+03	\N	\N	\N	f	\N	\N
1064	pbkdf2_sha256$870000$gfrIIUIasM1YDH0mMIwro6$ogJdH7n1/klCHkmIc3Dy/gTr/3t/G1yrrDT9epUqzvo=	\N	f	xmiller@example.org	5XK 681	t	f	f	2025-04-15 14:50:44.138131+03	\N	\N	\N	f	\N	\N
1065	pbkdf2_sha256$870000$LBkcrsP5MrFA5GsJVZ35Hg$2BXRB8zJUm9FucQAYeXOeCXusaYNSZtJuA/wG57+tuY=	\N	f	xhorne@example.org	3357 RR	t	f	f	2025-04-15 14:50:44.138131+03	\N	\N	\N	f	\N	\N
1066	pbkdf2_sha256$870000$z1zw5XB1too3k4JJ1qAUBn$6Jukp+m2Vea+G4O7at+8kSRXPltjzQxLdcIWsvhL/cg=	\N	f	goldendwayne@example.net	MLM 401	t	f	f	2025-04-15 14:50:44.138131+03	\N	\N	\N	f	\N	\N
1067	pbkdf2_sha256$870000$kohJ5JKpd6Q3zW5ytCrHSm$Mwmms3QjqVxaGhTO9+T3suhm+iVVH2cg7mlW766u/dc=	\N	f	dlong@example.org	749 PAQ	t	f	f	2025-04-15 14:50:44.138131+03	\N	\N	\N	f	\N	\N
1068	pbkdf2_sha256$870000$VyHvpOeMlGe1SMJUE0IZ60$efIOqIvyPPlIZht4UHCZsPHTm2S1ad3qUEoakAdkO68=	\N	f	flowe@example.net	157 MMC	t	f	f	2025-04-15 14:50:44.138131+03	\N	\N	\N	f	\N	\N
1069	pbkdf2_sha256$870000$crvwhbou5Lh4FqIkzXnG76$ViMXLjyv8YQ+dDNTRnwWWj00p6rjFf1kWbmDL9RGZt0=	\N	f	markmartinez@example.com	5-51739Y	t	f	f	2025-04-15 14:50:44.138131+03	\N	\N	\N	f	\N	\N
1070	pbkdf2_sha256$870000$uExDTE3ro1v3o32ZtjCihf$WQhJZDA33qglk7+f4ViEdIP1BoZ0POiWR3cZ7sa7zxM=	\N	f	rball@example.org	373-XFZ	t	f	f	2025-04-15 14:50:44.138131+03	\N	\N	\N	f	\N	\N
1071	pbkdf2_sha256$870000$qyaKuifK1QoMDRSVP7oE2B$j9WPapVFfFO+zk03RUD8kH8HaT2Omh89K6nj62HM1ZE=	\N	f	nathaniel37@example.com	7OO 684	t	f	f	2025-04-15 14:50:44.138131+03	\N	\N	\N	f	\N	\N
1072	pbkdf2_sha256$870000$2Jeva5Rj5dDvjPwX0kTm60$Pd2EH605aFjhLNyOa7PCkT4evJrahryXYPwsa1Hoe8w=	\N	f	chelsea07@example.com	2KXS 46	t	f	f	2025-04-15 14:50:44.138131+03	\N	\N	\N	f	\N	\N
1073	pbkdf2_sha256$870000$8Odyz3JN5pDXFIqsjOBhvZ$RuaeSDDbbZRc1YgEGrLaFNH3/gHIl751wjD9lmm0OWc=	\N	f	ithomas@example.org	4UB Q82	t	f	f	2025-04-15 14:50:44.138131+03	\N	\N	\N	f	\N	\N
1074	pbkdf2_sha256$870000$MrlaOZDScieLIS28nG3jSF$kTbgeZoUWgMiE9gAR0NyUQEALnyGA7Vd800/Ixq8Tt4=	\N	f	john38@example.net	3G 7W1EGO	t	f	f	2025-04-15 14:50:44.138131+03	\N	\N	\N	f	\N	\N
1075	pbkdf2_sha256$870000$xPNd3E2I5e5iIcNy3LeFsw$170CxwmVI7UZYDN3RqWz59g+6C2hYItyFZBF7fKWlLs=	\N	f	whenson@example.org	ZGK 065	t	f	f	2025-04-15 14:50:44.138131+03	\N	\N	\N	f	\N	\N
1076	pbkdf2_sha256$870000$VnIMPi1qCG6p3j1CN2nCtQ$R4xE6bblUVaQbkuFswodueh1okM6z+cIcr+PC6RXflc=	\N	f	aaron93@example.org	266MHW	t	f	f	2025-04-15 14:50:44.138131+03	\N	\N	\N	f	\N	\N
1077	pbkdf2_sha256$870000$GjZ9bc8eOCEj7wFp3XtAvW$0M0fOKI4E7uT394/bhfBHEkJ+1deWyE2YO8XOXklYOk=	\N	f	erin32@example.org	F71 0KY	t	f	f	2025-04-15 14:50:44.138131+03	\N	\N	\N	f	\N	\N
1078	pbkdf2_sha256$870000$mwTAwJTL2JHYcOxONLjpAD$uaPyMwNTgNCXauV2edYIEag91egd7vISCedoi2VmCl4=	\N	f	elizabeth56@example.net	007 IN9	t	f	f	2025-04-15 14:50:44.138131+03	\N	\N	\N	f	\N	\N
1079	pbkdf2_sha256$870000$IZAptZpB5zW63aSisaeJoq$acGGHXdagzzDdq/MbvPg2CcLdTjpH7LwYb7cBz2O1VI=	\N	f	sbenjamin@example.net	BRN 054	t	f	f	2025-04-15 14:50:44.138131+03	\N	\N	\N	f	\N	\N
1080	pbkdf2_sha256$870000$jR4fPHBy1lK9FrJ6oJduVh$yB4VglNAw++KD7RLn7G1PmG4XwLhbrAoNtFZiBlvL1Q=	\N	f	jacobreed@example.net	95Y•104	t	f	f	2025-04-15 14:50:44.138131+03	\N	\N	\N	f	\N	\N
1081	pbkdf2_sha256$870000$iK6jyOlqeY4ZONMC6uvGjh$djMpLQNfHpe2ldEa4Wq4XumfPPK1Ey6sJo7putF1aN8=	\N	f	whitemichael@example.net	407RB	t	f	f	2025-04-15 14:50:44.138131+03	\N	\N	\N	f	\N	\N
1082	pbkdf2_sha256$870000$6tEFqPg94kIu6u1U9OLKOt$YQbQwNniFGYPYyntL4YQ3DkbRUky9P4PziVqAS8+HtA=	\N	f	willie71@example.net	135 SL7	t	f	f	2025-04-15 14:50:44.138131+03	\N	\N	\N	f	\N	\N
1083	pbkdf2_sha256$870000$CI2nblJ8IkPnBJELIMHGE8$nUapoXMh+t7hVMKpB4pnLozOqn/v8X92C5jmAoy0DEg=	\N	f	boylekenneth@example.net	482-TMV	t	f	f	2025-04-15 14:50:44.138131+03	\N	\N	\N	f	\N	\N
1084	pbkdf2_sha256$870000$v4yA1SGbqAzjTEVzcLz6DY$Xqulc+2pw0vxfBgv/TtcceEGoHzgCETTF+JzlgHCduc=	\N	f	michelle59@example.org	702-DVK	t	f	f	2025-04-15 14:50:44.138131+03	\N	\N	\N	f	\N	\N
1085	pbkdf2_sha256$870000$2oPW3BJCr2OOSTQXAP5R5o$QC/bbIDbwfC4kF7eg3WUVY/6P/WMsqmZMYdqqcm9FKM=	\N	f	anna26@example.com	YAF H86	t	f	f	2025-04-15 14:50:44.138131+03	\N	\N	\N	f	\N	\N
1086	pbkdf2_sha256$870000$ZNfEGnFJkWTQfneESsCbQe$coGSBNXWTQpH5Qffv9wAYtF1oZKrwfF3eA3IYTnD/bU=	\N	f	huynhnatasha@example.org	QBA-7762	t	f	f	2025-04-15 14:50:44.138131+03	\N	\N	\N	f	\N	\N
1087	pbkdf2_sha256$870000$M0mXSU1pejQ8XD6zykdlIP$CkDWBkI1UIxwBMwi3DFHOpVpD3RZpajowYORbp3+DbY=	\N	f	burtonfelicia@example.net	TPU 355	t	f	f	2025-04-15 14:50:44.138131+03	\N	\N	\N	f	\N	\N
1088	pbkdf2_sha256$870000$nUVHHtOxGeP80N8EKIminZ$hGZAsSmoIodjQMstw8WMBNpXb0+932qw9VlBjbaRWGw=	\N	f	tgriffin@example.net	868I	t	f	f	2025-04-15 14:50:44.138131+03	\N	\N	\N	f	\N	\N
1089	pbkdf2_sha256$870000$Bxw6NeCn6oUskwqqaTA8Il$npZmwgd9yORRdFTlP9YOrtSvzaMB5d7O4UoK6jKuKAk=	\N	f	heather96@example.org	581 UXI	t	f	f	2025-04-15 14:50:44.138131+03	\N	\N	\N	f	\N	\N
1090	pbkdf2_sha256$870000$xrwbTViO1ULXuHDmGWcLUn$E1pY6CXuYL5lcfqNqES+8BEdi4ZTZJUFYwPeq9HZ/a8=	\N	f	randybarker@example.org	8L 7Q0CAW	t	f	f	2025-04-15 14:50:44.138131+03	\N	\N	\N	f	\N	\N
1091	pbkdf2_sha256$870000$LUmvCOVNjVjouCuxa44qO1$nJHGR5mEf9bS4UGAxCFJAAK5NIXLvb6wq+PSyxGYwpo=	\N	f	amber93@example.net	5SK 042	t	f	f	2025-04-15 14:50:44.138131+03	\N	\N	\N	f	\N	\N
1092	pbkdf2_sha256$870000$FSyVAGznBfm0jLzrlRsnTs$YWEwOCC6OWbU7HtSCT57ERJOy7W7LXCqOoox3vDlWMk=	\N	f	amylambert@example.com	U48 7BR	t	f	f	2025-04-15 14:50:44.138131+03	\N	\N	\N	f	\N	\N
1093	pbkdf2_sha256$870000$prR4QQbg5Q6SJNH9lk22qE$Ap+Yv3AXKkD/jD/xDR7peYZnGvm3VN+mp04oYuMZwo4=	\N	f	james24@example.org	I58 1FY	t	f	f	2025-04-15 14:50:44.138131+03	\N	\N	\N	f	\N	\N
1094	pbkdf2_sha256$870000$j6wInXmTs5ADOtmu8xGNol$RET92KjfXHYoJ8p/xEssjp/g5Va+gKUnlAFseNffckU=	\N	f	kyle88@example.com	99L 6101	t	f	f	2025-04-15 14:50:44.138131+03	\N	\N	\N	f	\N	\N
1095	pbkdf2_sha256$870000$MibaPYsefXCttp93yUwIk7$YPWqiojtHCzY2Tq5E4hVYWX3ZarcVwIs62/acAAH6bE=	\N	f	christopherlewis@example.com	475-UHQ	t	f	f	2025-04-15 14:50:44.138131+03	\N	\N	\N	f	\N	\N
1096	pbkdf2_sha256$870000$6rvsABzJ3ug0KHiMInB53C$VWw3ZJHoRwwloYZD8K2fip6FZmf0hVn3vK799LN2i9o=	\N	f	stewartchristopher@example.net	944 4778	t	f	f	2025-04-15 14:50:44.138131+03	\N	\N	\N	f	\N	\N
1097	pbkdf2_sha256$870000$6kfY2K3AKFKotPqf3kU5hS$sI7JUUJJTVLeu9X22en+zymO0j1cZvO/LHS32scmxHs=	\N	f	ricetina@example.com	HCR 059	t	f	f	2025-04-15 14:50:44.138131+03	\N	\N	\N	f	\N	\N
1098	pbkdf2_sha256$870000$0FrhUfifUKaIz4VcPMW5fH$tHuA0UiemzuozzpKFx4SRbJ6nR7IQEGQ8kJ4njyVE1k=	\N	f	wlee@example.org	78-47970	t	f	f	2025-04-15 14:50:44.138131+03	\N	\N	\N	f	\N	\N
1099	pbkdf2_sha256$870000$cUYxsFRmzQaiuN3OW7AvGK$r/AiFyun0PMgfFyCpHZlA8PMuZJZ40KtOsqi9k2UkmM=	\N	f	wwarren@example.org	9GF M91	t	f	f	2025-04-15 14:50:44.138131+03	\N	\N	\N	f	\N	\N
1100	pbkdf2_sha256$870000$3jIDIqzw7gnQ7tR5UvGH8T$K9iVPqf4egNxxqboKeXOdB1RVcqJoVDu0ZQn8CptPTY=	\N	f	henryjoseph@example.org	0-Z6461	t	f	f	2025-04-15 14:50:44.138131+03	\N	\N	\N	f	\N	\N
1101	pbkdf2_sha256$870000$MZqS69FGE91hROTgQWlyM2$g4hP1WTIWsul+Y2ad2XgndoFQae4+qB1mFuShMuEd6Y=	\N	f	qbrown@example.org	0HK 891	t	f	f	2025-04-15 14:50:44.138131+03	\N	\N	\N	f	\N	\N
1102	pbkdf2_sha256$870000$pxU2qwazWF03JE4spLa5lE$nw/j8gi+tGJKL1Z9B6qGKtMEDdpwROF/q67m4r+FJGk=	\N	f	skaufman@example.org	338 4LT	t	f	f	2025-04-15 14:50:44.138131+03	\N	\N	\N	f	\N	\N
1103	pbkdf2_sha256$870000$bsoGrcgLwSqIP7kKJiwxHL$b5mTHOwfyvFIIkdyCvoTUmUvrZUIrMhvl2OMXJg/oOs=	\N	f	aholmes@example.net	647M1	t	f	f	2025-04-15 14:50:44.138131+03	\N	\N	\N	f	\N	\N
1104	pbkdf2_sha256$870000$GArMMZM83Ka94APcf3z9Bo$uo6vJ6m1d+7f98hjCCP19P82zHe/ODugp2ekSvHZdPM=	\N	f	scottsarah@example.com	XU-0172	t	f	f	2025-04-15 14:50:44.138131+03	\N	\N	\N	f	\N	\N
1105	pbkdf2_sha256$870000$x0gXsILHJAbKp8K2H5uFVm$DXIV3XO1iDusKN7JCWzridaE7898G2Qf6NwNqW/E3o4=	\N	f	ahaynes@example.com	5LD T09	t	f	f	2025-04-15 14:50:44.138131+03	\N	\N	\N	f	\N	\N
1106	pbkdf2_sha256$870000$z0O63sqosG3O6jM40SGCT5$BLQPhoaiT9jTEDiJzZ/T8u1wXGLZRWT4ByQvA9mqv1U=	\N	f	zmorrow@example.com	WRN9666	t	f	f	2025-04-15 14:50:44.138131+03	\N	\N	\N	f	\N	\N
1107	pbkdf2_sha256$870000$sYlAoKlNYmjbvsrhhVBOJd$9CYd7UdeV/XiXpeKp55IrHqpQIkyRwEXKtz9JgzKg8w=	\N	f	qsmith@example.net	905QEK	t	f	f	2025-04-15 14:50:44.138131+03	\N	\N	\N	f	\N	\N
1108	pbkdf2_sha256$870000$XtpYHNfhhFgUAzFfqsYjnC$8eWiNc2DRfqHYp2uUm/JT9cboetqPHd19eEHsI1d0Fo=	\N	f	ericward@example.com	PWB-817	t	f	f	2025-04-15 14:50:44.138131+03	\N	\N	\N	f	\N	\N
1109	pbkdf2_sha256$870000$LDuxr1AvUNUYCvhtCbJwjV$EruqA+Q11KfevWeZiMvaHvKHHV29MuPgSbmJWl7UD74=	\N	f	lawsonmargaret@example.net	2QIX 03	t	f	f	2025-04-15 14:50:44.138131+03	\N	\N	\N	f	\N	\N
1110	pbkdf2_sha256$870000$SzPHv7EvUMTurtQXLuIa8j$FFF3wfA9iSqL8m2FBYLHmpX8oPpjucNY3tfyWZYA3SY=	\N	f	davidsonchad@example.net	15L C52	t	f	f	2025-04-15 14:50:44.138131+03	\N	\N	\N	f	\N	\N
1111	pbkdf2_sha256$870000$ccHQoMJXmc2QYMeKV9eKck$5U0rQ5Sg6/4qyzF3f/lLrk7vcJ9FcqIPtUrK5Y2c+tw=	\N	f	richardjared@example.net	NX7 2035	t	f	f	2025-04-15 14:50:44.138131+03	\N	\N	\N	f	\N	\N
1112	pbkdf2_sha256$870000$SgZRnhbye0zYTDd7Gg4p4P$53Vgps1kwpAHGf8g1SaXSuhj1DN4ye+K+qjJMWOa2CQ=	\N	f	johnsonjames@example.com	AC2 B2X	t	f	f	2025-04-15 14:50:44.138131+03	\N	\N	\N	f	\N	\N
1113	pbkdf2_sha256$870000$JNhlmuYH02mpdLI0eHHARy$WRo7A3Sc70MnLN5lRAdrp1b9GF1bvS0H7+NCHEQcjpM=	\N	f	mark93@example.org	2-81808	t	f	f	2025-04-15 14:50:44.138131+03	\N	\N	\N	f	\N	\N
1114	pbkdf2_sha256$870000$oW1eXcuLNz16GGRadQjHfn$LX8rS44UVPl8KzGMVVCLWFymtoIM/7oLD6cTSTXL9bI=	\N	f	whitejustin@example.org	SRF-8891	t	f	f	2025-04-15 14:50:44.138131+03	\N	\N	\N	f	\N	\N
1115	pbkdf2_sha256$870000$ARViKJRooNiafWofqgnUVK$UlzBq5XV15ejuAUVOuFFk5dlt50gTV68dOt7RaiyGAc=	\N	f	lance24@example.com	TVD 316	t	f	f	2025-04-15 14:50:44.138131+03	\N	\N	\N	f	\N	\N
1116	pbkdf2_sha256$870000$fnDd7ssGVSgD1CLquircP7$vLI7dMxbpMWDB+h/bxMbKdFJi+avaMw/ajQ/k899H3g=	\N	f	fjohnson@example.com	537 XQ4	t	f	f	2025-04-15 14:50:44.138131+03	\N	\N	\N	f	\N	\N
1117	pbkdf2_sha256$870000$EcE3fcDNkP434CpVdZ3ROq$gjWluPS8XT0SbYcQ6TbSMOuxsDautWc+toa7qvwEIrU=	\N	f	msmith@example.net	QWA-5278	t	f	f	2025-04-15 14:50:44.138131+03	\N	\N	\N	f	\N	\N
1118	pbkdf2_sha256$870000$JSGH9aO5oFTwE0CnoQzmEX$DR/tBTWM8bESdF8qEaDChPLHh9Ykc/z4Fwp2cHzgII8=	\N	f	smithandrew@example.com	842 RJU	t	f	f	2025-04-15 14:50:44.138131+03	\N	\N	\N	f	\N	\N
1119	pbkdf2_sha256$870000$8EhLkflWgPTJrXLRQEYDIw$EvTvmMOjaHJ1GKVjaIZjFF1D6KAD+G/PcCCf7DRDjpI=	\N	f	karencox@example.net	RIO 951	t	f	f	2025-04-15 14:50:44.138131+03	\N	\N	\N	f	\N	\N
1120	pbkdf2_sha256$870000$zsQk0N9u8FbRzvSZWA7OwJ$Oz500V3EUaox9bp7tnYfHDOJKA1Lx8ui5ia8ilRPEd4=	\N	f	chrisstewart@example.org	XNU2844	t	f	f	2025-04-15 14:50:44.138131+03	\N	\N	\N	f	\N	\N
1121	pbkdf2_sha256$870000$7fAz1pCumTko53PXhvhDvo$RYXxBcuRv6yWzbkEPwF3PfEsxwfEsAp7f5lvamN/ZgQ=	\N	f	kararuiz@example.com	122-PHAJ	t	f	f	2025-04-15 14:50:44.138131+03	\N	\N	\N	f	\N	\N
1122	pbkdf2_sha256$870000$oX6BaLlLyI8OIQTNr4Thsj$WL6x6JS9CWVkVTeIUQQRgZJb1yO/e1DOn63AsRuupyg=	\N	f	tiffanyharris@example.net	C61 2DJ	t	f	f	2025-04-15 14:50:44.138131+03	\N	\N	\N	f	\N	\N
1123	pbkdf2_sha256$870000$FkUZOBrczbDfzmyUREgapf$bkFmVwr00VMXP8pT+5BdP3GTP73PojEtbWbQa9c13Os=	\N	f	okeith@example.net	SKE Q87	t	f	f	2025-04-15 14:50:44.138131+03	\N	\N	\N	f	\N	\N
1124	pbkdf2_sha256$870000$iuBHUQK6YTK3kUdb14Z4EC$o93xLQm9JPpJXPTIlLnh8evYhlxsAGEA91mcPmT/uuA=	\N	f	allison80@example.com	81F C45	t	f	f	2025-04-15 14:50:44.138131+03	\N	\N	\N	f	\N	\N
1125	pbkdf2_sha256$870000$zS86I3TlvQ5RZGlm95xqhG$w0RSmbaWugaXnFcah8CKdbY+Q9S/DvcY9Wo07fcZqbk=	\N	f	jenniferlamb@example.com	94-W562	t	f	f	2025-04-15 14:50:44.138131+03	\N	\N	\N	f	\N	\N
1126	pbkdf2_sha256$870000$UP6rgj8mRGAdZ9PtauY4N7$wKEXJwlqaaNN5hQeI/6uBzqk/mnPIjWTfba0N+DLnkg=	\N	f	burnsanthony@example.net	212 HRX	t	f	f	2025-04-15 14:50:44.138131+03	\N	\N	\N	f	\N	\N
1127	pbkdf2_sha256$870000$oTvDLrLTHlczSO9VhQRe5C$XvBcSz5pMSugK9yDX5dJ5VORoSGbRFIQgfZdFzAHsNo=	\N	f	raymond35@example.org	ZWW 095	t	f	f	2025-04-15 14:50:44.138131+03	\N	\N	\N	f	\N	\N
1128	pbkdf2_sha256$870000$RDlFOv3JVeGO0kUCb7JN0B$95mnIun83iW7oIJG7QVwj4UyKLXpIDXgjYpGOm3fgDE=	\N	f	nancy55@example.com	0N004	t	f	f	2025-04-15 14:50:44.138131+03	\N	\N	\N	f	\N	\N
1129	pbkdf2_sha256$870000$zmsZlTx97ecmX1QPz4MYcO$HGTR9NT2X3IXmtA4Ob0ZhzexeNgtgvNPj1jytj4xv3o=	\N	f	jamessoto@example.org	55D 2008	t	f	f	2025-04-15 14:50:44.138131+03	\N	\N	\N	f	\N	\N
1130	pbkdf2_sha256$870000$xkyiE4ondOIRk4PkFtyQVM$tZXAO4RfX3SjTRX5kgKSyNbfzGZ6d0+54KvE3rmHt2s=	\N	f	yhester@example.net	943 GOS	t	f	f	2025-04-15 14:50:44.138131+03	\N	\N	\N	f	\N	\N
1131	pbkdf2_sha256$870000$IwzAPWBz5Qo19q71QDEMed$Yi7GNgaiHnwRBhJLKKWYhlnOiEJOFfn+tPI2t4alC5s=	\N	f	cvelasquez@example.com	722 YAW	t	f	f	2025-04-15 14:50:44.138131+03	\N	\N	\N	f	\N	\N
1132	pbkdf2_sha256$870000$NgK2mHgdyNIktwHarEjmoB$P+ovQo9vQKapsqUJkH5KuWgEWbnStENHECfC5T8JXpw=	\N	f	brendarodriguez@example.net	L92 0UW	t	f	f	2025-04-15 14:50:44.138131+03	\N	\N	\N	f	\N	\N
1133	pbkdf2_sha256$870000$QHAUC2OGZrYQWkEYkQQF94$U7EOk7XZzxNCWbwboOuyqy6ZorO66EdATeGy3FgoKRA=	\N	f	sara97@example.com	GYO 580	t	f	f	2025-04-15 14:50:44.138131+03	\N	\N	\N	f	\N	\N
1134	pbkdf2_sha256$870000$2djL4ifYEBLeqP3k8GdBh8$kqRI9tI1WfbVAon3K+ozAhsm2cPiy8fRtigT4FiVMPg=	\N	f	patriciabrown@example.org	426-FFWY	t	f	f	2025-04-15 14:50:44.138131+03	\N	\N	\N	f	\N	\N
1135	pbkdf2_sha256$870000$gtyEi2RC6tPxK5QQkgFThp$EJUjRj+2vAr7+pEqfpZIf7KYY27vlrnRTf468ebbaNQ=	\N	f	vanessa06@example.com	1V AN287	t	f	f	2025-04-15 14:50:44.138131+03	\N	\N	\N	f	\N	\N
1136	pbkdf2_sha256$870000$lViNoicUTGa4p1Jkjr9fPJ$2qvQ1DBhXZq1MO61hpzHoYqS2UlQG2+n4rn12r12ePU=	\N	f	fgibson@example.com	LLF 561	t	f	f	2025-04-15 14:50:44.138131+03	\N	\N	\N	f	\N	\N
1137	pbkdf2_sha256$870000$3RxJ1UciPx9ZNpHcLHf7Ms$EthIfSN3HJ3YueEDe0N78zRjPVt8LafLVOXsQVLX+zQ=	\N	f	jenniferfoster@example.org	BLX9931	t	f	f	2025-04-15 14:50:44.138131+03	\N	\N	\N	f	\N	\N
1138	pbkdf2_sha256$870000$gcRRkSuN9UYfifRYHFCoFN$8DfE4hs7wc/FWpWPRlTDzg9hBuu2tlS/ygjS2Q3paFE=	\N	f	koconnor@example.com	QQM 433	t	f	f	2025-04-15 14:50:44.138131+03	\N	\N	\N	f	\N	\N
1139	pbkdf2_sha256$870000$q437htQQcJoGH3nOeoOKS0$/Ptb3aAbkwtqBm/2JncTOKTtHfNguy8NzS9wioKPyqU=	\N	f	stacyramirez@example.com	BEN 451	t	f	f	2025-04-15 14:50:44.138131+03	\N	\N	\N	f	\N	\N
1140	pbkdf2_sha256$870000$UuYgzLIxMFALgG20w2MDK1$wOJX3h7lF7q+BL3Q+7rXO/1A7/3PfdUhFYcgNv52owo=	\N	f	wwilson@example.net	75KR3	t	f	f	2025-04-15 14:50:44.138131+03	\N	\N	\N	f	\N	\N
1141	pbkdf2_sha256$870000$dO0c9juhIvtY9NccaDI3TV$zkCXaxqp6ELWsSLzgEbH11umruLyAy++n5X1PnOf6cY=	\N	f	calvin82@example.org	593 7BL	t	f	f	2025-04-15 14:50:44.138131+03	\N	\N	\N	f	\N	\N
1142	pbkdf2_sha256$870000$RFrcF7WL2uUMYf5QCJtkjJ$w2xqkeOML6X54mrYSrK4d57i2H4e1+wp4HojUQ91b48=	\N	f	npearson@example.net	BY 86807	t	f	f	2025-04-15 14:50:44.138131+03	\N	\N	\N	f	\N	\N
1143	pbkdf2_sha256$870000$PGw28AcRuPhqqSorLvfNKv$4ZKuyNiUZJTxnCuldIO4WbmtGqcq81gq62Cal3eWBDY=	\N	f	diazgerald@example.com	CZ3 7792	t	f	f	2025-04-15 14:50:44.138131+03	\N	\N	\N	f	\N	\N
1144	pbkdf2_sha256$870000$sUrfcpdGFvT4iPNGyIZux1$mUt0HaNtCqBHm/0mJKwbNQNsHHPCphpo654wUnX2WiM=	\N	f	jill43@example.org	62-52007	t	f	f	2025-04-15 14:50:44.138131+03	\N	\N	\N	f	\N	\N
1145	pbkdf2_sha256$870000$k3W1z4JUTytyq0vjdiQGac$PvbGrcqnJydSrwSTBIWLS6RR5gR/5EJUQVRj9Qc+w/s=	\N	f	moonkristen@example.net	9JX 652	t	f	f	2025-04-15 14:50:44.138131+03	\N	\N	\N	f	\N	\N
1146	pbkdf2_sha256$870000$LQJDlLfE8O405EuZUx40j8$cAQvGb2QdgGvJDrh/J7H/CppEbRNAZglPy7qlLxxMsQ=	\N	f	fstewart@example.org	736 5DF	t	f	f	2025-04-15 14:50:44.138131+03	\N	\N	\N	f	\N	\N
1147	pbkdf2_sha256$870000$u4oTigJ95DYRocAs6ZPGEu$aEnphocNVo06v2lwgOb6FOtq4Nr5Xu7cLj3l5AAVOhQ=	\N	f	benjamin39@example.org	RVK 306	t	f	f	2025-04-15 14:50:44.138131+03	\N	\N	\N	f	\N	\N
1148	pbkdf2_sha256$870000$kFTXwVIbvbupLzPlPlheiV$XcqBn9MISYvBpMe9NQaX3FipYMiq+kTfvhS/CDIRTf8=	\N	f	mendozajennifer@example.com	814 DUV	t	f	f	2025-04-15 14:50:44.138131+03	\N	\N	\N	f	\N	\N
1149	pbkdf2_sha256$870000$9FtFPLjukUUyGMwSI9SC4B$XuBpqp0gkwjHMMmKNZIglfY5k1hO25SSsXrGn+ScaX0=	\N	f	rhodeskevin@example.net	M28-MDI	t	f	f	2025-04-15 14:50:44.138131+03	\N	\N	\N	f	\N	\N
1150	pbkdf2_sha256$870000$TEr2NTIFLfqIj7RK9YB9e1$jS8+5LSW7SrsRVhdd16rGZacvq3zZnmZUROxhDHBH2Q=	\N	f	rachel45@example.org	777 UZU	t	f	f	2025-04-15 14:50:44.138131+03	\N	\N	\N	f	\N	\N
1151	pbkdf2_sha256$870000$3kAWqGipQIIYrQuj1awNFB$hO4CJDZ95n0v6D8NCqsP1hkJ4SpVbyR01oP+Oo6uUrU=	\N	f	robinlopez@example.com	309 MST	t	f	f	2025-04-15 14:50:44.138131+03	\N	\N	\N	f	\N	\N
1152	pbkdf2_sha256$870000$t7jSVCHIM2W0fR5TWQ7acR$bAUK2f3oYn8bCt7UhLSViIZYKodkBgQRcaGmVHgeqZg=	\N	f	craig82@example.net	9IH9777	t	f	f	2025-04-15 14:50:44.138131+03	\N	\N	\N	f	\N	\N
1153	pbkdf2_sha256$870000$6gtZuwDxsVeun9RPoySxSP$KWzm+fYxRhHhSV87rgsxKndvFNpydkbm4u93ej1ZUpU=	\N	f	hardymark@example.org	FRD-3820	t	f	f	2025-04-15 14:50:44.138131+03	\N	\N	\N	f	\N	\N
1154	pbkdf2_sha256$870000$07OpmxZtyArfk2mKq7vIP3$IHTDtbZGlD1AiNaIhmtcCDPQJEqfVOuPx4AgIqYoUss=	\N	f	adamsamy@example.org	EJ2 6104	t	f	f	2025-04-15 14:50:44.138131+03	\N	\N	\N	f	\N	\N
1155	pbkdf2_sha256$870000$GYSeoYL6Nd3BBBW7OeJuhP$9+r6Rs99JcyWOikG8So5HE2kPwTmyhdjUNCqs644tb4=	\N	f	clarkdenise@example.org	ROQ 771	t	f	f	2025-04-15 14:50:44.138131+03	\N	\N	\N	f	\N	\N
1156	pbkdf2_sha256$870000$OYLF9MMfMWDTFHXsxwjB7d$K0W8v+cgFXMlIPSI7AjBTtd6NKUSV6kbT1H7hCHAeYo=	\N	f	macdonaldcarlos@example.com	HTX 632	t	f	f	2025-04-15 14:50:44.138131+03	\N	\N	\N	f	\N	\N
1157	pbkdf2_sha256$870000$ouT8KMooiMylVTsBqkUVCQ$d4/pjDPTxu62ZDfYzIX+aP54SDroRErQ/hVXQ9fketY=	\N	f	aaronhoward@example.net	6B 5R0SEA	t	f	f	2025-04-15 14:50:44.138131+03	\N	\N	\N	f	\N	\N
1158	pbkdf2_sha256$870000$TLVwNpsjne71ZhU6bSAp3W$16KUZWxVOpwNkWm3ZQRVIFgW4NfajaONy9Az3VSAwFs=	\N	f	christina03@example.org	645NWP	t	f	f	2025-04-15 14:50:44.138131+03	\N	\N	\N	f	\N	\N
1159	pbkdf2_sha256$870000$zOLOEyXRjQxayapdD9Ob27$w9i5od02mOZyYcZGQFDRoWUmH4JvtEQuXQa+siQflm4=	\N	f	bauerkristen@example.net	VTZ-485	t	f	f	2025-04-15 14:50:44.138131+03	\N	\N	\N	f	\N	\N
1160	pbkdf2_sha256$870000$nzfQ9gqHCxxUtnUXl4Fazk$LDDtIGGweMIO+RiB6XO8zhm27MYUcACXxe3a14k63lg=	\N	f	tylerjohnson@example.net	TAB 388	t	f	f	2025-04-15 14:50:44.138131+03	\N	\N	\N	f	\N	\N
1161	pbkdf2_sha256$870000$uOQsDQhzkBMChnw41AihtS$axJHFAqnaOXASW/0OaxGCh4y04Vovgv5jbE4x954Ovg=	\N	f	jared02@example.org	XTS 839	t	f	f	2025-04-15 14:50:44.138131+03	\N	\N	\N	f	\N	\N
1162	pbkdf2_sha256$870000$Mwlh4NPCozBr5oZiWJZSxk$wz73WQkpV6IJ2UMLyM2+odorc1vB3wbyRK/sx1LKvPk=	\N	f	laurenmills@example.com	854 9NB	t	f	f	2025-04-15 14:50:44.138131+03	\N	\N	\N	f	\N	\N
1163	pbkdf2_sha256$870000$zO56i7B2O8Q1BIDzuxwUwF$VMSyqF1oViWi3/6dDkuA5NTClHj6wwX0HNT9bA0maPo=	\N	f	cooleyjessica@example.net	ZAQ 8631	t	f	f	2025-04-15 14:50:44.138131+03	\N	\N	\N	f	\N	\N
1164	pbkdf2_sha256$870000$6IkKX1wL9wAhzmxXa0s0uq$tg7AHOuB05M/n5sG4xldlY1OYkN5G29TLcRZysstdbI=	\N	f	delacruzkelly@example.com	867ZOA	t	f	f	2025-04-15 14:50:44.138131+03	\N	\N	\N	f	\N	\N
1165	pbkdf2_sha256$870000$FtTogQwSPgeTKybtiL2yJf$1+kBEvYafblMLCr5nqNVId094e/HQ2YB7ZMgo132yCE=	\N	f	colleensullivan@example.com	255487	t	f	f	2025-04-15 14:50:44.138131+03	\N	\N	\N	f	\N	\N
1166	pbkdf2_sha256$870000$cYGYMPaVeBjQCjTysRtVN4$naaHTAbNKf6q4MyMxVJ/D7OpBiLJLxglvRUP3OroKWE=	\N	f	kevin46@example.net	NTF-6391	t	f	f	2025-04-15 14:50:44.138131+03	\N	\N	\N	f	\N	\N
1167	pbkdf2_sha256$870000$SypA2mq2eXrZuYF5uLaPSw$BRnzAkJ74Oo2xnzzziwZR0Y4GKM33OWUOZji+2iI/p8=	\N	f	victoriakemp@example.com	KKH 306	t	f	f	2025-04-15 14:50:44.138131+03	\N	\N	\N	f	\N	\N
1168	pbkdf2_sha256$870000$7YFW1dBzjzAdfOFKFnmuEG$jFc62MpqCKTeea+4BLqf0UYOUNDVDIgey1kTsND1kjo=	\N	f	christian09@example.com	97R•792	t	f	f	2025-04-15 14:50:44.138131+03	\N	\N	\N	f	\N	\N
1169	pbkdf2_sha256$870000$ZQ1VZUxcLvn5dDdlcDyE6v$82X5VDXxBZODVkJl16yzmHdBvulJJwwMOzIEMpiXY90=	\N	f	laura46@example.net	TUV 941	t	f	f	2025-04-15 14:50:44.138131+03	\N	\N	\N	f	\N	\N
1170	pbkdf2_sha256$870000$s01ICCyQCjKfanUu0Z5Oo8$nJvEoOygWC76pewE96TlGHRD0+WiLX+hPQawWgvqVvs=	\N	f	croberts@example.net	9-2378J	t	f	f	2025-04-15 14:50:44.138131+03	\N	\N	\N	f	\N	\N
1171	pbkdf2_sha256$870000$YLHCITzxx8BH1UFCnxYSbd$L7kaX5pWf/1OaYHzWiHAw+wdJhSdmBzBHfmwx0rHF5E=	\N	f	maurice58@example.net	36P 4123	t	f	f	2025-04-15 14:50:44.138131+03	\N	\N	\N	f	\N	\N
1172	pbkdf2_sha256$870000$3KWieqO6x7Q28QABMYltTC$C1VW42Nz4zGW5z2wmZcyMhFkoeWmTUUjhyr56Bwmp18=	\N	f	michael23@example.org	MXW3930	t	f	f	2025-04-15 14:50:44.138131+03	\N	\N	\N	f	\N	\N
1173	pbkdf2_sha256$870000$YrtqANJA12AkWSfZ6xmTfA$Z8qmWin+OqkdcdG0DNHhf2LIw/gim0XDQQQgh303Gq4=	\N	f	dylan03@example.net	4S 7806V	t	f	f	2025-04-15 14:50:44.138131+03	\N	\N	\N	f	\N	\N
1174	pbkdf2_sha256$870000$d0CKyoxdHh9pFoGO0Dni0T$FqW7QNlOjzKEZb5PS7LnjIwauP/Mu0yvMBI1+gLaNsc=	\N	f	paul65@example.com	6BP 615	t	f	f	2025-04-15 14:50:44.138131+03	\N	\N	\N	f	\N	\N
1175	pbkdf2_sha256$870000$H582nnvdUYVyTY7N0mFWWZ$6ybfB4Q3dgmLaPKfpjupQpSeFRFbmjtfZLTax0zToKY=	\N	f	harrisaaron@example.com	Z60-75D	t	f	f	2025-04-15 14:50:44.138131+03	\N	\N	\N	f	\N	\N
1176	pbkdf2_sha256$870000$RAC87DN8cEZlu7nP7LKdWY$XRB/3lS3wIdhHWFEzH+jEj7zbtYkphh8YRTTNwLR/2I=	\N	f	butlerrichard@example.com	YE4 7224	t	f	f	2025-04-15 14:50:44.138131+03	\N	\N	\N	f	\N	\N
1177	pbkdf2_sha256$870000$mOwomEYOCTrRxd9vx3t4KS$zCG0G1G68FRTkBSYGf3HoSxuOqkfVTI/l8LaG48bbO4=	\N	f	walter52@example.net	3HA 669	t	f	f	2025-04-15 14:50:44.138131+03	\N	\N	\N	f	\N	\N
1178	pbkdf2_sha256$870000$iUE7sINpDSNCrNnIjAsPyg$WVe9TAMZee6T2kYUaLK5ciQwm5uR1D9oqs1RFZQ2XDk=	\N	f	waltersbrandi@example.com	287 PSG	t	f	f	2025-04-15 14:50:44.138131+03	\N	\N	\N	f	\N	\N
1179	pbkdf2_sha256$870000$kUSfU3MElB4gasF9nWuZXM$Vd2jV9+ho6EfZVMH+44IXUlnQ9AyCa5zsPO9sc7TSHw=	\N	f	sandra74@example.org	38I 105	t	f	f	2025-04-15 14:50:44.138131+03	\N	\N	\N	f	\N	\N
1180	pbkdf2_sha256$870000$z7pM5hywnNXHCPMou7U4hV$OvXzx47YNsOtc3XcX+QQmmvJ/iy6aRlERNMfDPA0clo=	\N	f	khall@example.com	JLL 153	t	f	f	2025-04-15 14:50:44.138131+03	\N	\N	\N	f	\N	\N
1181	pbkdf2_sha256$870000$JmhFpteWpoY1hPBMKt0SH0$pLr2PSptOespO5loSb0Y4as5ZJxldNGhjqwvubEzyNo=	\N	f	benjaminclark@example.net	23A WL2	t	f	f	2025-04-15 14:50:44.138131+03	\N	\N	\N	f	\N	\N
1182	pbkdf2_sha256$870000$fRMB9db0YK6Zs3MEywNwoF$sPmfksdHgrEufBwNQpEfmzfqyBJrsmIsYASIFNJGT7I=	\N	f	jenniferburch@example.com	990 HDG	t	f	f	2025-04-15 14:50:44.138131+03	\N	\N	\N	f	\N	\N
1183	pbkdf2_sha256$870000$G4jL3hsA4m5MojfoF3fgS3$W9QZmt0kiVcCZBO6YkO1XaVfDwr95oMPgOoVIJsNa9E=	\N	f	roy91@example.net	AL 32670	t	f	f	2025-04-15 14:50:44.138131+03	\N	\N	\N	f	\N	\N
1184	pbkdf2_sha256$870000$P7OTs4YW5gEOpAa3Mb0qTG$Be4CEB/mBYdugdoHEjNYMTkWbSWuA9kpvbeVuFTHK1c=	\N	f	carly80@example.org	3YS X81	t	f	f	2025-04-15 14:50:44.138131+03	\N	\N	\N	f	\N	\N
1185	pbkdf2_sha256$870000$1dBxyekwQRvaLVGxYv5hsa$QFsl1zdSG/f4o0lDGEWKKuYcygKY/fLdfq+td63MpmE=	\N	f	johnsonchristopher@example.org	BJ5 C7A	t	f	f	2025-04-15 14:50:44.138131+03	\N	\N	\N	f	\N	\N
1186	pbkdf2_sha256$870000$IiJRmQ33lyXWtvZHoVXe8U$eKhAwePf7pcc0TtpSR9fcmrMG7yERrhanVKnuZLSQmE=	\N	f	aaronbarron@example.net	ERB 408	t	f	f	2025-04-15 14:50:44.138131+03	\N	\N	\N	f	\N	\N
1187	pbkdf2_sha256$870000$kFIKHv4KZtyAa9R1bMdA6o$EoCpZHyZ/gAjBpGwFeEXgyidEwSjEP9MMNLbtbMz9Pg=	\N	f	johnsonrussell@example.com	415-DMI	t	f	f	2025-04-15 14:50:44.138131+03	\N	\N	\N	f	\N	\N
1188	pbkdf2_sha256$870000$xj8G0NlWl6CR4juhm0ld4w$feezbqpL+uFGLT99iXz/xh4PVXMfg0Wvk3TU0aO6CzM=	\N	f	laurenwhite@example.net	9QM H03	t	f	f	2025-04-15 14:50:44.138131+03	\N	\N	\N	f	\N	\N
1189	pbkdf2_sha256$870000$bjZApeLJ3DiiuUO5OO70fs$I6clYdVAp9CCqrdAK+VqXS+1a9ZaivZWhU4AKG12Fc4=	\N	f	patricknorton@example.com	845 IHJ	t	f	f	2025-04-15 14:50:44.138131+03	\N	\N	\N	f	\N	\N
1190	pbkdf2_sha256$870000$JlcarupUJvQ2YoK2A4sQcW$/mZMG0rj7cW1q1Hdex1AADFRVh3UJnK2CAKCuAsXXTA=	\N	f	gjohnson@example.net	4-69563P	t	f	f	2025-04-15 14:50:44.138131+03	\N	\N	\N	f	\N	\N
1191	pbkdf2_sha256$870000$UiDpL1RhhaTsJzlr6tORjK$eXUn2GSbQnX/Z76XmN95DGvQOGrEI3zsvpHZN8TJdwA=	\N	f	keysara@example.com	DPD-4612	t	f	f	2025-04-15 14:50:44.138131+03	\N	\N	\N	f	\N	\N
1192	pbkdf2_sha256$870000$Fpl0l6xzDovVbPwQo6AtCu$DHylqvAGQ9KO2rP0JaeEBq5TvBWuHNGMKUHNqGfp9P0=	\N	f	michaelvega@example.net	1C 41764	t	f	f	2025-04-15 14:50:44.138131+03	\N	\N	\N	f	\N	\N
1193	pbkdf2_sha256$870000$9Ef1XAyxnILks8fd2ocrTK$AfO0SoYEg+Ht5qdYLIf8oHt4fS6x6/G85qAs/QMQDaQ=	\N	f	taylorleon@example.com	417-RMR	t	f	f	2025-04-15 14:50:44.138131+03	\N	\N	\N	f	\N	\N
1194	pbkdf2_sha256$870000$4b8M8qMz2Yjt5Y4IJzvrKT$wixoIJJ0kqqcOzvKBRTiLDBB2kndvopmyh/Pt9O6BSM=	\N	f	qmontgomery@example.com	826-JWM	t	f	f	2025-04-15 14:50:44.138131+03	\N	\N	\N	f	\N	\N
1195	pbkdf2_sha256$870000$8wrP5mNvzrQjVu8X5GNW3I$tF/wPhytXZfG9Eb0RsB5NyzNhMrP7fiKC+dLV/1l1oI=	\N	f	riceamy@example.com	1UH 492	t	f	f	2025-04-15 14:50:44.138131+03	\N	\N	\N	f	\N	\N
1196	pbkdf2_sha256$870000$qxpAWyIiQrJiwNJnnqi9TA$q8pHLZmLUzj5Wx86XGbm6mZMVG+naer53BZyt8TJqNY=	\N	f	navarrojodi@example.org	YP 4267	t	f	f	2025-04-15 14:50:44.138131+03	\N	\N	\N	f	\N	\N
1197	pbkdf2_sha256$870000$jevcXN0D4mVOaumiT5mZV2$/hOYhLtXcznBOnbSv35fdTPjVFqZPT3MjlYsPLk+rJI=	\N	f	rebecca57@example.org	T06 5MV	t	f	f	2025-04-15 14:50:44.138131+03	\N	\N	\N	f	\N	\N
1198	pbkdf2_sha256$870000$OPPR8wysbtplBsVHHEEf19$m16YTR2ypEKUTLhaM2SR5QiG5Ut1ZkpbR0Z1Ktg0+fU=	\N	f	jill06@example.org	KMJ 186	t	f	f	2025-04-15 14:50:44.138131+03	\N	\N	\N	f	\N	\N
1199	pbkdf2_sha256$870000$3bCLc6FHQzHvbqHhBrOCdF$ZtmWeo/W30jKx5O/Ztakdttb9WJ0dI21/5jv7SqwEN4=	\N	f	vmccormick@example.org	189-HXB	t	f	f	2025-04-15 14:50:44.138131+03	\N	\N	\N	f	\N	\N
1200	pbkdf2_sha256$870000$1RNobFVSuYgT55jmIpGeTh$ixnG7U6zeumHjUvQr/Ph0rPsUSKclwDvf12r+aKVO/g=	\N	f	anthony20@example.org	Y52 3XS	t	f	f	2025-04-15 14:50:44.138131+03	\N	\N	\N	f	\N	\N
1201	pbkdf2_sha256$870000$owNpt1YU5VkF2q2o34cYdf$QmZ0W8k2g6PZNEwAJ5o9apo34j3ziKysxcJVmMoi658=	\N	f	cookeana@example.com	77DG951	t	f	f	2025-04-15 14:50:44.138131+03	\N	\N	\N	f	\N	\N
1202	pbkdf2_sha256$870000$l8ZSSCO7Jv6K1A0NB1wEgk$P3lIa9ffWgwkwGGuWB6Asm2QzI7ODnBJ+OgjYrztrdo=	\N	f	fwolf@example.com	466 ZUZ	t	f	f	2025-04-15 14:50:44.138131+03	\N	\N	\N	f	\N	\N
1203	pbkdf2_sha256$870000$Mc8EYWSs8fiWLoKHHc9opE$rveBR0ByEWz4HiDczcpyef8Zp3N7XwWe1h8UhgKDsfU=	\N	f	kelly61@example.com	ZJB 369	t	f	f	2025-04-15 14:50:44.138131+03	\N	\N	\N	f	\N	\N
1204	pbkdf2_sha256$870000$RhTNEus0COgFxEkPjO0lUf$rS3LiUBO6B+S4dQh71tK+I9pdt7K10BjI8tBehsaQtY=	\N	f	desiree74@example.org	2-9389I	t	f	f	2025-04-15 14:50:44.138131+03	\N	\N	\N	f	\N	\N
1205	pbkdf2_sha256$870000$VlJalZzvocifK19GHIysZg$CXxZBxn69xZIPQyoZyJJqxNbBdw1tl6oGT44f5VQPKQ=	\N	f	jeffrey42@example.com	961 1PL	t	f	f	2025-04-15 14:50:44.138131+03	\N	\N	\N	f	\N	\N
1206	pbkdf2_sha256$870000$ODVbaRWQ8Vsb6UKz4iKIFt$s2dzOW6cjeMZkRJSWnWpuxkUsfNfw5TOaP1k973v2aQ=	\N	f	thomas76@example.org	774-EVX	t	f	f	2025-04-15 14:50:44.138131+03	\N	\N	\N	f	\N	\N
1207	pbkdf2_sha256$870000$GMvA42own1s81RKi1eD5x4$j5vdM3NZYwuPEdC2Z9JckDEbEo9VIJluyNMUe0lNgik=	\N	f	djohnson@example.org	LTX 142	t	f	f	2025-04-15 14:50:44.138131+03	\N	\N	\N	f	\N	\N
1208	pbkdf2_sha256$870000$5QOzxi2veIgI5mk8i8AqT4$0E3f+hCSXLpYZqGsH3fWFm+g+SCwt928OW3ivE6s/yw=	\N	f	brittany49@example.org	027 NUU	t	f	f	2025-04-15 14:50:44.138131+03	\N	\N	\N	f	\N	\N
1209	pbkdf2_sha256$870000$EV8TL3Wk0FAuTS7m6hHl7N$gGJiCld0rWuG4b9P/u+ybz5Am71cJsIF2xA0s0vVBTs=	\N	f	gary35@example.net	PIV-4837	t	f	f	2025-04-15 14:50:44.138131+03	\N	\N	\N	f	\N	\N
1210	pbkdf2_sha256$870000$FU1o0RI7sK7mNwR9BrMRMe$+YRCljL+sTaeW26gAUklVzhOrPMuWA8YUoc8cGYWOOI=	\N	f	kelleywayne@example.net	1MV 774	t	f	f	2025-04-15 14:50:44.138131+03	\N	\N	\N	f	\N	\N
1211	pbkdf2_sha256$870000$0mMmYTtYxPaZu7mIVlmO4y$mV8h9r+gJ0cWZ0fElY8nwiy54HRiesT4zLdlqUcyNh8=	\N	f	martinezdarryl@example.net	687-IGK	t	f	f	2025-04-15 14:50:44.138131+03	\N	\N	\N	f	\N	\N
1212	pbkdf2_sha256$870000$HAetRePLExFGgzHnO1JtKy$7P+MhVu/j1lKxAbwEB0TYJWAt7bGNwYrMB3lmnbJyGw=	\N	f	pricecraig@example.org	1K 73417	t	f	f	2025-04-15 14:50:44.138131+03	\N	\N	\N	f	\N	\N
1213	pbkdf2_sha256$870000$cHrmo8YmDZGZEbYzHXuXOo$rreiUEXmSEcebrln3A3yH7GqWf3LJSxQmfidQfe5ieQ=	\N	f	emendoza@example.org	15-H061	t	f	f	2025-04-15 14:50:44.138131+03	\N	\N	\N	f	\N	\N
1214	pbkdf2_sha256$870000$aCUXxUICU3mMD8ILxcIUMT$Zkjb0mvCYbWvhZkLDYOsYtrUxAlHDWMKkJiiAG33GJk=	\N	f	cooknancy@example.com	697 MCN	t	f	f	2025-04-15 14:50:44.138131+03	\N	\N	\N	f	\N	\N
1215	pbkdf2_sha256$870000$tdCVOrPH4mkFp9r2k6PXCf$WySFZT9YmQ4fFuUcqCKdp0IEExPpl2X3GqpY6+eLLwQ=	\N	f	lisa92@example.com	VDD-633	t	f	f	2025-04-15 14:50:44.138131+03	\N	\N	\N	f	\N	\N
1216	pbkdf2_sha256$870000$aXHTJrlRLeCqB76jc6lzjv$9hgApZQWVtPSWE/Vx0ekvMBATecb+PzNOzhDyjR92TI=	\N	f	beckcassandra@example.net	8SQ62	t	f	f	2025-04-15 14:50:44.138131+03	\N	\N	\N	f	\N	\N
1217	pbkdf2_sha256$870000$xQ2O2JGFqd9vUIUMpG81Le$1SxpMtARIYLSIVdVZW/pg7N0ftiHPe240Bg8bRPjWbk=	\N	f	mclaughlinapril@example.com	DEL-677	t	f	f	2025-04-15 14:50:44.138131+03	\N	\N	\N	f	\N	\N
1218	pbkdf2_sha256$870000$sZTnq0BxUTHqInXct43tQ9$9ryaBJO1yOm96EZpbSfN9CPcOglxAoYAsV70ipRG26E=	\N	f	robertsonashley@example.org	VLS-617	t	f	f	2025-04-15 14:50:44.138131+03	\N	\N	\N	f	\N	\N
1219	pbkdf2_sha256$870000$3GN5im2jTFklGFUqka03wV$ugCi4rSAxwehqFGG/ubCV5Z1pxhWv5a6hhbRcgC3DtM=	\N	f	chrisschroeder@example.org	068 EUN	t	f	f	2025-04-15 14:50:44.138131+03	\N	\N	\N	f	\N	\N
1220	pbkdf2_sha256$870000$5Sh7vpwSqauCsD5jdx8Zmd$+886Zw0gd6vhILjHQPg5l+nBwETefIblsIOpYNMGjGs=	\N	f	christophermarsh@example.net	X83-HEC	t	f	f	2025-04-15 14:50:44.138131+03	\N	\N	\N	f	\N	\N
1221	pbkdf2_sha256$870000$SUfunRGxmeoRs5pedLvr7C$T3WWOg26PeeSR99xISS8tYO2RGH4XqMQxlE3OyEP+gs=	\N	f	randolphbeth@example.net	ZGS 704	t	f	f	2025-04-15 14:50:44.138131+03	\N	\N	\N	f	\N	\N
1222	pbkdf2_sha256$870000$tCVDktd1nSovxAVRj5GMzT$p/+pfGggmbs4JBpI5ARx6E37XFFLjR+1GbGYordIN+c=	\N	f	lhernandez@example.org	D96-45H	t	f	f	2025-04-15 14:50:44.138131+03	\N	\N	\N	f	\N	\N
1223	pbkdf2_sha256$870000$LCLo6HdgBonOCZ5TAWOxdO$o/4vl5dAxsv/mF5io1mIAw4aEORO4nXEnxCQoaqHydc=	\N	f	beckermary@example.net	494-DCQP	t	f	f	2025-04-15 14:50:44.138131+03	\N	\N	\N	f	\N	\N
1224	pbkdf2_sha256$870000$1NvVyC1qDeKISpT1IPEjM7$7nK5TxlLoiiVVQdXIy9t6R4SNU8u33jDOAMlWVfnLqg=	\N	f	karen26@example.org	LLG 972	t	f	f	2025-04-15 14:50:44.138131+03	\N	\N	\N	f	\N	\N
1225	pbkdf2_sha256$870000$4QrNGikYEsGOumWz0vfYqg$GiAGvSjD1CfgG/Q2QfgrCjsnglDd0fl3zvFGlUVWUFE=	\N	f	bsalinas@example.com	63FH7	t	f	f	2025-04-15 14:50:44.138131+03	\N	\N	\N	f	\N	\N
1226	pbkdf2_sha256$870000$tVjHmcU9yDz7Kv45nS2hsb$r4AHBHHYCC/V9IB21Hy3PX5n9oJxLuJ123E0pt+Hu7U=	\N	f	qchen@example.net	806N	t	f	f	2025-04-15 14:50:44.138131+03	\N	\N	\N	f	\N	\N
1227	pbkdf2_sha256$870000$fxdxt2sVBqVIsbSeXohvu4$xAMaogrg/vm+gwYFYrNurwfowOfRKqofDXP1wUWps+Y=	\N	f	cody51@example.com	326 4644	t	f	f	2025-04-15 14:50:44.138131+03	\N	\N	\N	f	\N	\N
1228	pbkdf2_sha256$870000$cBcsrCUNzDxlxKOJGFy19C$S4QsmzaCk+vo3renGpi5zzfBX8XMPXGP0xlgpzNVgrE=	\N	f	lewismatthew@example.net	97D 914	t	f	f	2025-04-15 14:50:44.138131+03	\N	\N	\N	f	\N	\N
1229	pbkdf2_sha256$870000$Re71uzI66L36gtI2HgX5dh$Y207vJQpEgvI31QEoKkK6Stws2AOQgqwYw1jDl82uZI=	\N	f	davidgraves@example.net	277 PXI	t	f	f	2025-04-15 14:50:44.138131+03	\N	\N	\N	f	\N	\N
1230	pbkdf2_sha256$870000$3QygccG0BWBV7b19rPOMCD$SvAeKHizMGSVaxiJGLAD9qS5KLgUfQPDGsznhunCE+0=	\N	f	rebeccamoore@example.org	C46 2JD	t	f	f	2025-04-15 14:50:44.138131+03	\N	\N	\N	f	\N	\N
1231	pbkdf2_sha256$870000$lWpKRDpnYojPBXBRhMSzoz$pt9Y+GhUxLP4NzwgYWQ9HaCyoyb96w5I6PJRYU/iOP0=	\N	f	debrahuff@example.org	7GF 763	t	f	f	2025-04-15 14:50:44.138131+03	\N	\N	\N	f	\N	\N
1232	pbkdf2_sha256$870000$oQvdhD1CVteiB2akEhs4rh$sECfAjc7d72TsdnDJe1KSdl+C88CmhSLD7GcX1yA470=	\N	f	tammycarter@example.net	3JN P28	t	f	f	2025-04-15 14:50:44.138131+03	\N	\N	\N	f	\N	\N
1233	pbkdf2_sha256$870000$UOSiyxCZeTzbKzOVETaMQm$LabZQXj//Tjil5hN7wc49B4iqenHmwYoR5+IDXfJMOY=	\N	f	kyle84@example.net	DW5 U1N	t	f	f	2025-04-15 14:50:44.138131+03	\N	\N	\N	f	\N	\N
1234	pbkdf2_sha256$870000$8Wany48WcU48KZY5gWC2Z2$BPw6GYN0nKdHY0Ud2qfSnS5bla5NeC/I2hF/7HjYFFI=	\N	f	xlyons@example.com	262-NLXN	t	f	f	2025-04-15 14:50:44.138131+03	\N	\N	\N	f	\N	\N
1235	pbkdf2_sha256$870000$aoiur6KGdVIoc32A2ABNDi$RLFwsb/v9VmKI96QxYqHXwhyAu8sQnUr2RmZsygDLWk=	\N	f	sdunn@example.org	32-VW49	t	f	f	2025-04-15 14:50:44.138131+03	\N	\N	\N	f	\N	\N
1236	pbkdf2_sha256$870000$NijB1hYUPwAIVeLGlQb8OK$Eq+fvrNJDaYCRcHlPYeebgTYFCbMEVFb6XEe0PJ9R+4=	\N	f	camerontorres@example.com	433I0	t	f	f	2025-04-15 14:50:44.138131+03	\N	\N	\N	f	\N	\N
1237	pbkdf2_sha256$870000$9SNxR0sDubbuYpOBg44Tv1$2WFBtm8l8+/u3Nzw0BYrsC2PCDAOe0RvheB0qWzgKEg=	\N	f	stephanie35@example.com	635BZ	t	f	f	2025-04-15 14:50:44.138131+03	\N	\N	\N	f	\N	\N
1238	pbkdf2_sha256$870000$T2exEGA9zYEFqBpRkN5iKQ$gUySddDYMVmbuVvQ3sV9BYe6e1txUxlkUHfwlZTkr6c=	\N	f	sullivanmichael@example.org	192 EID	t	f	f	2025-04-15 14:50:44.138131+03	\N	\N	\N	f	\N	\N
1239	pbkdf2_sha256$870000$los2xgadaXlJPvYIerT7UC$Gwt6dfoL9ImEZbtP6c0yJes33+6dUPPv+yOi4UoINjA=	\N	f	paige43@example.net	NMI 7324	t	f	f	2025-04-15 14:50:44.138131+03	\N	\N	\N	f	\N	\N
1240	pbkdf2_sha256$870000$dflVDmyftxxP72HJG9Yo6h$gDDBGNNU6+Y9ktwOKTG++gq9Xuf2Qs0d16YQA22yOhU=	\N	f	jonathan83@example.net	LRZ 983	t	f	f	2025-04-15 14:50:44.138131+03	\N	\N	\N	f	\N	\N
1241	pbkdf2_sha256$870000$j2nZqbZ6P0Wsucrn0YClHD$tA6Ve4rzS2B63UY8DFkt1sW6PILFBLqVft3W4MpTC/0=	\N	f	masonmichael@example.com	065KXA	t	f	f	2025-04-15 14:50:44.138131+03	\N	\N	\N	f	\N	\N
1242	pbkdf2_sha256$870000$0jCqkL5k01mu6P4iEvNrt6$qtUtOWnJgOzz5WJTKiLJS1QIIkQsEsOi+zQb9m6QQa0=	\N	f	tgutierrez@example.com	104 UXP	t	f	f	2025-04-15 14:50:44.138131+03	\N	\N	\N	f	\N	\N
1243	pbkdf2_sha256$870000$qBh1HRr7C2x43J4lCtJmmD$RnMJBUAnlY5H8t1FpXXcnr1i70moDwxv9xqHhh6BNj0=	\N	f	tthomas@example.net	34BD953	t	f	f	2025-04-15 14:50:44.138131+03	\N	\N	\N	f	\N	\N
1244	pbkdf2_sha256$870000$cy1LDJzM2IThUCTl3MOFIO$ocB+i0kEtBMu0LauMYCQjLqVvbFTakdwgGzyCG8KxqQ=	\N	f	theodore54@example.org	RYT 970	t	f	f	2025-04-15 14:50:44.138131+03	\N	\N	\N	f	\N	\N
1245	pbkdf2_sha256$870000$dD1hCiuVSMAKBwyWpLLYIb$J6VNo253kK5JDFKnhAolsuwrzpNrzlHUNZBdp1EfqSo=	\N	f	colonzachary@example.org	ZXR-2040	t	f	f	2025-04-15 14:50:44.138131+03	\N	\N	\N	f	\N	\N
1246	pbkdf2_sha256$870000$QrlFWvGs5wnOMnXOEWd3N5$ctUGeOEJngSgfUMdAmfxZJoCCtJF0WCBzAFGxDeLLVg=	\N	f	mallorylopez@example.org	LRX 748	t	f	f	2025-04-15 14:50:44.138131+03	\N	\N	\N	f	\N	\N
1247	pbkdf2_sha256$870000$hTRtTvjO1bNXyMJsU8gQB9$b8k6cbPrsecCIychIc+h7QoKJcld5oR4QKGCaAiO5Q8=	\N	f	tony98@example.net	05L 4731	t	f	f	2025-04-15 14:50:44.138131+03	\N	\N	\N	f	\N	\N
1248	pbkdf2_sha256$870000$bfxNPIxgygzbtOJe234lEL$eD7h3NKb7rGHygyy3caNfsOdWkoC4SAT9F+8CWDKKdo=	\N	f	morandanielle@example.net	313379	t	f	f	2025-04-15 14:50:44.138131+03	\N	\N	\N	f	\N	\N
1249	pbkdf2_sha256$870000$vB0AmsO6QvqnZWFFTAMh1J$PB9vYzmlGTsf2cQ+CtwsGhpKVbvaYYpKHnkhYPzFaYU=	\N	f	kim54@example.org	8J 5D3AJW	t	f	f	2025-04-15 14:50:44.138131+03	\N	\N	\N	f	\N	\N
1250	pbkdf2_sha256$870000$MSLoNvGBsKVram6KsotNRH$epCyurVMhCOIaGmHQ3/sqbrM0JEJfhjKMwsevns/6z8=	\N	f	melissaedwards@example.net	44D 7093	t	f	f	2025-04-15 14:50:44.138131+03	\N	\N	\N	f	\N	\N
1251	pbkdf2_sha256$870000$IIUKtcpfXpbt4u15zU84pY$D7bheAfwnWb7e96b6+Lhw2GTxrJwf4i7bi6sLByyTjQ=	\N	f	justin07@example.org	824-CRH	t	f	f	2025-04-15 14:50:44.138131+03	\N	\N	\N	f	\N	\N
1252	pbkdf2_sha256$870000$pz4SJTKikwJcqTT5GpaY2m$B8LyteWZ1ZUf0U+YJHj9aBcJw1Y7PQhVyERxkIhPQrc=	\N	f	lharris@example.com	FAH 944	t	f	f	2025-04-15 14:50:44.138131+03	\N	\N	\N	f	\N	\N
1253	pbkdf2_sha256$870000$4MthbVAOu8h9ycUw9M7ITb$qae41JnkVILYchibJRvos2s1Algg6onvvC1k/YECNEk=	\N	f	jking@example.net	010-QOI	t	f	f	2025-04-15 14:50:44.138131+03	\N	\N	\N	f	\N	\N
1254	pbkdf2_sha256$870000$Sha2xqtf2L1xsJNe2Dnsda$p+0VFIO46720PptXec4Yu7JDy9B7k4Eo6bezYRGka3o=	\N	f	walter69@example.net	D58 6TX	t	f	f	2025-04-15 14:50:44.138131+03	\N	\N	\N	f	\N	\N
1255	pbkdf2_sha256$870000$I2kuh0MPSE8g0ITGDpCqzo$hBOBc1dvV8fRkdnhM7o0jKaDQVqpbfeHgcSVCqK+1TI=	\N	f	diana79@example.net	683 AOR	t	f	f	2025-04-15 14:50:44.138131+03	\N	\N	\N	f	\N	\N
1256	pbkdf2_sha256$870000$Uc7yVnDlDJZK3vTN2UwT0M$DFLiX+e0VgBXNRoqrG7WvcxLiDTz3zt/GM6Yw+/ChZE=	\N	f	matthewbarnes@example.net	X 188247	t	f	f	2025-04-15 14:50:44.138131+03	\N	\N	\N	f	\N	\N
1257	pbkdf2_sha256$870000$VD17tEdy5vzYALOcQmBSfu$XsMQvhvPDiyuFV3YrzoAqYNO9HNyGPnP/Qqe8YQQCfE=	\N	f	acostamatthew@example.org	345 DEA	t	f	f	2025-04-15 14:50:44.138131+03	\N	\N	\N	f	\N	\N
1258	pbkdf2_sha256$870000$ZqsOCaiLCYzs9b0vo9MGap$7uh6E9AEMfLowoDzJkb5Iw5Jk1yZGOIDVFkmL2kVas0=	\N	f	ahughes@example.com	4-7952R	t	f	f	2025-04-15 14:50:44.138131+03	\N	\N	\N	f	\N	\N
1259	pbkdf2_sha256$870000$bc89rI0RSHvAwcVv4duYwr$5AO3Oj0zmh+ys9QSfDic4Ewjj462s5eMZrbGSyWjT10=	\N	f	williamguerrero@example.com	5-86600I	t	f	f	2025-04-15 14:50:44.138131+03	\N	\N	\N	f	\N	\N
1260	pbkdf2_sha256$870000$sjLIOUn2DWPXOOKiTNyLdy$8FOu7nAdWtXAdsQpMmg7K7I6JFYlFykm7P6UGVGMomg=	\N	f	nbush@example.net	Q59-BVW	t	f	f	2025-04-15 14:50:44.138131+03	\N	\N	\N	f	\N	\N
1261	pbkdf2_sha256$870000$qmkxijlJ5tCYlUWXxe0T8y$bCvZhapy5mnvOxAijAboR6S8pDvCmYjw5+HH7AgVSpk=	\N	f	lyoung@example.net	978 9DG	t	f	f	2025-04-15 14:50:44.138131+03	\N	\N	\N	f	\N	\N
1262	pbkdf2_sha256$870000$62vMejYbXnRTa70owaQWAX$BXWo7pQqhjsxNpf6Wg6zhfdpEMi4y/apTSZqBC/WAFg=	\N	f	jill10@example.com	07J 744	t	f	f	2025-04-15 14:50:44.138131+03	\N	\N	\N	f	\N	\N
1263	pbkdf2_sha256$870000$n8OM23nPa11r9G9FPV6Nyx$/7QVeuPy1MiNXW4TO3SUFd67gWgjrta4Ev6MopqGdmY=	\N	f	bblack@example.org	55J Y63	t	f	f	2025-04-15 14:50:44.138131+03	\N	\N	\N	f	\N	\N
1264	pbkdf2_sha256$870000$FPHkYInyhR7SXthtknKEE1$GRTPdZrzsWebWs842sBS8scUygUuyG6VapaMowyKRQg=	\N	f	leelauren@example.org	KBC 440	t	f	f	2025-04-15 14:50:44.138131+03	\N	\N	\N	f	\N	\N
1265	pbkdf2_sha256$870000$KuKJEGPjrNDJYQ8NUzZ7dd$nGiFKFMYIg6sJkx01K7WLryzBGNt8P36T+BsQBv8Rmw=	\N	f	garyhamilton@example.com	9W 9Z8NFX	t	f	f	2025-04-15 14:50:44.138131+03	\N	\N	\N	f	\N	\N
1266	pbkdf2_sha256$870000$cZ0zElqQMqRnhGbdeqSF8Z$FjHYvbjyAvoA1Lc3nda0AmOjdFX5Co+MK9RDx2KESDc=	\N	f	lynchchristian@example.org	G84-CGV	t	f	f	2025-04-15 14:50:44.138131+03	\N	\N	\N	f	\N	\N
1267	pbkdf2_sha256$870000$GR3UDWKl1XX6tLTBL8VOnb$Cygl93vpWOI3fZsxHtiH8DQPFYzRtgcgkJUfSMWomrg=	\N	f	lisacarter@example.com	9T947	t	f	f	2025-04-15 14:50:44.138131+03	\N	\N	\N	f	\N	\N
1268	pbkdf2_sha256$870000$stMWqss18JwKXSz2kYvfqg$TA0pK/UbjmsMrVQQ/vWprxr/K9G6qyB4bfSQZiSNleU=	\N	f	zlee@example.com	DPA 658	t	f	f	2025-04-15 14:50:44.138131+03	\N	\N	\N	f	\N	\N
1269	pbkdf2_sha256$870000$r2kPZbJSw1K6QZjQ9ghUuN$B8A2mXE2umoyzgSNa1WUGpMB2bl6B8RgQ/12lUfQOKU=	\N	f	uphillips@example.net	HAS 503	t	f	f	2025-04-15 14:50:44.138131+03	\N	\N	\N	f	\N	\N
1270	pbkdf2_sha256$870000$so3t41C7XOgOhMAPrUBWW9$pSDlqGVUspQ+5j4TW56/DMRpJr0hd9BSLxd097CEHaw=	\N	f	benjamin20@example.net	TJB 905	t	f	f	2025-04-15 14:50:44.138131+03	\N	\N	\N	f	\N	\N
1271	pbkdf2_sha256$870000$bGPUnnSGyPirTJY4eEIbpw$RteL8uUqqyifeExsK/fzE1BaFSrP38hUx2L6stXXWeY=	\N	f	pittmanrobert@example.org	57D H53	t	f	f	2025-04-15 14:50:44.138131+03	\N	\N	\N	f	\N	\N
1272	pbkdf2_sha256$870000$80ZoDEMoyjXixm4EU2ywGU$H3d6MU6uWwz9PeqDmeao9ivWv/poKYEGp52pUN4Vef4=	\N	f	terriperez@example.com	BY8 J0C	t	f	f	2025-04-15 14:50:44.138131+03	\N	\N	\N	f	\N	\N
1273	pbkdf2_sha256$870000$xCHVH19qbmpU2GrG8s3kJf$iKVAqByKJZGdvdXwqPhF5kEo4iMF8RM9ebhnBri7ikw=	\N	f	andrea13@example.com	CNQ4008	t	f	f	2025-04-15 14:50:44.138131+03	\N	\N	\N	f	\N	\N
1274	pbkdf2_sha256$870000$AgsviDGPUAPuhl8OhE4aKp$dvaMHNRvexy0wqqBRskFll4enCUQ9DZJWvvsm5MeD9U=	\N	f	rebecca43@example.net	HZX 619	t	f	f	2025-04-15 14:50:44.138131+03	\N	\N	\N	f	\N	\N
1275	pbkdf2_sha256$870000$GDUvQSlIYcmLLCafI5rXU7$fqCHTArn62KKRXI1q038X4n9Fz4WCK+7+V49+NrghRQ=	\N	f	garycox@example.com	LKF 763	t	f	f	2025-04-15 14:50:44.138131+03	\N	\N	\N	f	\N	\N
1276	pbkdf2_sha256$870000$ybqh1NRACXeg2pDPvWOPUz$DV7YNeBBh981S31gynFxCkTt3uk5/49fgaBelsdmBEk=	\N	f	hgreen@example.com	SL 1024	t	f	f	2025-04-15 14:50:44.138131+03	\N	\N	\N	f	\N	\N
1277	pbkdf2_sha256$870000$Ts6HZXy4OO9rI2Ne9zO4P8$8RFKDFjfWue2DYwRKEOOfLkUs+cLBJ2qL3Fyibfd5uI=	\N	f	cherylgoodman@example.com	494V1	t	f	f	2025-04-15 14:50:44.138131+03	\N	\N	\N	f	\N	\N
1278	pbkdf2_sha256$870000$nhZn2qLaPG3XIeoabBHZP2$0vIggWuURHc50CXi8EEtVSCf+nAojUmLCjxiYLJx4ic=	\N	f	rebecca30@example.com	4P 7K9FNU	t	f	f	2025-04-15 14:50:44.138131+03	\N	\N	\N	f	\N	\N
1279	pbkdf2_sha256$870000$iXksRX7NVVzgcTufT1F2RM$/s01WSWOSjxA7gpjmKzHqg4ymEcqtlYsixPhYMK8SKk=	\N	f	xtownsend@example.com	GZY1200	t	f	f	2025-04-15 14:50:44.138131+03	\N	\N	\N	f	\N	\N
1280	pbkdf2_sha256$870000$iGHUimsiHZnxAK0bZTe7yR$xAlMqU4sg7igcSF6WTxYJnIdM+2fuEJ9ry2txf27AZs=	\N	f	nicholas39@example.net	829IX	t	f	f	2025-04-15 14:50:44.138131+03	\N	\N	\N	f	\N	\N
1281	pbkdf2_sha256$870000$XUajNO5iX461ikY04hcI16$iK9mFYXDeOl8sTYrvYNNXF/Qo71asYfqVqbm1uSWOOA=	\N	f	jeffreynelson@example.org	MWQ-3434	t	f	f	2025-04-15 14:50:44.138131+03	\N	\N	\N	f	\N	\N
1282	pbkdf2_sha256$870000$1nKKYIphmA9yfxUC5KEexC$6eTsj0ErafDu0xmdvdeRFowkrwBPegsEmWcg+Kh0WWI=	\N	f	jackdavis@example.net	582-TXG	t	f	f	2025-04-15 14:50:44.138131+03	\N	\N	\N	f	\N	\N
1283	pbkdf2_sha256$870000$fJYrkW9nmdoJs5u2SP7C6P$tyT5TLWTOFBtlBRLbmJi7qJ0K6Bq4CCSihHXs0xJaus=	\N	f	stephanie42@example.net	737 OXA	t	f	f	2025-04-15 14:50:44.138131+03	\N	\N	\N	f	\N	\N
1284	pbkdf2_sha256$870000$l7rKXNRHJL9W6gwHwWwhhM$mfKIdBqzZHCAnZF1sZmHblWKBxvNUN4xNHp21vFndJI=	\N	f	hrogers@example.org	325 DNA	t	f	f	2025-04-15 14:50:44.138131+03	\N	\N	\N	f	\N	\N
1285	pbkdf2_sha256$870000$qR88TMaI33XFzLPy624gkn$pgkmPX56BJnZaoj15AtwBukqHchMeyWvIdxcrIEzT0E=	\N	f	joshuapennington@example.org	KPY 486	t	f	f	2025-04-15 14:50:44.138131+03	\N	\N	\N	f	\N	\N
1286	pbkdf2_sha256$870000$dfCaHBf9iLdWtSvSatqaIN$6OfVEBVxjXLSscHOgWF9C7LhxIzh4TleVSHSH7whhb0=	\N	f	parksanna@example.net	9JD Q86	t	f	f	2025-04-15 14:50:44.138131+03	\N	\N	\N	f	\N	\N
1287	pbkdf2_sha256$870000$c36MvZYh4oEpEwQq7IzkLX$XtBMyPToPDTzk5DLatWDOyBcyXGWdXZEga8PLF+iaT4=	\N	f	tateandrew@example.org	ZJZ-2895	t	f	f	2025-04-15 14:50:44.138131+03	\N	\N	\N	f	\N	\N
1288	pbkdf2_sha256$870000$SxpDOvhcoucBVICqUGkN2Z$fvqnLhCqp/PBXVXGG/XfISgLG1vVaEyPImxml29yp3c=	\N	f	tstrickland@example.com	ECR-943	t	f	f	2025-04-15 14:50:44.138131+03	\N	\N	\N	f	\N	\N
1289	pbkdf2_sha256$870000$RL70K33nZNeIVwbaX1rdEu$nuP0MweoglJQnZe9jCWHGmylq1KrKab+t+xcG7gx5Oo=	\N	f	loriward@example.com	YBT 902	t	f	f	2025-04-15 14:50:44.138131+03	\N	\N	\N	f	\N	\N
1290	pbkdf2_sha256$870000$FXZ1xWVmwfHjvxd6TLNBS4$xN6iJ6+yFt16kTu/B3Fe877x23foDCUeFQdTY2++ptQ=	\N	f	margaretglass@example.org	4FE 157	t	f	f	2025-04-15 14:50:44.138131+03	\N	\N	\N	f	\N	\N
1291	pbkdf2_sha256$870000$Ya05tfxpkX5sXFdElnuHzy$IrvIsa1oKmPEmXdLiYnQOYED+SnjG54yXGdEw0cJqCk=	\N	f	billyjones@example.org	25-HP31	t	f	f	2025-04-15 14:50:44.138131+03	\N	\N	\N	f	\N	\N
1292	pbkdf2_sha256$870000$u2bWAVZorkwpgJCi39WLMX$Fw25J4xI6dtRNdE8xUo4F7ZoWY6AIaIwbhUKesMvsgs=	\N	f	mirandamorgan@example.net	DDR 077	t	f	f	2025-04-15 14:50:44.138131+03	\N	\N	\N	f	\N	\N
1293	pbkdf2_sha256$870000$gsELbBrDjyCZjVUDhtkazH$WpCsgd4x+b5SZBu5MB8JSJrzIWyoJRmlWf8O096RFOE=	\N	f	obennett@example.org	2-K7832	t	f	f	2025-04-15 14:50:44.138131+03	\N	\N	\N	f	\N	\N
1294	pbkdf2_sha256$870000$uD2eIZ7qoVRGKcKgDFzHGH$bj9y6Y8v084qoiK64v6fzp7rxZH0EcJsBWwnJwU07tU=	\N	f	wigginsrichard@example.org	411 OZ0	t	f	f	2025-04-15 14:50:44.138131+03	\N	\N	\N	f	\N	\N
1295	pbkdf2_sha256$870000$jrq2r6dXEyISXPfwyIh4r1$GY0iNIkQA4wkseYQwSAcIjxTvZLt+ghWD8xHoDpQivc=	\N	f	annettewilson@example.org	HBK 512	t	f	f	2025-04-15 14:50:44.138131+03	\N	\N	\N	f	\N	\N
1296	pbkdf2_sha256$870000$3QCbgFCXcS5HVXGnajEwar$mOjJsTNB7KKucnFENwx+xAhE0mJ9Yc/UgGca9FeNHxc=	\N	f	eacosta@example.org	557-JPF	t	f	f	2025-04-15 14:50:44.138131+03	\N	\N	\N	f	\N	\N
1297	pbkdf2_sha256$870000$nUHqQ023u9riR1zuY6l7ob$dcrIlYGhDVy4EaeK9tSh8RrDeXJssraYyOkhqyPNkvw=	\N	f	jennifer38@example.org	5-47440Z	t	f	f	2025-04-15 14:50:44.138131+03	\N	\N	\N	f	\N	\N
1298	pbkdf2_sha256$870000$zHiBzzqQkVVXLyXix9y6xa$WkDTO6jgdn/abaiiGnsCaJ5cxvtCIzEwPd4V2xS7AkU=	\N	f	kylehiggins@example.com	762FOH	t	f	f	2025-04-15 14:50:44.138131+03	\N	\N	\N	f	\N	\N
1299	pbkdf2_sha256$870000$DAcc1PwutoOgY9o8vcwYA0$+RZPsU0JsRLx4jovin8QWj+Ic80NDpS3ogiU7CldpNU=	\N	f	jennifer83@example.com	719 PXG	t	f	f	2025-04-15 14:50:44.138131+03	\N	\N	\N	f	\N	\N
1300	pbkdf2_sha256$870000$mf4h8VztXtkfm2ylpIpVgG$mO+QcTgwn/1UBvsdE1C19VPr4NjGib7cPFVZwhddBoQ=	\N	f	kayla48@example.org	B73-77E	t	f	f	2025-04-15 14:50:44.138131+03	\N	\N	\N	f	\N	\N
1301	pbkdf2_sha256$870000$CaU5gYqwWROzJ3RvkDyKFV$8/Nwz7Xrz67OXciSyCeY1JCVAKUrUhmKKA8QKZD5wjk=	\N	f	dananunez@example.org	HIG H56	t	f	f	2025-04-15 14:50:44.138131+03	\N	\N	\N	f	\N	\N
1302	pbkdf2_sha256$870000$P9FZKDNwd3fQTfD92o32uH$IhPTry0VStpwLRzJIkXsn2vB9Fis4kd/995kxBozyL8=	\N	f	alyssa15@example.org	51-I788	t	f	f	2025-04-15 14:50:44.138131+03	\N	\N	\N	f	\N	\N
1303	pbkdf2_sha256$870000$KfEPWmHUVk4RDZn69Jykgf$T8DsS4W3e/8qyQvb00iJFboh9t1ZA3UQm9Sk4sudE/A=	\N	f	smithrebecca@example.org	RB 37912	t	f	f	2025-04-15 14:50:44.138131+03	\N	\N	\N	f	\N	\N
1304	pbkdf2_sha256$870000$GNFxZRIE8C6KqrSsL6ZFGD$9AYtjgkhiR5Mx7zdpT8e/jCQvMS4OvT5cz+Tc3vD8oA=	\N	f	klloyd@example.org	C43 6WH	t	f	f	2025-04-15 14:50:44.138131+03	\N	\N	\N	f	\N	\N
1306	pbkdf2_sha256$870000$AbwlCJ9YVRpWCvRADPbMxF$mGTal2DGseME8dGkEgH80gLnGisto6bpwSdU2FEpoPo=	\N	f	john07@example.com	541-PPG	t	f	f	2025-04-15 14:50:44.138131+03	\N	\N	\N	f	\N	\N
1307	pbkdf2_sha256$870000$VjUfizW36pt3ovw7iqePc6$QHY/wd6uKm99PTd8wi2jEIr2UdwH+L8IfSeeGUinKRo=	\N	f	tristan02@example.org	WNJ-623	t	f	f	2025-04-15 14:50:44.138131+03	\N	\N	\N	f	\N	\N
1308	pbkdf2_sha256$870000$uq6wP0YxLz5xtnxv7Nzu40$504wYqdk44f916K1hTBhL5n9/i7zruP72F7dheMGuFE=	\N	f	amber62@example.com	710-LEB	t	f	f	2025-04-15 14:50:44.138131+03	\N	\N	\N	f	\N	\N
1309	pbkdf2_sha256$870000$WoR6MgmogxCq10ffwLx0Pe$PICbCPU5mF5OCZXBl5SAgTeleXDR11IFPvFRk4TzM9E=	\N	f	qpena@example.org	R48 5MI	t	f	f	2025-04-15 14:50:44.138131+03	\N	\N	\N	f	\N	\N
1310	pbkdf2_sha256$870000$JlN9pTw0T3B3XZuU8vo5bp$/unjc6MSGswq2djX2IaDmjrHb7FDqYlZDbY/tBe1YW8=	\N	f	kevin45@example.org	Q21 8OO	t	f	f	2025-04-15 14:50:44.138131+03	\N	\N	\N	f	\N	\N
1311	pbkdf2_sha256$870000$2xOtVvQUAqqv8YPvmKYe8t$V1bPtkEGCiae9v5jFNDMZAPq1c53rrkzND5v+XAC8a4=	\N	f	malonemary@example.net	909-VBU	t	f	f	2025-04-15 14:50:44.138131+03	\N	\N	\N	f	\N	\N
1312	pbkdf2_sha256$870000$090Mm4Fr40Mk4tZdjMiUq8$P1jEeQnhdB9JkYY7kqPo/ddGNBlJ0f2mePGCeLd+M9c=	\N	f	ethanrobinson@example.com	AKA-908	t	f	f	2025-04-15 14:50:44.138131+03	\N	\N	\N	f	\N	\N
1313	pbkdf2_sha256$870000$OpKvITezzqCUEOgyVd7twO$uFB3UYw9JqqUz0fSiQVDZ3D+GjZ2AgMgJQ20pZIR2xg=	\N	f	cassandrasherman@example.org	6PX17	t	f	f	2025-04-15 14:50:44.138131+03	\N	\N	\N	f	\N	\N
1314	pbkdf2_sha256$870000$hl9nCcJPRs7FTPSMDvtAZ0$xyGf5cvLjSygBsJKebxNNDf11UYtL3TQOTzGy45IBmM=	\N	f	kschaefer@example.net	969U4	t	f	f	2025-04-15 14:50:44.138131+03	\N	\N	\N	f	\N	\N
1315	pbkdf2_sha256$870000$PtU5jsQrOuDUvJxytWCQXH$r5y776K7bt6ejZ86DvW+jYO+ZBl6cGIYfp89KCqQFww=	\N	f	walkerjorge@example.net	KRM 410	t	f	f	2025-04-15 14:50:44.138131+03	\N	\N	\N	f	\N	\N
1316	pbkdf2_sha256$870000$vdoKxqLFsICEtg4Owl8wyi$S3C9mP9t9I/idf885vTQrFoqxOmI9WVOvd8XFqE8+Rk=	\N	f	sjones@example.org	67SN038	t	f	f	2025-04-15 14:50:44.138131+03	\N	\N	\N	f	\N	\N
1317	pbkdf2_sha256$870000$UfdBgToJduoLt8LXq2LKDN$F8aF1jbWc1TBxVvp+LYuosCvCN0OP90M1Yxaua4Uy/Q=	\N	f	jared29@example.com	862JJA	t	f	f	2025-04-15 14:50:44.138131+03	\N	\N	\N	f	\N	\N
1318	pbkdf2_sha256$870000$2RoaR2As3C9xoNTngQ5jSe$DCC56MygTG8HxBlCTIhuCNeTqwa65P2gOdEYVgZ/FSM=	\N	f	alexanderharrison@example.com	IPQ-357	t	f	f	2025-04-15 14:50:44.138131+03	\N	\N	\N	f	\N	\N
1319	pbkdf2_sha256$870000$TjalGQBl02caRog0EHEjQk$EzUUpa1DfEEPar/p3Mkf1U1CFKCBMV+tQBlHOgQCZac=	\N	f	davispatricia@example.net	1XF54	t	f	f	2025-04-15 14:50:44.138131+03	\N	\N	\N	f	\N	\N
1320	pbkdf2_sha256$870000$ttbJiFtcIdokLVRgNDx7zx$Kt0ON0sc7TpQnmBNv+2/1pA56rUnFegfv3zrfcAV/e8=	\N	f	allenhale@example.org	KPP 807	t	f	f	2025-04-15 14:50:44.138131+03	\N	\N	\N	f	\N	\N
1321	pbkdf2_sha256$870000$PXZY7Smhw82VlcjwdlaRAX$J7je7kQJiubfACwrewMGuEWP487ZHrwCyDYK9Osisbo=	\N	f	tammykemp@example.net	36-7947X	t	f	f	2025-04-15 14:50:44.138131+03	\N	\N	\N	f	\N	\N
1322	pbkdf2_sha256$870000$qTgO92hBRFrTinKISx5qRA$fnceKPYxn+VyMIMRdVtHavhxF3GzYHWsTHmW1oFYsDQ=	\N	f	brittanylewis@example.com	952 VG8	t	f	f	2025-04-15 14:50:44.138131+03	\N	\N	\N	f	\N	\N
1323	pbkdf2_sha256$870000$l8PmCpv5Y4xLf0ngfhht1W$RB7VTZkAsPIrNj06ELZn3iRt66PzbjyPhK01hoBFf3E=	\N	f	adamhardy@example.net	903 THN	t	f	f	2025-04-15 14:50:44.138131+03	\N	\N	\N	f	\N	\N
1324	pbkdf2_sha256$870000$WekmVtljdP4G0yl2kr0G9B$u3OXN2MRgvL1yZydDJMSK1aC9emLwfrR8+o57t7JANY=	\N	f	jorgemeadows@example.com	MTP8589	t	f	f	2025-04-15 14:50:44.138131+03	\N	\N	\N	f	\N	\N
1325	pbkdf2_sha256$870000$6cN7t4jhHzsEUJZQgg6hmJ$HasHyRMQbOg1suTEO2eFvhhydSoQjDO72/h61cN4XLc=	\N	f	jim44@example.com	G 645610	t	f	f	2025-04-15 14:50:44.138131+03	\N	\N	\N	f	\N	\N
1326	pbkdf2_sha256$870000$RYMjf9eNJeDvuGQZTTcXXe$e0jk5XvdyKLNrM1sFMfakPF+elvAJp896cnfle3OGSM=	\N	f	rsharp@example.com	MDK 444	t	f	f	2025-04-15 14:50:44.138131+03	\N	\N	\N	f	\N	\N
1327	pbkdf2_sha256$870000$7w4CUih4dZn3VTwV7q3MEm$npnHs3bweiTuZnFJsGpYZWsvoM+dHusaZEogpEhnmis=	\N	f	cameronpaul@example.com	HLE 288	t	f	f	2025-04-15 14:50:44.138131+03	\N	\N	\N	f	\N	\N
1328	pbkdf2_sha256$870000$BoGnClfKn0NyJ9OI6RKWHH$gVkcXRBQQWCFcnymRcFas+1HvEINayuZ+Tfahgx3btc=	\N	f	zacharylee@example.net	KJB 814	t	f	f	2025-04-15 14:50:44.138131+03	\N	\N	\N	f	\N	\N
1329	pbkdf2_sha256$870000$Sv28MpdebpTU2dW4YqUxaM$Zuq5qSRblgLE3P9ee2QcVFjAUZiRxoNx18bDG54GABU=	\N	f	williamsjames@example.org	XSG P91	t	f	f	2025-04-15 14:50:44.138131+03	\N	\N	\N	f	\N	\N
1330	pbkdf2_sha256$870000$NL7QJqYafKFZLmSTQ5fMda$mfeafVdDJ8nEMIQo7z+pPATWhorK/c/56IsdWrVeOkc=	\N	f	williamsrobert@example.com	7Y 1353P	t	f	f	2025-04-15 14:50:44.138131+03	\N	\N	\N	f	\N	\N
1331	pbkdf2_sha256$870000$VcgR4hoZSSFR4JibRY3zdy$m1RLpoAsJGUwZQLAJ5qYJN6gGPXjshwRf2fIdIqRnYw=	\N	f	ulozano@example.org	44R G95	t	f	f	2025-04-15 14:50:44.138131+03	\N	\N	\N	f	\N	\N
1332	pbkdf2_sha256$870000$OK4rGNjYfRYsGDUvtsh52j$Pgd5xnrRQgO64x7W1pgLqAUOGuLOY192E7JUGC0ahMI=	\N	f	michael30@example.com	4O 15161	t	f	f	2025-04-15 14:50:44.138131+03	\N	\N	\N	f	\N	\N
1333	pbkdf2_sha256$870000$AnDkZJvZTOkSTBI9ySeZhk$Jz8NTj/63TNOvmIQ1o5Ba54l7vZtDVTLObBQLHaOElo=	\N	f	andrea36@example.org	MGO 500	t	f	f	2025-04-15 14:50:44.138131+03	\N	\N	\N	f	\N	\N
1334	pbkdf2_sha256$870000$gu8kvKiwmcDqTsGWIywrtm$XVP+8OGSOp82Y9ZSSGTFTKJQnrQBst4wd4uyWr8eULk=	\N	f	zblair@example.net	9U NQ344	t	f	f	2025-04-15 14:50:44.138131+03	\N	\N	\N	f	\N	\N
1335	pbkdf2_sha256$870000$EIHmLj6zFcZT7iFZtRGJ7U$usc0QuDuQrCNaGO8tmOYVJraRvdLbGjJVOgOF5bCEVI=	\N	f	bwilliams@example.org	6F 1128V	t	f	f	2025-04-15 14:50:44.138131+03	\N	\N	\N	f	\N	\N
1336	pbkdf2_sha256$870000$nIXqcb7dqgChd7KOukECEV$p808sJQ0clKCWJKZDwcTtG2qaG/IgxbSk4tB7xb0778=	\N	f	cunninghamlisa@example.org	1W 9944B	t	f	f	2025-04-15 14:50:44.138131+03	\N	\N	\N	f	\N	\N
1337	pbkdf2_sha256$870000$0Jnv089S3D3BiuzdTJ32o2$czBSQMN3a7lc5dCpIPaWW4WFyj4T32PQGZ7vKtLceuE=	\N	f	imarsh@example.net	84-DG22	t	f	f	2025-04-15 14:50:44.138131+03	\N	\N	\N	f	\N	\N
1338	pbkdf2_sha256$870000$onbrxngMYm91D2PlIFCqVD$M+CwTs6JitkXQUTByZSmLyYy3oV2vaVGC7ALbqJz7Ec=	\N	f	erikahuff@example.org	69VM721	t	f	f	2025-04-15 14:50:44.138131+03	\N	\N	\N	f	\N	\N
1339	pbkdf2_sha256$870000$QZ0QE2hEBwdhqAkEvvt88d$mp76RSBf9cAAUikhQlvqugU52o6qG0sb7ZvOjyVdPLY=	\N	f	okelly@example.net	137 AV6	t	f	f	2025-04-15 14:50:44.138131+03	\N	\N	\N	f	\N	\N
1340	pbkdf2_sha256$870000$D5ai3X0TlkNesxQE563LfR$remvfcrCAKf+ovZZH2ugLmMMhPHGDcnFiMrz5BibBs0=	\N	f	asteele@example.org	IXF 596	t	f	f	2025-04-15 14:50:44.138131+03	\N	\N	\N	f	\N	\N
1341	pbkdf2_sha256$870000$TgGD9LXCp7ztVLPREuvBdm$fSBID3KtJyQZ82fWD0QwPTI4RJNhLJzwUyhKw/zh+tI=	\N	f	patrick60@example.net	L 437291	t	f	f	2025-04-15 14:50:44.138131+03	\N	\N	\N	f	\N	\N
1342	pbkdf2_sha256$870000$W46nqoewYrTQNkrrDBde3y$1Lg43sJ9AQA/W0nIqt3c8zEpmxQVTiMKfM0ih7ag+pQ=	\N	f	josephharris@example.com	JS-1392	t	f	f	2025-04-15 14:50:44.138131+03	\N	\N	\N	f	\N	\N
1343	pbkdf2_sha256$870000$s8THVayZXUF5JCkwl5TAwm$RcAmZU+OrR5yeapB56eyjDdtIN8avWGJlMUsv38DAnc=	\N	f	georgeanderson@example.net	4TUJ517	t	f	f	2025-04-15 14:50:44.138131+03	\N	\N	\N	f	\N	\N
1344	pbkdf2_sha256$870000$TNYjAcPX0n1DlK6QND2jPf$rD9LGvaHeK+Ccc+nYlR80IAsJq386cb/TUTJ392Vjds=	\N	f	xgood@example.net	42-QR67	t	f	f	2025-04-15 14:50:44.138131+03	\N	\N	\N	f	\N	\N
1345	pbkdf2_sha256$870000$iLeIWricN3jZ5fiN2OW8Zb$nwp91yznj7XQfaOMdE9otorU1+dyajxy+2UQBQZqvv4=	\N	f	hallthomas@example.com	MHX 704	t	f	f	2025-04-15 14:50:44.138131+03	\N	\N	\N	f	\N	\N
1346	pbkdf2_sha256$870000$iON7GsjzG9y30XlU5BqL8U$hVN+EEgAqE8J01OiPVKlsy2wFIOMt7ESpmZngBLNoDw=	\N	f	kdavis@example.org	560-MPS	t	f	f	2025-04-15 14:50:44.138131+03	\N	\N	\N	f	\N	\N
1347	pbkdf2_sha256$870000$IQwoj6xh6fRt1oYQB0FmwF$qHkAVcWCyKvohLw0chWTAnY6f1o1yeRMqrCg+EoIOHM=	\N	f	jeremiahrivers@example.com	687 XZC	t	f	f	2025-04-15 14:50:44.138131+03	\N	\N	\N	f	\N	\N
1348	pbkdf2_sha256$870000$U16bctLwD9sprLJwaWFXGI$0mBu3mggMquqlNkWfKyW06d7Srs+pLpycXqUtx0a6e8=	\N	f	cassidy11@example.net	9N 4Z2HNF	t	f	f	2025-04-15 14:50:44.138131+03	\N	\N	\N	f	\N	\N
1349	pbkdf2_sha256$870000$Sat5KM5l2Hk5pCELZTdm35$pY9uOw2lFtLWYhi7fcKJy8wVpDMqRmhLpTGzj1ooEUs=	\N	f	molly09@example.net	S55-37T	t	f	f	2025-04-15 14:50:44.138131+03	\N	\N	\N	f	\N	\N
1350	pbkdf2_sha256$870000$LC7NgyZZA7P6gjGsnfmENf$pHPZy3y7JnxqW/BSrmqrYYydbqpQAdKIGmeyOcuGwuA=	\N	f	kfritz@example.org	CPF-687	t	f	f	2025-04-15 14:50:44.138131+03	\N	\N	\N	f	\N	\N
1351	pbkdf2_sha256$870000$lwksJZd1fSAD3ScadHEMEp$opd+BBZ+S5bAHCW/VdL4NjsiaNorYB7uQi6DP3Qp3OY=	\N	f	butlernathan@example.net	GRA 719	t	f	f	2025-04-15 14:50:44.138131+03	\N	\N	\N	f	\N	\N
1352	pbkdf2_sha256$870000$CK1RzsJnpsUbGIpz9oUn5a$DA+gLiCHxX3iOHoNRcTWE3coneAsKIzK3lSNKIAc+4o=	\N	f	fthomas@example.org	S22 9BV	t	f	f	2025-04-15 14:50:44.138131+03	\N	\N	\N	f	\N	\N
1353	pbkdf2_sha256$870000$QPvrRt3JNzlVSSuYltiKL6$AYiuqNKLNy0aV17IYOJhd+HZuM11BXEiT0IvHFfZoBU=	\N	f	robert81@example.net	1YH7056	t	f	f	2025-04-15 14:50:44.138131+03	\N	\N	\N	f	\N	\N
1354	pbkdf2_sha256$870000$DRgNsbz7mv5pUBl4Y8TrHv$WtVSulLH002vi6lsvbkvw63I+z1UBWIRTGXbAd6nqIg=	\N	f	lisa11@example.com	SX-7995	t	f	f	2025-04-15 14:50:44.138131+03	\N	\N	\N	f	\N	\N
1355	pbkdf2_sha256$870000$8TKRj5p2dHuqdBIBTryi5M$xCIOd4xx6Jc3eimf4C2ENpxC/J2ZxADUoSgP0IaL5uA=	\N	f	brownjason@example.org	96-55597	t	f	f	2025-04-15 14:50:44.138131+03	\N	\N	\N	f	\N	\N
1356	pbkdf2_sha256$870000$9WPMLZHXLhmgKhDdYDIlpC$XEyaatCRHQ24SpyAmMYALAIkZWReX+UodqH0yQAMKHY=	\N	f	robert39@example.com	240 NIF	t	f	f	2025-04-15 14:50:44.138131+03	\N	\N	\N	f	\N	\N
1357	pbkdf2_sha256$870000$f6GW5IoHq8wW1OeK60MTED$B34JyGzDkpp0I1mQvCNva5GALFBtIZ4wsK7HNasgcW8=	\N	f	danielle39@example.org	Q81-YGE	t	f	f	2025-04-15 14:50:44.138131+03	\N	\N	\N	f	\N	\N
1358	pbkdf2_sha256$870000$KVUR4kKSKHBoVrG3mCl80R$RWUdHxNQIBuBRWsN9Qxom8aqjrfIIOxemlGYFBGMV4s=	\N	f	anthony27@example.com	7-L7258	t	f	f	2025-04-15 14:50:44.138131+03	\N	\N	\N	f	\N	\N
1359	pbkdf2_sha256$870000$YBIaIOo6PwHNmGWmdiFwmh$ceg7YY/vuH5nI1PJm74JzlYYvR6vPMZHe6Y+axcNl8A=	\N	f	dmorgan@example.com	08-R702	t	f	f	2025-04-15 14:50:44.138131+03	\N	\N	\N	f	\N	\N
1360	pbkdf2_sha256$870000$CPfH4q2FpPGYKKsCMPUimA$aQp8YQ3T2VWg3bl5CnY85Vmrc5t4ytvfhmQEh/RevKU=	\N	f	snowmichael@example.net	537N	t	f	f	2025-04-15 14:50:44.138131+03	\N	\N	\N	f	\N	\N
1361	pbkdf2_sha256$870000$0sntwN6A0gprVl4U8fOGuJ$0t7mvDuAUN4rdQk5n/qcI7qVkTEBJbknMLS6TB9BNu4=	\N	f	brewerjacob@example.org	ZNU 069	t	f	f	2025-04-15 14:50:44.138131+03	\N	\N	\N	f	\N	\N
1362	pbkdf2_sha256$870000$k6l8JIyQVIwTxskvZBMRjq$DIY0GwD721siORHapuWSyhEj/7AsZ52fzJtSsj67c54=	\N	f	lopeztracy@example.com	888 3XA	t	f	f	2025-04-15 14:50:44.138131+03	\N	\N	\N	f	\N	\N
1363	pbkdf2_sha256$870000$SdPgKaWnSyRTLh356MH4HO$yVuFMsbHpnzVWh8mTJBA4ZKeYmSMQvLzNflUU0Vn5Pk=	\N	f	gina97@example.net	673-186	t	f	f	2025-04-15 14:50:44.138131+03	\N	\N	\N	f	\N	\N
13	pbkdf2_sha256$1000000$gJALXFMOO1CpAPFREGvqS3$AHh3AATJ6EabK8dN/xyA3HXEjFoMfhJOFdG40mYUzyw=	2025-05-01 20:16:32.733874+03	f	amugusik12@gmail.com	Н823ПП	t	f	t	2025-04-15 14:50:44.138131+03	\N	\N	\N	f	\N	\N
10	pbkdf2_sha256$1000000$C7KjWLaaUXFmYP5Q0FQg7w$76SSHOfZ+jAVJ0Zl/tWiiMKzVpMC3mXIfpYAFhCglVA=	2025-05-12 13:17:07.653795+03	t	kazahpowerhahui@gmail.com	М755ОГ	t	t	f	2025-04-15 14:50:44.138131+03	individual	\N	34567898765456787654	t	gAAAAABoEI8_sy4H9sPE7RtZggoqyysQzAVRwMsQKjcoG5LCG1GTZEItBFnhrSFz4BLINISOPam6SF-_WrC9AgU-E_vUPLKndg==	\N
\.


--
-- TOC entry 3478 (class 0 OID 18473)
-- Dependencies: 229
-- Data for Name: booking_user_groups; Type: TABLE DATA; Schema: public; Owner: -
--

COPY public.booking_user_groups (id, user_id, group_id) FROM stdin;
\.


--
-- TOC entry 3480 (class 0 OID 18479)
-- Dependencies: 231
-- Data for Name: booking_user_user_permissions; Type: TABLE DATA; Schema: public; Owner: -
--

COPY public.booking_user_user_permissions (id, user_id, permission_id) FROM stdin;
\.


--
-- TOC entry 3482 (class 0 OID 18514)
-- Dependencies: 233
-- Data for Name: django_admin_log; Type: TABLE DATA; Schema: public; Owner: -
--

COPY public.django_admin_log (id, action_time, object_id, object_repr, action_flag, change_message, content_type_id, user_id) FROM stdin;
1	2025-03-12 11:05:22.877233+03	1	Парковка на Ленина	1	[{"added": {}}]	6	10
2	2025-03-18 16:34:13.056747+03	2	Парковка рядом с бизнес-центром "Саратов"	1	[{"added": {}}]	6	10
3	2025-03-21 10:28:10.740762+03	2	Парковка рядом с бизнес-центром "Саратов"	2	[{"changed": {"fields": ["\\u0424\\u043e\\u0442\\u043e \\u043f\\u0430\\u0440\\u043a\\u043e\\u0432\\u043a\\u0438"]}}]	6	10
4	2025-03-21 14:19:10.490722+03	12	isip_a.a.lavrov@mpt.ru	3		7	10
5	2025-03-21 14:19:16.510556+03	10	kazahpowerhahui@gmail.com	2	[{"changed": {"fields": ["\\u0417\\u0430\\u0431\\u043b\\u043e\\u043a\\u0438\\u0440\\u043e\\u0432\\u0430\\u043d"]}}]	7	10
6	2025-03-22 11:28:14.9844+03	2	Парковка рядом с бизнес-центром "Саратов"	2	[{"changed": {"fields": ["\\u0424\\u043e\\u0442\\u043e \\u043f\\u0430\\u0440\\u043a\\u043e\\u0432\\u043a\\u0438"]}}]	6	10
7	2025-03-22 11:28:31.325683+03	2	Парковка рядом с бизнес-центром "Саратов"	2	[{"changed": {"fields": ["\\u0424\\u043e\\u0442\\u043e \\u043f\\u0430\\u0440\\u043a\\u043e\\u0432\\u043a\\u0438"]}}]	6	10
8	2025-03-23 16:18:43.44436+03	1	Парковка на Ленина	2	[{"changed": {"fields": ["\\u0410\\u0434\\u0440\\u0435\\u0441"]}}]	6	10
9	2025-03-23 16:37:06.369205+03	1	Парковка на Ленина	2	[{"changed": {"fields": ["Latitude", "Longitude"]}}]	6	10
10	2025-03-23 16:48:27.556882+03	1	Парковка на Ленина	2	[]	6	10
11	2025-03-24 12:11:23.922917+03	2	Парковка рядом с бизнес-центром "Саратов"	2	[{"changed": {"fields": ["\\u0410\\u0434\\u0440\\u0435\\u0441", "Latitude", "Longitude"]}}]	6	10
12	2025-03-24 12:21:44.947124+03	2	Парковка рядом с бизнес-центром "Саратов"	2	[{"changed": {"fields": ["\\u0410\\u0434\\u0440\\u0435\\u0441", "Latitude", "Longitude"]}}]	6	10
13	2025-03-24 20:21:16.523426+03	1	Парковка на Ленина	2	[{"changed": {"fields": ["IP \\u0448\\u043b\\u0430\\u0433\\u0431\\u0430\\u0443\\u043c\\u0430"]}}]	6	10
14	2025-03-25 14:32:49.488536+03	1	Парковка на Ленина	2	[]	6	10
15	2025-03-25 14:33:10.492209+03	2	Парковка рядом с бизнес-центром "Саратов"	2	[{"changed": {"fields": ["\\u0414\\u043e\\u0441\\u0442\\u0443\\u043f\\u043d\\u0430"]}}]	6	10
16	2025-03-25 16:22:25.664426+03	1	Парковка на Ленина	2	[{"changed": {"fields": ["\\u0424\\u043e\\u0442\\u043e \\u043f\\u0430\\u0440\\u043a\\u043e\\u0432\\u043a\\u0438"]}}]	6	10
17	2025-03-30 13:25:34.711162+03	1	Парковка на Ленина	2	[{"changed": {"fields": ["IP \\u0448\\u043b\\u0430\\u0433\\u0431\\u0430\\u0443\\u043c\\u0430"]}}]	6	10
18	2025-04-02 22:15:03.9237+03	2	Парковка рядом с бизнес-центром "Саратов"	2	[{"changed": {"fields": ["\\u0414\\u043e\\u0441\\u0442\\u0443\\u043f\\u043d\\u0430"]}}]	6	10
19	2025-04-09 23:21:29.194699+03	2	Парковка рядом с бизнес-центром "Саратов"	2	[{"changed": {"fields": ["\\u0424\\u043e\\u0442\\u043e \\u043f\\u0430\\u0440\\u043a\\u043e\\u0432\\u043a\\u0438"]}}]	6	10
20	2025-04-09 23:24:25.604098+03	2	Парковка рядом с бизнес-центром "Саратов"	2	[{"changed": {"fields": ["\\u0424\\u043e\\u0442\\u043e \\u043f\\u0430\\u0440\\u043a\\u043e\\u0432\\u043a\\u0438"]}}]	6	10
21	2025-04-17 18:06:10.589087+03	1	Парковка на Ленина	2	[{"changed": {"fields": ["\\u0422\\u0430\\u0440\\u0438\\u0444 \\u0437\\u0430 \\u0447\\u0430\\u0441"]}}]	6	10
22	2025-04-17 18:06:20.129132+03	2	Парковка рядом с бизнес-центром "Саратов"	2	[{"changed": {"fields": ["\\u0414\\u043e\\u0441\\u0442\\u0443\\u043f\\u043d\\u0430"]}}]	6	10
23	2025-04-24 13:56:36.9349+03	2	Парковка рядом с бизнес-центром "Саратов"	2	[{"changed": {"fields": ["IP \\u0448\\u043b\\u0430\\u0433\\u0431\\u0430\\u0443\\u043c\\u0430", "\\u0414\\u043e\\u0441\\u0442\\u0443\\u043f\\u043d\\u0430"]}}]	6	10
24	2025-04-24 13:56:53.35973+03	2	Парковка рядом с бизнес-центром "Саратов"	2	[{"changed": {"fields": ["\\u0424\\u043e\\u0442\\u043e \\u043f\\u0430\\u0440\\u043a\\u043e\\u0432\\u043a\\u0438"]}}]	6	10
25	2025-04-28 14:28:30.732145+03	2	Парковка рядом с бизнес-центром "Саратов"	2	[{"changed": {"fields": ["\\u0412\\u043b\\u0430\\u0434\\u0435\\u043b\\u0435\\u0446 \\u043f\\u0430\\u0440\\u043a\\u043e\\u0432\\u043a\\u0438"]}}]	6	10
26	2025-04-28 14:46:07.124515+03	2	Парковка рядом с бизнес-центром "Саратов"	2	[]	6	10
27	2025-04-30 14:18:50.623855+03	4	Парковка West Plaza	2	[{"changed": {"fields": ["\\u0414\\u043e\\u0441\\u0442\\u0443\\u043f\\u043d\\u0430"]}}]	6	10
28	2025-04-30 14:18:56.822235+03	3	Парковка во дворе Фили	2	[{"changed": {"fields": ["\\u0410\\u0434\\u0440\\u0435\\u0441", "Latitude", "Longitude", "\\u0414\\u043e\\u0441\\u0442\\u0443\\u043f\\u043d\\u0430"]}}]	6	10
29	2025-05-09 17:30:03.309155+03	1	Парковка на Ленина	2	[{"changed": {"fields": ["IP \\u0448\\u043b\\u0430\\u0433\\u0431\\u0430\\u0443\\u043c\\u0430"]}}]	6	10
\.


--
-- TOC entry 3466 (class 0 OID 18402)
-- Dependencies: 217
-- Data for Name: django_content_type; Type: TABLE DATA; Schema: public; Owner: -
--

COPY public.django_content_type (id, app_label, model) FROM stdin;
1	admin	logentry
2	auth	permission
3	auth	group
4	contenttypes	contenttype
5	sessions	session
6	booking	parkingzone
7	booking	user
8	booking	booking
9	booking	fine
10	booking	review
\.


--
-- TOC entry 3464 (class 0 OID 18394)
-- Dependencies: 215
-- Data for Name: django_migrations; Type: TABLE DATA; Schema: public; Owner: -
--

COPY public.django_migrations (id, app, name, applied) FROM stdin;
1	contenttypes	0001_initial	2025-03-11 11:15:30.667257+03
2	contenttypes	0002_remove_content_type_name	2025-03-11 11:15:30.680188+03
3	auth	0001_initial	2025-03-11 11:15:30.732507+03
4	auth	0002_alter_permission_name_max_length	2025-03-11 11:15:30.735504+03
5	auth	0003_alter_user_email_max_length	2025-03-11 11:15:30.739664+03
6	auth	0004_alter_user_username_opts	2025-03-11 11:15:30.74402+03
7	auth	0005_alter_user_last_login_null	2025-03-11 11:15:30.748533+03
8	auth	0006_require_contenttypes_0002	2025-03-11 11:15:30.750537+03
9	auth	0007_alter_validators_add_error_messages	2025-03-11 11:15:30.754534+03
10	auth	0008_alter_user_username_max_length	2025-03-11 11:15:30.759573+03
11	auth	0009_alter_user_last_name_max_length	2025-03-11 11:15:30.763534+03
12	auth	0010_alter_group_name_max_length	2025-03-11 11:15:30.780828+03
13	auth	0011_update_proxy_permissions	2025-03-11 11:15:30.784825+03
14	auth	0012_alter_user_first_name_max_length	2025-03-11 11:15:30.788862+03
15	booking	0001_initial	2025-03-11 11:15:30.854109+03
16	admin	0001_initial	2025-03-11 11:15:30.877978+03
17	admin	0002_logentry_remove_auto_add	2025-03-11 11:15:30.882879+03
18	admin	0003_logentry_add_action_flag_choices	2025-03-11 11:15:30.887877+03
19	sessions	0001_initial	2025-03-11 11:15:30.905728+03
20	booking	0002_booking	2025-03-12 13:00:10.806033+03
21	booking	0003_booking_penalty_alter_booking_status	2025-03-12 15:26:48.574957+03
22	booking	0004_booking_price	2025-03-21 18:14:16.141785+03
23	booking	0005_fine	2025-03-23 12:53:58.731418+03
24	booking	0006_parkingzone_latitude_parkingzone_longitude	2025-03-23 16:33:14.553092+03
25	booking	0007_parkingzone_barrier_ip	2025-03-24 20:03:05.933849+03
26	booking	0008_user_date_joined	2025-04-15 14:50:44.173298+03
27	booking	0009_parkingzone_owner_user_account_type_and_more	2025-04-27 16:23:22.849802+03
28	booking	0010_user_passport_data	2025-04-27 17:30:51.038191+03
29	booking	0011_user_phone_number	2025-04-27 18:46:59.312924+03
30	booking	0012_parkingzone_is_visible	2025-04-29 12:41:37.965941+03
31	booking	0013_review	2025-05-01 12:16:49.800277+03
\.


--
-- TOC entry 3483 (class 0 OID 18534)
-- Dependencies: 234
-- Data for Name: django_session; Type: TABLE DATA; Schema: public; Owner: -
--

COPY public.django_session (session_key, session_data, expire_date) FROM stdin;
ye3z8m1o0qqa4vrmpffm7tsl4p4na2a9	.eJxVjEEOwiAQRe_C2pABKgSX7j0Dmc4MUjWQlHbVeHdt0oVu_3vvbyrhupS0dpnTxOqiDKjT7zgiPaXuhB9Y701Tq8s8jXpX9EG7vjWW1_Vw_w4K9vKtJWd0mZwFazxxcDaLkBtsROvFAwpCBEDMyMYjsONAIYr3Lgxszur9ASruOKg:1trwoP:wxqBJhuAXAil53Zs8U60cY0fMtgtLvChn4oIbmkDZE0	2025-03-25 13:26:13.251504+03
xwc01f0jem1wxst5zs20p8ftke6zkhau	.eJxVjEEOwiAQRe_C2pABKgSX7j0Dmc4MUjWQlHbVeHdt0oVu_3vvbyrhupS0dpnTxOqiDKjT7zgiPaXuhB9Y701Tq8s8jXpX9EG7vjWW1_Vw_w4K9vKtJWd0mZwFazxxcDaLkBtsROvFAwpCBEDMyMYjsONAIYr3Lgxszur9ASruOKg:1trxcS:F5eR0MvAeIXbptsI4DYSw9Y1lyOvn4upopGpybT4Zn8	2025-03-25 14:17:56.030621+03
h32pyqxj88g3i9h8wdq9vkwdxa9g10lg	.eJxVjDsOwyAQBe9CHSFYYz4p0_sMaIElOIlAMnYV5e6xJRdJ-2bmvZnHbS1-67T4ObErkwO7_I4B45PqQdID673x2Oq6zIEfCj9p51NL9Lqd7t9BwV722qUBpJRCGgF6iAjCpWAMGBAasxuDVkAKrchjMnYXlctApElqG50K7PMFy4E23A:1tu6YM:N456Ku5_3mWqc1I993aGY82is_gMr7GdBDU6QUTaAY8	2025-03-31 12:14:34.116771+03
vx2pyripxrfk5mzv7jgwinhm2amt01gz	.eJxVjDsOwjAQRO_iGln-xD9K-pzBWq_XOIASKU4qxN1xpBSgaUbzZubNIuxbjXujNU6ZXZkU7PIbJsAnzQfJD5jvC8dl3tYp8aPCT9r4uGR63c7u30GFVvsafXJEmBBSVzHFaOUcWgtglLdkBl-0sKTIGS1QSW1lCEZ0MxSpA_t8ATKdN80:1uEQDb:vjHRmvhAMGHtqDD2Oi39Tx8ir2RkMPInqqgXfMQBQAM	2025-05-26 13:17:07.653795+03
dy59yj22ao6hm70temye8n8d61obtbot	.eJxVjTkOwjAQRe_iGiInXuKhpOcM1nhmTFgUozgICcTdSSQKKH7zl_dfKuJ9HuK9yhRPrHaq1Wrzayaki4xrwmccj6WhMs7TKTVrpfmmtTkUluv-2_0DDFiHZW2pd2JTTsm5jOxbhkTSQ6uTRkTxXTYCFtByyOANZGMBOgtignEEK_SGtT7KxHGSKnOcy_K2oGkc6HndshbJPekui4TeGd8GsuAZTaBFrN4fxvxOIw:1tyqCx:dl7opWaUqN39gEl2lWMrFIRgJqaU5juai5nT0MyHQho	2025-04-13 13:48:03.080066+03
\.


--
-- TOC entry 3495 (class 0 OID 0)
-- Dependencies: 220
-- Name: auth_group_id_seq; Type: SEQUENCE SET; Schema: public; Owner: -
--

SELECT pg_catalog.setval('public.auth_group_id_seq', 1, false);


--
-- TOC entry 3496 (class 0 OID 0)
-- Dependencies: 222
-- Name: auth_group_permissions_id_seq; Type: SEQUENCE SET; Schema: public; Owner: -
--

SELECT pg_catalog.setval('public.auth_group_permissions_id_seq', 1, false);


--
-- TOC entry 3497 (class 0 OID 0)
-- Dependencies: 218
-- Name: auth_permission_id_seq; Type: SEQUENCE SET; Schema: public; Owner: -
--

SELECT pg_catalog.setval('public.auth_permission_id_seq', 40, true);


--
-- TOC entry 3498 (class 0 OID 0)
-- Dependencies: 235
-- Name: booking_booking_id_seq; Type: SEQUENCE SET; Schema: public; Owner: -
--

SELECT pg_catalog.setval('public.booking_booking_id_seq', 100, true);


--
-- TOC entry 3499 (class 0 OID 0)
-- Dependencies: 237
-- Name: booking_fine_id_seq; Type: SEQUENCE SET; Schema: public; Owner: -
--

SELECT pg_catalog.setval('public.booking_fine_id_seq', 7, true);


--
-- TOC entry 3500 (class 0 OID 0)
-- Dependencies: 224
-- Name: booking_parkingzone_id_seq; Type: SEQUENCE SET; Schema: public; Owner: -
--

SELECT pg_catalog.setval('public.booking_parkingzone_id_seq', 4, true);


--
-- TOC entry 3501 (class 0 OID 0)
-- Dependencies: 239
-- Name: booking_review_id_seq; Type: SEQUENCE SET; Schema: public; Owner: -
--

SELECT pg_catalog.setval('public.booking_review_id_seq', 1, true);


--
-- TOC entry 3502 (class 0 OID 0)
-- Dependencies: 228
-- Name: booking_user_groups_id_seq; Type: SEQUENCE SET; Schema: public; Owner: -
--

SELECT pg_catalog.setval('public.booking_user_groups_id_seq', 1, false);


--
-- TOC entry 3503 (class 0 OID 0)
-- Dependencies: 226
-- Name: booking_user_id_seq; Type: SEQUENCE SET; Schema: public; Owner: -
--

SELECT pg_catalog.setval('public.booking_user_id_seq', 1363, true);


--
-- TOC entry 3504 (class 0 OID 0)
-- Dependencies: 230
-- Name: booking_user_user_permissions_id_seq; Type: SEQUENCE SET; Schema: public; Owner: -
--

SELECT pg_catalog.setval('public.booking_user_user_permissions_id_seq', 1, false);


--
-- TOC entry 3505 (class 0 OID 0)
-- Dependencies: 232
-- Name: django_admin_log_id_seq; Type: SEQUENCE SET; Schema: public; Owner: -
--

SELECT pg_catalog.setval('public.django_admin_log_id_seq', 29, true);


--
-- TOC entry 3506 (class 0 OID 0)
-- Dependencies: 216
-- Name: django_content_type_id_seq; Type: SEQUENCE SET; Schema: public; Owner: -
--

SELECT pg_catalog.setval('public.django_content_type_id_seq', 10, true);


--
-- TOC entry 3507 (class 0 OID 0)
-- Dependencies: 214
-- Name: django_migrations_id_seq; Type: SEQUENCE SET; Schema: public; Owner: -
--

SELECT pg_catalog.setval('public.django_migrations_id_seq', 31, true);


--
-- TOC entry 3253 (class 2606 OID 18453)
-- Name: auth_group auth_group_name_key; Type: CONSTRAINT; Schema: public; Owner: -
--

ALTER TABLE ONLY public.auth_group
    ADD CONSTRAINT auth_group_name_key UNIQUE (name);


--
-- TOC entry 3258 (class 2606 OID 18439)
-- Name: auth_group_permissions auth_group_permissions_group_id_permission_id_0cd325b0_uniq; Type: CONSTRAINT; Schema: public; Owner: -
--

ALTER TABLE ONLY public.auth_group_permissions
    ADD CONSTRAINT auth_group_permissions_group_id_permission_id_0cd325b0_uniq UNIQUE (group_id, permission_id);


--
-- TOC entry 3261 (class 2606 OID 18428)
-- Name: auth_group_permissions auth_group_permissions_pkey; Type: CONSTRAINT; Schema: public; Owner: -
--

ALTER TABLE ONLY public.auth_group_permissions
    ADD CONSTRAINT auth_group_permissions_pkey PRIMARY KEY (id);


--
-- TOC entry 3255 (class 2606 OID 18420)
-- Name: auth_group auth_group_pkey; Type: CONSTRAINT; Schema: public; Owner: -
--

ALTER TABLE ONLY public.auth_group
    ADD CONSTRAINT auth_group_pkey PRIMARY KEY (id);


--
-- TOC entry 3248 (class 2606 OID 18430)
-- Name: auth_permission auth_permission_content_type_id_codename_01ab375a_uniq; Type: CONSTRAINT; Schema: public; Owner: -
--

ALTER TABLE ONLY public.auth_permission
    ADD CONSTRAINT auth_permission_content_type_id_codename_01ab375a_uniq UNIQUE (content_type_id, codename);


--
-- TOC entry 3250 (class 2606 OID 18414)
-- Name: auth_permission auth_permission_pkey; Type: CONSTRAINT; Schema: public; Owner: -
--

ALTER TABLE ONLY public.auth_permission
    ADD CONSTRAINT auth_permission_pkey PRIMARY KEY (id);


--
-- TOC entry 3292 (class 2606 OID 18549)
-- Name: booking_booking booking_booking_pkey; Type: CONSTRAINT; Schema: public; Owner: -
--

ALTER TABLE ONLY public.booking_booking
    ADD CONSTRAINT booking_booking_pkey PRIMARY KEY (id);


--
-- TOC entry 3295 (class 2606 OID 18551)
-- Name: booking_booking booking_booking_reservation_code_key; Type: CONSTRAINT; Schema: public; Owner: -
--

ALTER TABLE ONLY public.booking_booking
    ADD CONSTRAINT booking_booking_reservation_code_key UNIQUE (reservation_code);


--
-- TOC entry 3299 (class 2606 OID 26765)
-- Name: booking_fine booking_fine_pkey; Type: CONSTRAINT; Schema: public; Owner: -
--

ALTER TABLE ONLY public.booking_fine
    ADD CONSTRAINT booking_fine_pkey PRIMARY KEY (id);


--
-- TOC entry 3264 (class 2606 OID 18463)
-- Name: booking_parkingzone booking_parkingzone_pkey; Type: CONSTRAINT; Schema: public; Owner: -
--

ALTER TABLE ONLY public.booking_parkingzone
    ADD CONSTRAINT booking_parkingzone_pkey PRIMARY KEY (id);


--
-- TOC entry 3302 (class 2606 OID 26804)
-- Name: booking_review booking_review_parking_id_user_id_bd433edf_uniq; Type: CONSTRAINT; Schema: public; Owner: -
--

ALTER TABLE ONLY public.booking_review
    ADD CONSTRAINT booking_review_parking_id_user_id_bd433edf_uniq UNIQUE (parking_id, user_id);


--
-- TOC entry 3304 (class 2606 OID 26802)
-- Name: booking_review booking_review_pkey; Type: CONSTRAINT; Schema: public; Owner: -
--

ALTER TABLE ONLY public.booking_review
    ADD CONSTRAINT booking_review_pkey PRIMARY KEY (id);


--
-- TOC entry 3267 (class 2606 OID 18471)
-- Name: booking_user booking_user_email_key; Type: CONSTRAINT; Schema: public; Owner: -
--

ALTER TABLE ONLY public.booking_user
    ADD CONSTRAINT booking_user_email_key UNIQUE (email);


--
-- TOC entry 3272 (class 2606 OID 18477)
-- Name: booking_user_groups booking_user_groups_pkey; Type: CONSTRAINT; Schema: public; Owner: -
--

ALTER TABLE ONLY public.booking_user_groups
    ADD CONSTRAINT booking_user_groups_pkey PRIMARY KEY (id);


--
-- TOC entry 3275 (class 2606 OID 18486)
-- Name: booking_user_groups booking_user_groups_user_id_group_id_016aa640_uniq; Type: CONSTRAINT; Schema: public; Owner: -
--

ALTER TABLE ONLY public.booking_user_groups
    ADD CONSTRAINT booking_user_groups_user_id_group_id_016aa640_uniq UNIQUE (user_id, group_id);


--
-- TOC entry 3269 (class 2606 OID 18469)
-- Name: booking_user booking_user_pkey; Type: CONSTRAINT; Schema: public; Owner: -
--

ALTER TABLE ONLY public.booking_user
    ADD CONSTRAINT booking_user_pkey PRIMARY KEY (id);


--
-- TOC entry 3277 (class 2606 OID 18500)
-- Name: booking_user_user_permissions booking_user_user_permis_user_id_permission_id_86d001d0_uniq; Type: CONSTRAINT; Schema: public; Owner: -
--

ALTER TABLE ONLY public.booking_user_user_permissions
    ADD CONSTRAINT booking_user_user_permis_user_id_permission_id_86d001d0_uniq UNIQUE (user_id, permission_id);


--
-- TOC entry 3280 (class 2606 OID 18483)
-- Name: booking_user_user_permissions booking_user_user_permissions_pkey; Type: CONSTRAINT; Schema: public; Owner: -
--

ALTER TABLE ONLY public.booking_user_user_permissions
    ADD CONSTRAINT booking_user_user_permissions_pkey PRIMARY KEY (id);


--
-- TOC entry 3284 (class 2606 OID 18521)
-- Name: django_admin_log django_admin_log_pkey; Type: CONSTRAINT; Schema: public; Owner: -
--

ALTER TABLE ONLY public.django_admin_log
    ADD CONSTRAINT django_admin_log_pkey PRIMARY KEY (id);


--
-- TOC entry 3243 (class 2606 OID 18408)
-- Name: django_content_type django_content_type_app_label_model_76bd3d3b_uniq; Type: CONSTRAINT; Schema: public; Owner: -
--

ALTER TABLE ONLY public.django_content_type
    ADD CONSTRAINT django_content_type_app_label_model_76bd3d3b_uniq UNIQUE (app_label, model);


--
-- TOC entry 3245 (class 2606 OID 18406)
-- Name: django_content_type django_content_type_pkey; Type: CONSTRAINT; Schema: public; Owner: -
--

ALTER TABLE ONLY public.django_content_type
    ADD CONSTRAINT django_content_type_pkey PRIMARY KEY (id);


--
-- TOC entry 3241 (class 2606 OID 18400)
-- Name: django_migrations django_migrations_pkey; Type: CONSTRAINT; Schema: public; Owner: -
--

ALTER TABLE ONLY public.django_migrations
    ADD CONSTRAINT django_migrations_pkey PRIMARY KEY (id);


--
-- TOC entry 3288 (class 2606 OID 18540)
-- Name: django_session django_session_pkey; Type: CONSTRAINT; Schema: public; Owner: -
--

ALTER TABLE ONLY public.django_session
    ADD CONSTRAINT django_session_pkey PRIMARY KEY (session_key);


--
-- TOC entry 3251 (class 1259 OID 18454)
-- Name: auth_group_name_a6ea08ec_like; Type: INDEX; Schema: public; Owner: -
--

CREATE INDEX auth_group_name_a6ea08ec_like ON public.auth_group USING btree (name varchar_pattern_ops);


--
-- TOC entry 3256 (class 1259 OID 18450)
-- Name: auth_group_permissions_group_id_b120cbf9; Type: INDEX; Schema: public; Owner: -
--

CREATE INDEX auth_group_permissions_group_id_b120cbf9 ON public.auth_group_permissions USING btree (group_id);


--
-- TOC entry 3259 (class 1259 OID 18451)
-- Name: auth_group_permissions_permission_id_84c5c92e; Type: INDEX; Schema: public; Owner: -
--

CREATE INDEX auth_group_permissions_permission_id_84c5c92e ON public.auth_group_permissions USING btree (permission_id);


--
-- TOC entry 3246 (class 1259 OID 18436)
-- Name: auth_permission_content_type_id_2f476e4b; Type: INDEX; Schema: public; Owner: -
--

CREATE INDEX auth_permission_content_type_id_2f476e4b ON public.auth_permission USING btree (content_type_id);


--
-- TOC entry 3290 (class 1259 OID 18563)
-- Name: booking_booking_parkingzone_id_af7769dc; Type: INDEX; Schema: public; Owner: -
--

CREATE INDEX booking_booking_parkingzone_id_af7769dc ON public.booking_booking USING btree (parkingzone_id);


--
-- TOC entry 3293 (class 1259 OID 18562)
-- Name: booking_booking_reservation_code_3f8ddfeb_like; Type: INDEX; Schema: public; Owner: -
--

CREATE INDEX booking_booking_reservation_code_3f8ddfeb_like ON public.booking_booking USING btree (reservation_code varchar_pattern_ops);


--
-- TOC entry 3296 (class 1259 OID 18564)
-- Name: booking_booking_user_id_e1eb6912; Type: INDEX; Schema: public; Owner: -
--

CREATE INDEX booking_booking_user_id_e1eb6912 ON public.booking_booking USING btree (user_id);


--
-- TOC entry 3297 (class 1259 OID 26771)
-- Name: booking_fine_booking_id_7a57c094; Type: INDEX; Schema: public; Owner: -
--

CREATE INDEX booking_fine_booking_id_7a57c094 ON public.booking_fine USING btree (booking_id);


--
-- TOC entry 3262 (class 1259 OID 26792)
-- Name: booking_parkingzone_owner_id_5d2b5596; Type: INDEX; Schema: public; Owner: -
--

CREATE INDEX booking_parkingzone_owner_id_5d2b5596 ON public.booking_parkingzone USING btree (owner_id);


--
-- TOC entry 3300 (class 1259 OID 26815)
-- Name: booking_review_parking_id_9bec957a; Type: INDEX; Schema: public; Owner: -
--

CREATE INDEX booking_review_parking_id_9bec957a ON public.booking_review USING btree (parking_id);


--
-- TOC entry 3305 (class 1259 OID 26816)
-- Name: booking_review_user_id_bdcc59e4; Type: INDEX; Schema: public; Owner: -
--

CREATE INDEX booking_review_user_id_bdcc59e4 ON public.booking_review USING btree (user_id);


--
-- TOC entry 3265 (class 1259 OID 18484)
-- Name: booking_user_email_5c60a88d_like; Type: INDEX; Schema: public; Owner: -
--

CREATE INDEX booking_user_email_5c60a88d_like ON public.booking_user USING btree (email varchar_pattern_ops);


--
-- TOC entry 3270 (class 1259 OID 18498)
-- Name: booking_user_groups_group_id_cfde3d58; Type: INDEX; Schema: public; Owner: -
--

CREATE INDEX booking_user_groups_group_id_cfde3d58 ON public.booking_user_groups USING btree (group_id);


--
-- TOC entry 3273 (class 1259 OID 18497)
-- Name: booking_user_groups_user_id_1fdaace7; Type: INDEX; Schema: public; Owner: -
--

CREATE INDEX booking_user_groups_user_id_1fdaace7 ON public.booking_user_groups USING btree (user_id);


--
-- TOC entry 3278 (class 1259 OID 18512)
-- Name: booking_user_user_permissions_permission_id_69c0fd5d; Type: INDEX; Schema: public; Owner: -
--

CREATE INDEX booking_user_user_permissions_permission_id_69c0fd5d ON public.booking_user_user_permissions USING btree (permission_id);


--
-- TOC entry 3281 (class 1259 OID 18511)
-- Name: booking_user_user_permissions_user_id_2c38ee1f; Type: INDEX; Schema: public; Owner: -
--

CREATE INDEX booking_user_user_permissions_user_id_2c38ee1f ON public.booking_user_user_permissions USING btree (user_id);


--
-- TOC entry 3282 (class 1259 OID 18532)
-- Name: django_admin_log_content_type_id_c4bce8eb; Type: INDEX; Schema: public; Owner: -
--

CREATE INDEX django_admin_log_content_type_id_c4bce8eb ON public.django_admin_log USING btree (content_type_id);


--
-- TOC entry 3285 (class 1259 OID 18533)
-- Name: django_admin_log_user_id_c564eba6; Type: INDEX; Schema: public; Owner: -
--

CREATE INDEX django_admin_log_user_id_c564eba6 ON public.django_admin_log USING btree (user_id);


--
-- TOC entry 3286 (class 1259 OID 18542)
-- Name: django_session_expire_date_a5c62663; Type: INDEX; Schema: public; Owner: -
--

CREATE INDEX django_session_expire_date_a5c62663 ON public.django_session USING btree (expire_date);


--
-- TOC entry 3289 (class 1259 OID 18541)
-- Name: django_session_session_key_c0390e0f_like; Type: INDEX; Schema: public; Owner: -
--

CREATE INDEX django_session_session_key_c0390e0f_like ON public.django_session USING btree (session_key varchar_pattern_ops);


--
-- TOC entry 3307 (class 2606 OID 18445)
-- Name: auth_group_permissions auth_group_permissio_permission_id_84c5c92e_fk_auth_perm; Type: FK CONSTRAINT; Schema: public; Owner: -
--

ALTER TABLE ONLY public.auth_group_permissions
    ADD CONSTRAINT auth_group_permissio_permission_id_84c5c92e_fk_auth_perm FOREIGN KEY (permission_id) REFERENCES public.auth_permission(id) DEFERRABLE INITIALLY DEFERRED;


--
-- TOC entry 3308 (class 2606 OID 18440)
-- Name: auth_group_permissions auth_group_permissions_group_id_b120cbf9_fk_auth_group_id; Type: FK CONSTRAINT; Schema: public; Owner: -
--

ALTER TABLE ONLY public.auth_group_permissions
    ADD CONSTRAINT auth_group_permissions_group_id_b120cbf9_fk_auth_group_id FOREIGN KEY (group_id) REFERENCES public.auth_group(id) DEFERRABLE INITIALLY DEFERRED;


--
-- TOC entry 3306 (class 2606 OID 18431)
-- Name: auth_permission auth_permission_content_type_id_2f476e4b_fk_django_co; Type: FK CONSTRAINT; Schema: public; Owner: -
--

ALTER TABLE ONLY public.auth_permission
    ADD CONSTRAINT auth_permission_content_type_id_2f476e4b_fk_django_co FOREIGN KEY (content_type_id) REFERENCES public.django_content_type(id) DEFERRABLE INITIALLY DEFERRED;


--
-- TOC entry 3316 (class 2606 OID 18552)
-- Name: booking_booking booking_booking_parkingzone_id_af7769dc_fk_booking_p; Type: FK CONSTRAINT; Schema: public; Owner: -
--

ALTER TABLE ONLY public.booking_booking
    ADD CONSTRAINT booking_booking_parkingzone_id_af7769dc_fk_booking_p FOREIGN KEY (parkingzone_id) REFERENCES public.booking_parkingzone(id) DEFERRABLE INITIALLY DEFERRED;


--
-- TOC entry 3317 (class 2606 OID 18557)
-- Name: booking_booking booking_booking_user_id_e1eb6912_fk_booking_user_id; Type: FK CONSTRAINT; Schema: public; Owner: -
--

ALTER TABLE ONLY public.booking_booking
    ADD CONSTRAINT booking_booking_user_id_e1eb6912_fk_booking_user_id FOREIGN KEY (user_id) REFERENCES public.booking_user(id) DEFERRABLE INITIALLY DEFERRED;


--
-- TOC entry 3318 (class 2606 OID 26766)
-- Name: booking_fine booking_fine_booking_id_7a57c094_fk_booking_booking_id; Type: FK CONSTRAINT; Schema: public; Owner: -
--

ALTER TABLE ONLY public.booking_fine
    ADD CONSTRAINT booking_fine_booking_id_7a57c094_fk_booking_booking_id FOREIGN KEY (booking_id) REFERENCES public.booking_booking(id) DEFERRABLE INITIALLY DEFERRED;


--
-- TOC entry 3309 (class 2606 OID 26784)
-- Name: booking_parkingzone booking_parkingzone_owner_id_5d2b5596_fk_booking_user_id; Type: FK CONSTRAINT; Schema: public; Owner: -
--

ALTER TABLE ONLY public.booking_parkingzone
    ADD CONSTRAINT booking_parkingzone_owner_id_5d2b5596_fk_booking_user_id FOREIGN KEY (owner_id) REFERENCES public.booking_user(id) DEFERRABLE INITIALLY DEFERRED;


--
-- TOC entry 3319 (class 2606 OID 26805)
-- Name: booking_review booking_review_parking_id_9bec957a_fk_booking_parkingzone_id; Type: FK CONSTRAINT; Schema: public; Owner: -
--

ALTER TABLE ONLY public.booking_review
    ADD CONSTRAINT booking_review_parking_id_9bec957a_fk_booking_parkingzone_id FOREIGN KEY (parking_id) REFERENCES public.booking_parkingzone(id) DEFERRABLE INITIALLY DEFERRED;


--
-- TOC entry 3320 (class 2606 OID 26810)
-- Name: booking_review booking_review_user_id_bdcc59e4_fk_booking_user_id; Type: FK CONSTRAINT; Schema: public; Owner: -
--

ALTER TABLE ONLY public.booking_review
    ADD CONSTRAINT booking_review_user_id_bdcc59e4_fk_booking_user_id FOREIGN KEY (user_id) REFERENCES public.booking_user(id) DEFERRABLE INITIALLY DEFERRED;


--
-- TOC entry 3310 (class 2606 OID 18492)
-- Name: booking_user_groups booking_user_groups_group_id_cfde3d58_fk_auth_group_id; Type: FK CONSTRAINT; Schema: public; Owner: -
--

ALTER TABLE ONLY public.booking_user_groups
    ADD CONSTRAINT booking_user_groups_group_id_cfde3d58_fk_auth_group_id FOREIGN KEY (group_id) REFERENCES public.auth_group(id) DEFERRABLE INITIALLY DEFERRED;


--
-- TOC entry 3311 (class 2606 OID 18487)
-- Name: booking_user_groups booking_user_groups_user_id_1fdaace7_fk_booking_user_id; Type: FK CONSTRAINT; Schema: public; Owner: -
--

ALTER TABLE ONLY public.booking_user_groups
    ADD CONSTRAINT booking_user_groups_user_id_1fdaace7_fk_booking_user_id FOREIGN KEY (user_id) REFERENCES public.booking_user(id) DEFERRABLE INITIALLY DEFERRED;


--
-- TOC entry 3312 (class 2606 OID 18506)
-- Name: booking_user_user_permissions booking_user_user_pe_permission_id_69c0fd5d_fk_auth_perm; Type: FK CONSTRAINT; Schema: public; Owner: -
--

ALTER TABLE ONLY public.booking_user_user_permissions
    ADD CONSTRAINT booking_user_user_pe_permission_id_69c0fd5d_fk_auth_perm FOREIGN KEY (permission_id) REFERENCES public.auth_permission(id) DEFERRABLE INITIALLY DEFERRED;


--
-- TOC entry 3313 (class 2606 OID 18501)
-- Name: booking_user_user_permissions booking_user_user_pe_user_id_2c38ee1f_fk_booking_u; Type: FK CONSTRAINT; Schema: public; Owner: -
--

ALTER TABLE ONLY public.booking_user_user_permissions
    ADD CONSTRAINT booking_user_user_pe_user_id_2c38ee1f_fk_booking_u FOREIGN KEY (user_id) REFERENCES public.booking_user(id) DEFERRABLE INITIALLY DEFERRED;


--
-- TOC entry 3314 (class 2606 OID 18522)
-- Name: django_admin_log django_admin_log_content_type_id_c4bce8eb_fk_django_co; Type: FK CONSTRAINT; Schema: public; Owner: -
--

ALTER TABLE ONLY public.django_admin_log
    ADD CONSTRAINT django_admin_log_content_type_id_c4bce8eb_fk_django_co FOREIGN KEY (content_type_id) REFERENCES public.django_content_type(id) DEFERRABLE INITIALLY DEFERRED;


--
-- TOC entry 3315 (class 2606 OID 18527)
-- Name: django_admin_log django_admin_log_user_id_c564eba6_fk_booking_user_id; Type: FK CONSTRAINT; Schema: public; Owner: -
--

ALTER TABLE ONLY public.django_admin_log
    ADD CONSTRAINT django_admin_log_user_id_c564eba6_fk_booking_user_id FOREIGN KEY (user_id) REFERENCES public.booking_user(id) DEFERRABLE INITIALLY DEFERRED;


-- Completed on 2025-05-14 14:02:55

--
-- PostgreSQL database dump complete
--

